Mã chứng từ,Ngày,Loại,Mã hàng,Tên hàng,Đvt,Số lượng,Đơn giá,Thành tiền,Đối tượng,Dạng đối tượng,Tài khoản,,
HD0110-007,01/10/2025,Xuất,SP000069,Cá Cờ Kiếm Saku,kg,"2,2",280.000,616.000,CT TNHH VIETART F&B,NH,TK KN,,
HD0110-007,01/10/2025,Xuất,SP000004,tuna saku,kg,"35,1",270.000,9.477.000,CT TNHH VIETART F&B,NH,TK KN,,
HD0110-008,01/10/2025,Xuất,SP000008,Râu bạch tuộc,kg,"1,0",300.000,300.000,NH UNI SUSHI,NH,TK KN,,
HD0110-008,01/10/2025,Xuất,SP000284,Tôm Thẻ Lột,kg,"1,1",320.000,352.000,NH UNI SUSHI,NH,TK KN,,
HD0110-008,01/10/2025,Xuất,SP000282,Bánh Takoyaki,kg,"2,0",100.000,200.000,NH UNI SUSHI,NH,TK KN,,
HD0110-008,01/10/2025,Xuất,SP000050,Tuna Saku A,kg,"2,0",350.000,700.000,NH UNI SUSHI,NH,TK KN,,
HD0110-009,01/10/2025,Xuất,SP000073,Vẹm Xanh Tách Vỏ ( PE),kg,"50,0",86.000,4.300.000,CT TNHH SƠN MAI VỊ BIỂN (MR NGỌC-NHA TRANG),NPP,TK KN,,
HD0110-010,01/10/2025,Xuất,SP000050,Tuna Saku A,kg,"6,0",375.000,2.250.000,MR THIÊN SS- NHA TRANG,NH,TK KN,,
HD0110-010,01/10/2025,Xuất,SP000069,Cá Cờ Kiếm Saku,kg,"4,3",270.000,1.161.000,MR THIÊN SS- NHA TRANG,NH,TK KN,,
HD0110-011,01/10/2025,Xuất,SP000227,Trứng Nhum AA 200g/khay,kg,"0,4",1.350.000,540.000,MR LEE MINH HEO - HN,KL,TK KN,,
HD0110-012,01/10/2025,Xuất,SP000001,Bạch tuộc tako,kg,"6,8",330.000,2.230.800,MS TUYỀN- THỦ ĐỨC,KL,TK KN,,
HD0110-012,01/10/2025,Xuất,SP000035,Phí Vận Chuyển,Lần,"1,0",50.000,50.000,MS TUYỀN- THỦ ĐỨC,KL,TK KN,,
HD0110-013,01/10/2025,Xuất,SP000001,Bạch tuộc tako,kg,"3,7",360.000,1.314.000,NH YAKI YUM - NGUYỄN VĂN LỘC,NH,TK KN,,
HD0110-014,01/10/2025,Xuất,SP000077,Mực Nang sushi Sashimi (160g/ khay),khay,"10,0",110.250,1.102.500,"CT TNHH TISM & CO ( MR NAM- LA THÀNH,HN)",NH,TK KN,,
HD0110-015,01/10/2025,Xuất,SP000151,Loin lườn kiếm,kg,"6,4",294.000,1.881.600,CT LÊ GiA (MINORI CS2),NH,TK KN,,
PN0110-025,01/10/2025,Nhập,SP000002,Bạch tuộc tươi,kg,"16,2",135.000,2.187.000,NCC BÉ TÂN - VĨNH LƯƠNG,NCC,TK Nợ NCC,,14
PN0110-025,01/10/2025,Nhập,sp000002-1,Bạch tuộc tươi (hàng đỏ),kg,"8,1",130.000,1.053.000,NCC BÉ TÂN - VĨNH LƯƠNG,NCC,TK Nợ NCC,,24
PN0110-026,01/10/2025,Nhập,SP000095,Nhum nguyên con (đvt: con),con,"400,0",4.000,1.600.000,NCC NHUM ĐEN - QUANH BÙI,NCC,TK Nợ NCC,,
HD0110-028,01/10/2025,Xuất,SP000041,Kiếm steak,kg,"50,0",101.850,5.092.500,CT TNHH VẠN QUANG FOOD,NPP,TK KN,,10
HD0110-028,01/10/2025,Xuất,SP000035,Phí Vận Chuyển,Lần,"1,0",150.000,150.000,CT TNHH VẠN QUANG FOOD,NPP,TK KN,,
HD0110-029,01/10/2025,Xuất,SP000227,Trứng Nhum AA 200g/khay,kg,"5,0",1.250.000,6.250.000,MR TOÀN - ĐÀ NẴNG,KL,TK KN,,
HD0110-029,01/10/2025,Xuất,SP000035,Phí Vận Chuyển,Lần,"1,0",100.000,100.000,MR TOÀN - ĐÀ NẴNG,KL,TK KN,,
HD0110-030,01/10/2025,Xuất,SP000010,Chả cá,kg,"120,0",68.000,8.160.000,CT TNHH MTV ĐẠT PHÚ NGUYÊN,NPP,TK KN,,
HD0110-030,01/10/2025,Xuất,SP000095,Nhum nguyên con (đvt: con),con,"400,0",5.500,2.200.000,CT TNHH MTV ĐẠT PHÚ NGUYÊN,NPP,TK KN,,
HD0210-001,01/10/2025,Xuất,SP000001,Bạch tuộc tako,kg,"1,3",290.000,362.500,CT TNHH NH NAM SAN F&B (SUSHI NOWZOON),NH,TK KN,,
HD0210-001,01/10/2025,Xuất,SP000050,Tuna Saku A,kg,"3,1",390.000,1.209.000,CT TNHH NH NAM SAN F&B (SUSHI NOWZOON),NH,TK KN,,
HD0210-001,01/10/2025,Xuất,SP000006,Nang roll,kg,"1,0",380.000,380.000,CT TNHH NH NAM SAN F&B (SUSHI NOWZOON),NH,TK KN,,
HD0210-001,01/10/2025,Xuất,SP000001,Bạch tuộc tako,kg,"1,4",280.000,394.800,MR THUẬN- SG (NOWZOON),KL,TK KN,,
HD0210-001,01/10/2025,Xuất,SP000050,Tuna Saku A,kg,"0,5",390.000,195.000,MR THUẬN- SG (NOWZOON),KL,TK KN,,
PN0210-001,01/10/2025,Nhập,SP0000083,Nhum nguyên liệu (đvt: con),con,"414,0",39.000,16.146.000,NCC KIM DUNG - NINH HÒA,NCC,TK Nợ NCC,,
PN0210-001,01/10/2025,Nhập,SP000002,Bạch tuộc tươi,kg,"16,7",150.000,2.505.000,NCC KIM DUNG - NINH HÒA,NCC,TK Nợ NCC,,
PN0210-001,01/10/2025,Nhập,SP000010,Chả cá,kg,"360,0",56.000,20.160.000,NCC CHẢ CÁ - CHỊ TUYẾT SƯƠNG - PY,NCC,TK Nợ NCC,,
PN0210-001,01/10/2025,Nhập,SP0000100,Nhum hũ,kg,"9,6",820.000,7.872.000,NCC NGUYỄN THỊ THU - PHÚ QUÝ,NCC,TK Nợ NCC,,
PN0210-001,01/10/2025,Nhập,SP000002,Bạch tuộc tươi,kg,"61,0",130.000,7.930.000,NCC NGUYỄN THỊ THU - PHÚ QUÝ,NCC,TK Nợ NCC,,
PN0210-001,01/10/2025,Nhập,SP000041,Kiếm steak,kg,"100,0",85.000,8.500.000,CT TRƯỜNG THẢO - PY (TRƯỜNG),NCC,TK Nợ NCC,TRUE,
HD0210-001,02/10/2025,Xuất,SP000227,Trứng Nhum AA 200g/khay,kg,"3,0",1.200.000,3.600.000,CT CP DV TM HADU,NH,TK KN,,
HD0210-002,02/10/2025,Xuất,SP000001,Bạch tuộc tako,kg,"26,7",320.000,8.544.000,MR LƯỢNG - BẮC NINH,NH,TK KN,,
HD0210-003,02/10/2025,Xuất,HAUHYOGO-M,Hàu Nhật Hyogo đông lạnh nguyên vỏ size M (9-11 con/kg),kg,"2,0",215.000,430.000,NH UNI SUSHI,NH,TK KN,,
HD0210-003,02/10/2025,Xuất,SP000176,Bạch tuộc LSNC 30-50,kg,"1,0",50.000,50.000,NH UNI SUSHI,NH,TK KN,,
HD0210-003,02/10/2025,Xuất,SP000069,Cá Cờ Kiếm Saku,kg,"1,3",220.000,286.000,NH UNI SUSHI,NH,TK KN,,
HD0210-004,02/10/2025,Xuất,SP000001,Bạch tuộc tako,kg,"9,4",320.760,3.015.144,CT TNHH NGUYÊN PHƯƠNG,NPP,TK KN,,
HD0210-004,02/10/2025,Xuất,SP000001,Bạch tuộc tako,kg,"39,3",339.120,13.327.416,CT TNHH NGUYÊN PHƯƠNG,NPP,TK KN,,
HD0210-005,02/10/2025,Xuất,SP000002,Bạch tuộc tươi,kg,"30,5",162.750,4.963.875,CT TNHH MTV TM DV HH TP PHÚ QUỐC (ANH THỰC-PQ),NPP,TK KN,,
HD0210-006,02/10/2025,Xuất,SP000002,Bạch tuộc tươi,kg,"110,7",170.000,18.819.000,CT TNHH ĐT TS PHÚ THỊNH,NPP,TK KN,,
HD0210-007,02/10/2025,Xuất,SP000137,Tako mix,kg,"20,0",130.000,2.600.000,MS LÌ - SÀI GÒN,KL,TK KN,,
HD0210-008,02/10/2025,Xuất,SP000050,Tuna Saku A,kg,"20,0",360.000,7.200.000,MS GIANG- CẦN THƠ,KL,TK KN,,
HD0210-008,02/10/2025,Xuất,SP000035,Phí Vận Chuyển,Lần,"1,0",100.000,100.000,MS GIANG- CẦN THƠ,KL,TK KN,,
HD0210-009,02/10/2025,Xuất,SP0000131,Mực Nang Lớn,kg,"133,9",190.000,25.441.000,CT TNHH MTV ĐẠT PHÚ NGUYÊN,NPP,TK KN,,
HD0210-009,02/10/2025,Xuất,SP000010,Chả cá,kg,"120,0",68.000,8.160.000,CT TNHH MTV ĐẠT PHÚ NGUYÊN,NPP,TK KN,,
PN0310-001,02/10/2025,Nhập,SP000041,Kiếm steak,kg,"120,0",85.000,10.200.000,CT TRƯỜNG THẢO - PY (TRƯỜNG),NCC,TK Nợ NCC,,
PN0310-001,02/10/2025,Nhập,SP000002,Bạch tuộc tươi,kg,"53,3",152.000,8.101.600,NCC BT - ANH TỚI - PHÚ QUÝ,NCC,TK Nợ NCC,,
PN0310-001,02/10/2025,Nhập,sp000002-1,Bạch tuộc tươi (hàng đỏ),kg,"7,5",150.000,1.125.000,NCC BT - ANH TỚI - PHÚ QUÝ,NCC,TK Nợ NCC,,
PN0310-001,02/10/2025,Nhập,SP000094,Bạch tuộc tươi size 1up,kg,"4,3",110.000,473.000,NCC BT - ANH TỚI - PHÚ QUÝ,NCC,TK Nợ NCC,,
PN0310-001,02/10/2025,Nhập,SP000089,Bạch tuộc tươi size 0.5-1kg,kg,"0,9",100.000,90.000,NCC BT - ANH TỚI - PHÚ QUÝ,NCC,TK Nợ NCC,,
PN0310-001,02/10/2025,Nhập,SP0000100,Nhum hũ,kg,"9,5",1.050.000,9.975.000,NCC NHUM - SON - NINH HÒA,NCC,TK Nợ NCC,,
PN0310-001,02/10/2025,Nhập,SP000002,Bạch tuộc tươi,kg,"14,9",150.000,2.235.000,NCC NHUM - SON - NINH HÒA,NCC,TK Nợ NCC,,
PN0310-001,02/10/2025,Nhập,sp000002-1,Bạch tuộc tươi (hàng đỏ),kg,"2,1",140.000,294.000,NCC NHUM - SON - NINH HÒA,NCC,TK Nợ NCC,,
PN0310-001,02/10/2025,Nhập,SP000094,Bạch tuộc tươi size 1up,kg,"1,4",105.000,147.000,NCC NHUM - SON - NINH HÒA,NCC,TK Nợ NCC,,
PN0310-001,02/10/2025,Nhập,SP0000083,Nhum nguyên liệu (đvt: con),con,"525,0",39.000,20.475.000,NCC KIM DUNG - NINH HÒA,NCC,TK Nợ NCC,,
PN0310-001,02/10/2025,Nhập,SP000002,Bạch tuộc tươi,kg,"2,5",150.000,375.000,NCC KIM DUNG - NINH HÒA,NCC,TK Nợ NCC,,
PN0410-001,02/10/2025,Nhập,SP000227,Trứng Nhum AA 200g/khay,kg,"36,0",940.000,33.840.000,HOÀNG THỊ THÚY - HÒN RỚ (CÔ THỦY),NCC,TK Nợ NCC,,
HD0310-001,03/10/2025,Xuất,SP000008,Râu bạch tuộc,kg,"3,0",345.600,1.036.800,CT TNHH NGUYÊN PHƯƠNG,NPP,TK KN,,
HD0310-001,03/10/2025,Xuất,SP000001,Bạch tuộc tako,kg,"14,9",320.760,4.779.324,CT TNHH NGUYÊN PHƯƠNG,NPP,TK KN,,
HD0310-002,03/10/2025,Xuất,NHUMVUN,Nhum vụn,kg,"2,0",250.000,500.000,CT CP DV TM HADU,NH,TK KN,,
HD0310-002,03/10/2025,Xuất,SP0000121,Cá Hồng Biển,kg,"3,8",290.000,1.102.000,CT CP DV TM HADU,NH,TK KN,,
PN0310-004,03/10/2025,Nhập,SP000002,Bạch tuộc tươi,kg,"22,1",152.000,3.359.200,NCC BT - ANH TỚI - PHÚ QUÝ,NCC,TK Nợ NCC,,
PN0310-004,03/10/2025,Nhập,sp000002-1,Bạch tuộc tươi (hàng đỏ),kg,"4,9",150.000,735.000,NCC BT - ANH TỚI - PHÚ QUÝ,NCC,TK Nợ NCC,,
PN0310-004,03/10/2025,Nhập,SP000094,Bạch tuộc tươi size 1up,kg,"3,3",110.000,363.000,NCC BT - ANH TỚI - PHÚ QUÝ,NCC,TK Nợ NCC,,
HD0410-001,03/10/2025,Xuất,SP000159,Rẻo cá cờ kiếm,kg,"75,0",35.000,2.625.000,MR TRƯỜNG SSM - PY,KL,TK KN,,
HD0410-001,03/10/2025,Xuất,SP000001,Bạch tuộc tako,kg,"19,2",310.000,5.952.000,MR TRƯỜNG SSM - PY,KL,TK KN,,
HD0410-001,03/10/2025,Xuất,SP000040,Bạch Tuộc Tako nhỏ,kg,"8,9",240.000,2.136.000,MS MAI TRINH- ĐÀ NẴNG,KL,TK KN,,
HD0410-001,03/10/2025,Xuất,SP000035,Phí Vận Chuyển,Lần,"1,0",50.000,50.000,MS MAI TRINH- ĐÀ NẴNG,KL,TK KN,,
HD0410-001,03/10/2025,Xuất,SP000001,Bạch tuộc tako,kg,"49,7",310.000,15.407.000,CT GREENGOOD,NPP,TK KN,,
HD0410-001,03/10/2025,Xuất,SP0000224,Mực Nang 500-800,kg,"42,4",188.000,7.971.200,CT TNHH MTV ĐẠT PHÚ NGUYÊN,NPP,TK KN,,
HD0410-001,03/10/2025,Xuất,SP000009-2,Tuna loin 3-5,kg,"49,3",163.000,8.035.900,CT TNHH MTV ĐẠT PHÚ NGUYÊN,NPP,TK KN,,
HD0410-001,03/10/2025,Xuất,SP000001,Bạch tuộc tako,kg,"42,3",290.000,12.267.000,CT TNHH MTV ĐẠT PHÚ NGUYÊN,NPP,TK KN,,
HD0410-001,03/10/2025,Xuất,SP000007,Trứng nhum AB 200g/khay,kg,"60,0",1.000.000,60.000.000,CT TNHH OCEAN LINK VIỆT NHẬT,NPP,TK KN,,
HD0410-001,03/10/2025,Xuất,SP000007,Trứng nhum AB 200g/khay,kg,"140,0",1.230.000,172.200.000,CT TNHH OCEAN LINK VIỆT NHẬT,NPP,TK KN,,
HD0410-001,03/10/2025,Xuất,SP000227,Trứng Nhum AA 200g/khay,kg,"10,0",1.230.000,12.300.000,CT TNHH OCEAN LINK VIỆT NHẬT,NPP,TK KN,,
PN0410-001,03/10/2025,Nhập,SP000002,Bạch tuộc tươi,kg,"76,9",140.000,10.766.000,NCC CHỊ HỒNG CHÂU - HÒN RỚ,NCC,TK Nợ NCC,,
PN0410-001,03/10/2025,Nhập,SP000095,Nhum nguyên con (đvt: con),con,"600,0",3.000,1.800.000,NCC NHUM ĐEN - NGUYỄN THỊ PHÚC,NCC,TK Nợ NCC,,
PN0410-001,03/10/2025,Nhập,SP000007,Trứng nhum AB 200g/khay,kg,"32,0",650.000,20.800.000,NCC NHUM - KIM LOAN - NINH THUẬN,NCC,TK Nợ NCC,,
PN0410-001,03/10/2025,Nhập,SP000007,Trứng nhum AB 200g/khay,kg,"14,8",900.000,13.320.000,NCC NHUM - KIM LOAN - NINH THUẬN,NCC,TK Nợ NCC,,
PN0410-001,03/10/2025,Nhập,SP000007,Trứng nhum AB 200g/khay,kg,"27,7",620.000,17.149.200,NCC NHUM - ĐỖ THỊ ÁNH - PHÚ QUÝ,NCC,TK Nợ NCC,,
PN0410-001,03/10/2025,Nhập,SP000007,Trứng nhum AB 200g/khay,kg,"7,8",750.000,5.850.000,NCC NHUM - ĐỖ THỊ ÁNH - PHÚ QUÝ,NCC,TK Nợ NCC,,
PN0410-001,03/10/2025,Nhập,SP000002,Bạch tuộc tươi,kg,"288,7",135.000,38.974.500,NCC CHỊ HOA - HÒN RỚ,NCC,TK Nợ NCC,,
PN0410-001,03/10/2025,Nhập,sp000002-1,Bạch tuộc tươi (hàng đỏ),kg,"34,5",130.000,4.485.000,NCC CHỊ HOA - HÒN RỚ,NCC,TK Nợ NCC,,
HD0310-003,04/10/2025,Xuất,SP000128,sụn xương cá kiếm,kg,"25,4",40.000,1.016.000,CT TNHH SX-TM THIÊN ÂN PHÁT (MR ĐỖ XUÂN-NT),KL,TK KN,,
PN0410-001,04/10/2025,Nhập,SP0000121,Cá Hồng Biển,kg,"4,9",180.000,873.000,NCC CÁ TƯƠI - CHỊ XUÂN PHƯƠNG - QN,NCC,TK Nợ NCC,,
PN0410-001,04/10/2025,Nhập,SP0000236,Cá Tai,kg,"13,2",125.000,1.650.000,NCC CÁ TƯƠI - CHỊ XUÂN PHƯƠNG - QN,NCC,TK Nợ NCC,,
PN0410-001,04/10/2025,Nhập,SP000035,Phí Vận Chuyển,Lần,"2,0",130.000,260.000,NCC CÁ TƯƠI - CHỊ XUÂN PHƯƠNG - QN,NCC,TK Nợ NCC,,
PN0410-002,04/10/2025,Nhập,SP000002,Bạch tuộc tươi,kg,"372,0",140.000,52.080.000,NCC CHỊ TRANG - HÒN XỆN,NCC,TK Nợ NCC,,
PN0410-003,04/10/2025,Nhập,SP0000024,Tuna loin tươi,kg,"170,1",220.000,37.422.000,NCC VÕ THỊ Ý - TAM QUAN,NCC,TK Nợ NCC,,
PN0410-004,04/10/2025,Nhập,SP0000024,Tuna loin tươi,kg,"198,9",220.000,43.758.000,CT DƯƠNG TUẤN PHÁT - TAM QUAN (THÚY),NCC,TK Nợ NCC,,
PN0410-005,04/10/2025,Nhập,SP0000024,Tuna loin tươi,kg,"162,6",220.000,35.772.000,CT VIỆT ORGANIC - TAM QUAN,NCC,TK Nợ NCC,,
HD0410-043,04/10/2025,Xuất,SP000050,Tuna Saku A,kg,"5,0",409.500,2.047.500,CT TNHH ĐT NGỌC THỊNH PHÁT (MR TÌNH),NH,TK KN,,
HD0410-044,04/10/2025,Xuất,SP000279,Ngao Bộp Tím nguyên con,kg,"5,0",40.000,200.000,NH UNI SUSHI,NH,TK KN,,
HD0410-044,04/10/2025,Xuất,SP000008,Râu bạch tuộc,kg,"1,2",300.000,360.000,NH UNI SUSHI,NH,TK KN,,
HD0410-044,04/10/2025,Xuất,SP000050,Tuna Saku A,kg,"3,0",350.000,1.050.000,NH UNI SUSHI,NH,TK KN,,
HD0410-044,04/10/2025,Xuất,SP000176,Bạch tuộc LSNC 30-50,kg,"2,0",50.000,100.000,NH UNI SUSHI,NH,TK KN,,
HD0410-044,04/10/2025,Xuất,SP000282,Bánh Takoyaki,kg,"1,0",100.000,100.000,NH UNI SUSHI,NH,TK KN,,
HD0410-045,04/10/2025,Xuất,SP000069,Cá Cờ Kiếm Saku,kg,"11,8",278.250,3.283.350,CT CP QL KS VÀ KND LYNN TIMES (MR ĐINH ĐỒNG),NH,TK KN,,
HD0410-045,04/10/2025,Xuất,SP000004,tuna saku,kg,"8,3",288.750,2.396.625,CT CP QL KS VÀ KND LYNN TIMES (MR ĐINH ĐỒNG),NH,TK KN,,
HD0410-046,04/10/2025,Xuất,SP000227,Trứng Nhum AA 200g/khay,kg,"0,8",1.350.000,1.080.000,MR LEE MINH HEO - HN,KL,TK KN,,
HD0410-048,04/10/2025,Xuất,SP0000236,Cá Tai,kg,"13,2",215.000,2.838.000,MR VÕ CẢNH-HCM,NH,TK KN,,
HD0410-049,04/10/2025,Xuất,SP0000121,Cá Hồng Biển,kg,"4,9",320.000,1.552.000,NH KYOBASHI IZAKAYA- SG,NH,TK KN,,
HD0410-050,04/10/2025,Xuất,SP000069,Cá Cờ Kiếm Saku,kg,"1,5",280.000,425.600,NH SUSHI MINH - SG,NH,TK KN,,
HD0410-050,04/10/2025,Xuất,SP000035,Phí Vận Chuyển,Lần,"1,0",50.000,50.000,NH SUSHI MINH - SG,NH,TK KN,,
HD0410-051,04/10/2025,Xuất,SP000069,Cá Cờ Kiếm Saku,kg,"0,6",395.000,237.000,CT TNHH NH NAM SAN F&B (SUSHI NOWZOON),NH,TK KN,,
HD0410-051,04/10/2025,Xuất,SP000001,Bạch tuộc tako,kg,"2,8",290.000,803.300,CT TNHH NH NAM SAN F&B (SUSHI NOWZOON),NH,TK KN,,
HD0410-051,04/10/2025,Xuất,SP000050,Tuna Saku A,kg,"2,1",390.000,826.800,CT TNHH NH NAM SAN F&B (SUSHI NOWZOON),NH,TK KN,,
HD0410-051,04/10/2025,Xuất,SP000006,Nang roll,kg,"2,0",380.000,760.000,CT TNHH NH NAM SAN F&B (SUSHI NOWZOON),NH,TK KN,,
HD0410-052,04/10/2025,Xuất,SP000001,Bạch tuộc tako,kg,"1,1",0,0,NH BABABA-PHÚ QUỐC,NH,TK KN,,
HD0410-052,04/10/2025,Xuất,SP000001,Bạch tuộc tako,kg,"19,7",325.000,6.402.500,NH BABABA-PHÚ QUỐC,NH,TK KN,,
HD0410-052,04/10/2025,Xuất,SP000035,Phí Vận Chuyển,Lần,"1,0",150.000,150.000,NH BABABA-PHÚ QUỐC,NH,TK KN,,
HD0410-052,04/10/2025,Xuất,SP000004,tuna saku,kg,"30,2",275.000,8.305.000,NH BABABA-PHÚ QUỐC,NH,TK KN,,
HD0810-001,05/10/2025,Xuất,SP000001,Bạch tuộc tako,kg,"44,1",315.000,13.891.500,CT TNHH GINKAKU ( MS THIÊN TRANG),NH,TK KN,,
HD0810-001,05/10/2025,Xuất,SP000004,tuna saku,kg,"40,2",235.000,9.447.000,CT TNHH MTV ĐẠT PHÚ NGUYÊN,NPP,TK KN,,
HD0810-001,05/10/2025,Xuất,SP000095,Nhum nguyên con (đvt: con),con,"615,0",5.500,3.382.500,CT TNHH MTV ĐẠT PHÚ NGUYÊN,NPP,TK KN,,
HD0810-001,05/10/2025,Xuất,SP000041,Kiếm steak,kg,"100,0",105.000,10.500.000,CT TNHH MTV ĐẠT PHÚ NGUYÊN,NPP,TK KN,,
HD0810-001,05/10/2025,Xuất,SP0000224,Mực Nang 500-800,kg,"23,4",188.000,4.399.200,CT TNHH MTV ĐẠT PHÚ NGUYÊN,NPP,TK KN,,
HD0810-001,05/10/2025,Xuất,SP0000131,Mực nang lớn,kg,"38,0",190.000,7.220.000,CT TNHH MTV ĐẠT PHÚ NGUYÊN,NPP,TK KN,,
HD0810-001,05/10/2025,Xuất,SP000007,Trứng nhum AB 200g/khay,kg,"0,6",900.000,540.000,CT TNHH MTV ĐẠT PHÚ NGUYÊN,NPP,TK KN,,
HD0810-001,05/10/2025,Xuất,SP000118,chả cá hấp,kg,"55,0",71.000,3.905.000,CT TNHH MTV ĐẠT PHÚ NGUYÊN,NPP,TK KN,,
HD0810-001,05/10/2025,Xuất,SP000010,Chả cá,kg,"120,0",68.000,8.160.000,CT TNHH MTV ĐẠT PHÚ NGUYÊN,NPP,TK KN,,
PN0810-002,05/10/2025,Nhập,SP000118,chả cá hấp,kg,"180,0",62.000,11.160.000,NCC CHẢ CÁ - TRÍ - Py,NCC,TK Nợ NCC,,
PN0810-002,05/10/2025,Nhập,SP000002,Bạch tuộc tươi,kg,"2,1",150.000,315.000,NCC KIM DUNG - NINH HÒA,NCC,TK Nợ NCC,,
PN0810-002,05/10/2025,Nhập,SP0000083,Nhum nguyên liệu (đvt: con),con,"283,0",39.000,11.037.000,NCC KIM DUNG - NINH HÒA,NCC,TK Nợ NCC,,
PN0810-002,05/10/2025,Nhập,sp000002-1,Bạch tuộc tươi (hàng đỏ),kg,"32,5",130.000,4.225.000,NCC BÉ TÂN - VĨNH LƯƠNG,NCC,TK Nợ NCC,,
PN0810-002,05/10/2025,Nhập,SP000002,Bạch tuộc tươi,kg,"66,8",135.000,9.018.000,NCC BÉ TÂN - VĨNH LƯƠNG,NCC,TK Nợ NCC,,
PN0810-002,05/10/2025,Nhập,SP000045,Bạch tuộc tươi size 1.5-2kg,kg,"3,8",100.000,380.000,NCC BT - ANH TỚI - PHÚ QUÝ,NCC,TK Nợ NCC,,
PN0810-002,05/10/2025,Nhập,sp000002-1,Bạch tuộc tươi (hàng đỏ),kg,"31,5",150.000,4.725.000,NCC BT - ANH TỚI - PHÚ QUÝ,NCC,TK Nợ NCC,,
PN0810-002,05/10/2025,Nhập,SP000094,Bạch tuộc tươi size 1up,kg,"9,1",110.000,1.001.000,NCC BT - ANH TỚI - PHÚ QUÝ,NCC,TK Nợ NCC,,
PN0810-002,05/10/2025,Nhập,SP000002,Bạch tuộc tươi,kg,"48,2",152.000,7.326.400,NCC BT - ANH TỚI - PHÚ QUÝ,NCC,TK Nợ NCC,,
PN0810-002,05/10/2025,Nhập,SP0000024,Tuna loin tươi,kg,"164,1",220.000,36.102.000,NCC VÕ THỊ Ý - TAM QUAN,NCC,TK Nợ NCC,,
PN0810-002,05/10/2025,Nhập,SP000057,Kiếm Nguyên Con,kg,"317,3",87.000,27.605.100,CT DƯƠNG TUẤN PHÁT - TAM QUAN (THÚY),NCC,TK Nợ NCC,,
PN0810-002,05/10/2025,Nhập,SP0000024,Tuna loin tươi,kg,"200,5",220.000,44.110.000,CT DƯƠNG TUẤN PHÁT - TAM QUAN (THÚY),NCC,TK Nợ NCC,,
HD0810-001,06/10/2025,Xuất,SP000008,Râu bạch tuộc,kg,"6,1",340.000,2.074.000,MR ĐỊNH- NHA TRANG,KL,TK KN,,
HD0810-001,06/10/2025,Xuất,SP000050,Tuna Saku A,kg,"10,0",380.000,3.800.000,MR ĐỊNH- NHA TRANG,KL,TK KN,,
HD0810-001,06/10/2025,Xuất,SP000001,Bạch tuộc tako,kg,"30,3",315.000,9.544.500,CT TNHH GINKAKU ( MS THIÊN TRANG),NH,TK KN,,
HD0810-001,06/10/2025,Xuất,SP000227,Trứng Nhum AA 200g/khay,kg,"3,0",1.230.000,3.690.000,CT TNHH TP NHẬT KOTO (MR KIÊN- HL),NPP,TK KN,,
HD0810-001,06/10/2025,Xuất,SP000050,Tuna Saku A,kg,"15,0",360.000,5.400.000,CT TNHH TP NHẬT KOTO (MR KIÊN- HL),NPP,TK KN,,
HD0810-001,06/10/2025,Xuất,SP000077,Mực Nang sushi Sashimi (160g/ khay),khay,"10,0",110.250,1.102.500,"CT TNHH TISM & CO ( MR NAM- LA THÀNH,HN)",NH,TK KN,,
HD0810-001,06/10/2025,Xuất,SP000271,Trứng nhum tươi,kg,"1,0",1.732.500,1.732.500,CT MARUSEI - SG,NPP,TK KN,,
HD0810-001,06/10/2025,Xuất,SP000035,phí vận chuyển,Lần,"1,0",150.000,150.000,MS GIANG- CẦN THƠ,KL,TK KN,,
HD0810-001,06/10/2025,Xuất,SP000069,Cá Cờ Kiếm Saku,kg,"10,1",240.000,2.424.000,MS GIANG- CẦN THƠ,KL,TK KN,,
HD0810-001,06/10/2025,Xuất,SP000050,Tuna Saku A,kg,"30,0",360.000,10.800.000,MS GIANG- CẦN THƠ,KL,TK KN,,
HD0810-001,06/10/2025,Xuất,SP000128,sụn xương cá kiếm,kg,"6,2",40.000,248.000,MR HOÀNG - NHA TRANG,KL,TK KN,,
HD0810-001,06/10/2025,Xuất,SP000077,Mực Nang sushi Sashimi (160g/ khay),khay,"10,0",105.000,1.050.000,"MR DUY - VĂN CAO, HN",KL,TK KN,,
HD0810-001,06/10/2025,Xuất,SP000035,phí vận chuyển,Lần,"1,0",150.000,150.000,MR TRÌNH - SG,KL,TK KN,,
HD0810-001,06/10/2025,Xuất,SP000010,Chả cá,kg,"10,0",90.000,900.000,MR TRÌNH - SG,KL,TK KN,,
HD0810-001,06/10/2025,Xuất,SP000050,Tuna Saku A,kg,"5,0",390.000,1.950.000,MR ĐÔNG - PHÚ QUỐC,NH,TK KN,,
HD0810-001,06/10/2025,Xuất,SP000035,phí vận chuyển,Lần,"1,0",250.000,250.000,CT TNHH VẠN QUANG FOOD,NPP,TK KN,,
HD0810-001,06/10/2025,Xuất,SP000001,Bạch tuộc tako,kg,"20,1",329.400,6.620.940,CT TNHH VẠN QUANG FOOD,NPP,TK KN,,
HD0810-001,06/10/2025,Xuất,SP000004,tuna saku,kg,"30,1",237.300,7.142.730,CT TNHH VẠN QUANG FOOD,NPP,TK KN,,
HD0810-001,06/10/2025,Xuất,HAUHYOGO-M,Hàu Nhật Hyogo đông lạnh nguyên vỏ size M (9-11 con/kg),kg,"2,0",215.000,430.000,NH UNI SUSHI,NH,TK KN,,
HD0810-001,06/10/2025,Xuất,SP000069,Cá Cờ Kiếm Saku,kg,"2,0",220.000,440.000,NH UNI SUSHI,NH,TK KN,,
HD0810-001,06/10/2025,Xuất,SP000050,Tuna Saku A,kg,"2,0",350.000,700.000,NH UNI SUSHI,NH,TK KN,,
HD0810-001,06/10/2025,Xuất,SP000176,Bạch tuộc LSNC 30-50,kg,"3,0",50.000,150.000,NH UNI SUSHI,NH,TK KN,,
HD0810-001,06/10/2025,Xuất,SP000284,Tôm Thẻ Lột,kg,"0,6",320.000,192.000,NH UNI SUSHI,NH,TK KN,,
HD0810-001,06/10/2025,Xuất,SP000279,Ngao Bộp Tím nguyên con,kg,"3,0",40.000,120.000,NH UNI SUSHI,NH,TK KN,,
HD0810-001,06/10/2025,Xuất,SP000050,Tuna Saku A,kg,"10,1",393.750,3.976.875,CT TNHH SAKURA SUSHI,NH,TK KN,,
HD0810-001,06/10/2025,Xuất,SP000069,Cá Cờ Kiếm Saku,kg,"5,1",283.500,1.445.850,CT TNHH SAKURA SUSHI,NH,TK KN,,
HD0810-001,06/10/2025,Xuất,SP000008,Râu bạch tuộc,kg,"5,0",360.000,1.800.000,"MS MINH TRANG- 81/2 HOÀNG DIỆU, NHA TRANG",KL,TK KN,,
HD0810-001,06/10/2025,Xuất,SP000001,Bạch tuộc tako,kg,"73,4",339.120,24.891.408,CT TNHH NGUYÊN PHƯƠNG,NPP,TK KN,,
HD0810-001,06/10/2025,Xuất,SP000137,Tako mix,kg,"20,0",130.000,2.600.000,MS THANH THẢO- SG,KL,TK KN,,
HD0810-001,06/10/2025,Xuất,SP000010,Chả cá,kg,"40,0",91.350,3.654.000,CT TNHH XK & NK AN PHÚ (HSX 55 MỄ TRÌ),KL,TK KN,,
HD0810-001,06/10/2025,Xuất,SP000095,Nhum nguyên con (đvt: con),con,"615,0",5.500,3.382.500,CT TNHH MTV ĐẠT PHÚ NGUYÊN,NPP,TK KN,,
PN0810-002,06/10/2025,Nhập,SP0000083,Nhum nguyên liệu (đvt: con),con,"77,0",39.000,3.003.000,NCC KIM DUNG - NINH HÒA,NCC,TK Nợ NCC,,
PN0810-002,06/10/2025,Nhập,SP000094,Bạch tuộc tươi size 1up,kg,"1,1",105.000,115.500,NCC NHUM - SON - NINH HÒA,NCC,TK Nợ NCC,,
PN0810-002,06/10/2025,Nhập,SP000002,Bạch tuộc tươi,kg,"19,8",150.000,2.970.000,NCC NHUM - SON - NINH HÒA,NCC,TK Nợ NCC,,
PN0810-002,06/10/2025,Nhập,SP0000100,Nhum hũ,kg,"6,9",1.050.000,7.245.000,NCC NHUM - SON - NINH HÒA,NCC,TK Nợ NCC,,
PN0810-002,06/10/2025,Nhập,SP000089,Bạch tuộc tươi size 0.5-1kg,kg,"22,4",90.000,2.016.000,NCC NHUM - KIM LOAN - NINH THUẬN,NCC,TK Nợ NCC,,
PN0810-002,06/10/2025,Nhập,SP000094,Bạch tuộc tươi size 1up,kg,"52,2",120.000,6.264.000,NCC NHUM - KIM LOAN - NINH THUẬN,NCC,TK Nợ NCC,,
PN0810-002,06/10/2025,Nhập,SP000002,Bạch tuộc tươi,kg,"56,4",125.000,7.050.000,NCC NHUM - KIM LOAN - NINH THUẬN,NCC,TK Nợ NCC,,
PN0810-002,06/10/2025,Nhập,SP000094,Bạch tuộc tươi size 1up,kg,"5,9",110.000,649.000,NCC BT - ANH TỚI - PHÚ QUÝ,NCC,TK Nợ NCC,,
PN0810-002,06/10/2025,Nhập,sp000002-1,Bạch tuộc tươi (hàng đỏ),kg,"4,3",150.000,645.000,NCC BT - ANH TỚI - PHÚ QUÝ,NCC,TK Nợ NCC,,
PN0810-002,06/10/2025,Nhập,SP000002,Bạch tuộc tươi,kg,"38,9",152.000,5.912.800,NCC BT - ANH TỚI - PHÚ QUÝ,NCC,TK Nợ NCC,,
PN0810-002,06/10/2025,Nhập,SP0000224,Mực Nang 500-800,kg,"164,0",190.000,31.160.000,CT HOÀN TRUYỀN,NCC,TK Nợ NCC,,
PN0810-002,06/10/2025,Nhập,SP000300,VAT,lần,"1,0",3.719.475,3.719.475,CT HẢI SẢN LINH LINH,NCC,TK Nợ NCC,,
PN0810-002,06/10/2025,Nhập,SP0000224,Mực Nang 500-800,kg,"406,5",172.000,69.918.000,CT HẢI SẢN LINH LINH,NCC,TK Nợ NCC,,
PN0810-011,06/10/2025,Nhập,SP000095,Nhum nguyên con (đvt: con),con,"600,0",3.000,1.800.000,NCC NHUM ĐEN - NGUYỄN THỊ PHÚC,NCC,TK Nợ NCC,,
PN0810-011,06/10/2025,Nhập,SP000289,Sò Lông Nửa Mảnh,kg,"5,0",95.000,475.000,NCC NHUM ĐEN - NGUYỄN THỊ PHÚC,NCC,TK Nợ NCC,,
HD0810-001,07/10/2025,Xuất,SP000001,Bạch tuộc tako,kg,"50,1",310.000,15.531.000,CT TNHH TM THỰC PHẨM VÕ GIA (MR THỐNG),NH,TK KN,,
HD0810-001,07/10/2025,Xuất,SP000001,Bạch tuộc tako,kg,"20,8",310.000,6.448.000,CT TNHH MTV TM NAM ANH FOODS (MR VINH- ĐÀ NẴNG),KL,TK KN,,
HD0810-001,07/10/2025,Xuất,SP000008,Râu bạch tuộc,kg,"10,0",330.000,3.300.000,CT TNHH MTV TM NAM ANH FOODS (MR VINH- ĐÀ NẴNG),KL,TK KN,,
HD0810-001,07/10/2025,Xuất,SP000300,VAT,lần,"1,0",779.840,779.840,CT TNHH MTV TM NAM ANH FOODS (MR VINH- ĐÀ NẴNG),KL,TK KN,,
HD0810-001,07/10/2025,Xuất,SP000151,Loin lườn kiếm,kg,"27,3",235.000,6.415.500,HKD SUSHITO (NHÀ KHO)- SG,NH,TK KN,,
HD0810-001,07/10/2025,Xuất,SP000086,Mực Nang sushi Sashimi đông khay (200g/ khay),Khay,"41,0",96.000,3.936.000,HKD SUSHITO (NHÀ KHO)- SG,NH,TK KN,,
HD0810-001,07/10/2025,Xuất,SP000004,Tuna Saku,kg,"60,1",270.000,16.227.000,CT TNHH VIETART F&B,NH,TK KN,,
HD0810-001,07/10/2025,Xuất,SP000008,Râu bạch tuộc,kg,"1,0",300.000,300.000,NH UNI SUSHI,NH,TK KN,,
HD0810-001,07/10/2025,Xuất,SP000282,Bánh Takoyaki,kg,"2,0",100.000,200.000,NH UNI SUSHI,NH,TK KN,,
HD0810-001,07/10/2025,Xuất,SP000001,Bạch tuộc tako,kg,"48,7",310.000,15.097.000,CT TNHH TP NHẬT KOTO (MR KIÊN- HL),NPP,TK KN,,
HD0810-001,07/10/2025,Xuất,SP000035,phí vận chuyển,Lần,"1,0",50.000,50.000,CT 138 ENT (LẨU CÁ THANH ĐA) - SG,NH,TK KN,,
HD0810-001,07/10/2025,Xuất,SP000012,Lườn kiếm nướng,kg,"10,4",260.000,2.704.000,CT 138 ENT (LẨU CÁ THANH ĐA) - SG,NH,TK KN,,
HD0810-001,07/10/2025,Xuất,SP000035,phí vận chuyển,Lần,"1,0",50.000,50.000,SS IKUSACHI- SG,NH,TK KN,,
HD0810-001,07/10/2025,Xuất,SP000007-01,Trứng nhum AA 100g/khay,kg,"1,0",1.500.000,1.500.000,SS IKUSACHI- SG,NH,TK KN,,
HD0810-001,07/10/2025,Xuất,SP000010,Chả cá,kg,"60,0",72.360,4.341.600,CT TNHH VẠN QUANG FOOD,NPP,TK KN,,
HD0810-001,07/10/2025,Xuất,SP000035,phí vận chuyển,Lần,"2,0",250.000,500.000,CT TNHH VẠN QUANG FOOD,NPP,TK KN,,
HD0810-001,07/10/2025,Xuất,SP000001,Bạch tuộc tako,kg,"26,0",329.400,8.564.400,CT TNHH VẠN QUANG FOOD,NPP,TK KN,,
HD0810-001,07/10/2025,Xuất,SP000009-2,Tuna loin 3-5,kg,"22,0",173.250,3.811.500,CT TNHH VẠN QUANG FOOD,NPP,TK KN,,
HD0810-001,07/10/2025,Xuất,SP000227,Trứng Nhum AA 200g/khay,kg,"0,2",1.150.000,230.000,ANH LỘC - ĐÔNG NAI,NH,TK KN,,
HD0810-001,07/10/2025,Xuất,SP000077,Mực Nang sushi Sashimi (160g/ khay),khay,"1,0",90.000,90.000,ANH LỘC - ĐÔNG NAI,NH,TK KN,,
HD0810-001,07/10/2025,Xuất,SP000050,Tuna Saku A,kg,"5,1",390.000,1.989.000,ANH LỘC - ĐÔNG NAI,NH,TK KN,,
HD0810-001,07/10/2025,Xuất,SP000035,phí vận chuyển,Lần,"1,0",50.000,50.000,NH NAGI 2 - GÒ VẤP,NH,TK KN,,
HD0810-001,07/10/2025,Xuất,SP000227,Trứng Nhum AA 200g/khay,kg,"0,4",1.285.000,514.000,NH NAGI 2 - GÒ VẤP,NH,TK KN,,
HD0810-001,07/10/2025,Xuất,SP000035,phí vận chuyển,Lần,"1,0",100.000,100.000,CT TNHH MTV ISHIGA (PHIPHI SS)- ĐÀ NẴNG,NH,TK KN,,
HD0810-001,07/10/2025,Xuất,SP000226,Tuna Saku XK,kg,"0,3",0,0,CT TNHH MTV ISHIGA (PHIPHI SS)- ĐÀ NẴNG,NH,TK KN,,
HD0810-001,07/10/2025,Xuất,SP000069,Cá Cờ Kiếm Saku,kg,"2,1",270.000,567.000,CT TNHH MTV ISHIGA (PHIPHI SS)- ĐÀ NẴNG,NH,TK KN,,
HD0810-001,07/10/2025,Xuất,SP000050,Tuna Saku A,kg,"3,0",370.000,1.110.000,CT TNHH MTV ISHIGA (PHIPHI SS)- ĐÀ NẴNG,NH,TK KN,,
HD0810-001,07/10/2025,Xuất,SP000035,phí vận chuyển,Lần,"1,0",150.000,150.000,CT TNHH VẠN QUANG FOOD,NPP,TK KN,,
HD0810-001,07/10/2025,Xuất,SP000010,Chả cá,kg,"35,0",72.360,2.532.600,CT TNHH VẠN QUANG FOOD,NPP,TK KN,,
HD0810-001,07/10/2025,Xuất,SP000041,Kiếm steak,kg,"20,0",101.850,2.037.000,CT TNHH VẠN QUANG FOOD,NPP,TK KN,,
HD0810-001,07/10/2025,Xuất,SP000010,Chả cá,kg,"180,0",68.000,12.240.000,CT TNHH MTV ĐẠT PHÚ NGUYÊN,NPP,TK KN,,
HD0810-001,07/10/2025,Xuất,SP000041,Kiếm steak,kg,"100,0",105.000,10.500.000,CT TNHH MTV ĐẠT PHÚ NGUYÊN,NPP,TK KN,,
HD0810-001,07/10/2025,Xuất,SP0000224,Mực Nang 500-800,kg,"87,1",188.000,16.374.800,CT TNHH MTV ĐẠT PHÚ NGUYÊN,NPP,TK KN,,
PN0810-002,07/10/2025,Nhập,SP000095,Nhum nguyên con (đvt: con),con,"900,0",3.000,2.700.000,NCC NHUM ĐEN - NGUYỄN THỊ PHÚC,NCC,TK Nợ NCC,,
PN0810-002,07/10/2025,Nhập,SP000184,Sò Lông NL,kg,"50,0",45.000,2.250.000,NCC NHUM ĐEN - NGUYỄN THỊ PHÚC,NCC,TK Nợ NCC,,
PN0810-002,07/10/2025,Nhập,SP000227,Trứng Nhum AA 200g/khay,kg,"36,0",940.000,33.840.000,HOÀNG THỊ THÚY - HÒN RỚ (CÔ THỦY),NCC,TK Nợ NCC,,
PN0810-002,07/10/2025,Nhập,SP000002,Bạch tuộc tươi,kg,"241,0",150.000,36.150.000,NCC PHẠM THỊ LỢI - PHÚ QUÝ,NCC,TK Nợ NCC,,
PN0810-002,07/10/2025,Nhập,SP000094,Bạch tuộc tươi size 1up,kg,"61,2",115.000,7.038.000,NCC PHẠM THỊ LỢI - PHÚ QUÝ,NCC,TK Nợ NCC,,
HD0810-001,08/10/2025,Xuất,SP000001,Bạch tuộc tako,kg,"30,0",315.000,9.450.000,CT TNHH GINKAKU ( MS THIÊN TRANG),NH,TK KN,,
PN0810-011,08/10/2025,Nhập,SP000002,Bạch tuộc tươi,kg,"40,6",140.000,5.684.000,NCC CHỊ TRANG - HÒN XỆN,NCC,TK Nợ NCC,,
HD0910-001,08/10/2025,Xuất,SP000188,"Cá Bè (Cá Khế, Cá Giấy, cá viễn)",kg,"8,9",235.000,2.091.500,CT TNHH PGF ASIA- HN,NPP,TK KN,,
HD0910-001,08/10/2025,Xuất,SP000050,Tuna Saku A,kg,"2,6",390.000,1.014.000,CT TNHH NH NAM SAN F&B (SUSHI NOWZOON),NH,TK KN,,
HD0910-001,08/10/2025,Xuất,SP000006,Nang roll,kg,"1,0",380.000,380.000,CT TNHH NH NAM SAN F&B (SUSHI NOWZOON),NH,TK KN,,
HD0910-001,08/10/2025,Xuất,SP000001,Bạch tuộc tako,kg,"4,1",290.000,1.186.100,CT TNHH NH NAM SAN F&B (SUSHI NOWZOON),NH,TK KN,,
HD0910-001,08/10/2025,Xuất,SP000035,phí vận chuyển,Lần,"1,0",50.000,50.000,CT TNHH KAKINOKI (MS PHƯƠNG -SG),KL,TK KN,,
HD0910-001,08/10/2025,Xuất,SP000227,Trứng Nhum AA 200g/khay,kg,"1,0",1.300.000,1.300.000,CT TNHH KAKINOKI (MS PHƯƠNG -SG),KL,TK KN,,
HD0910-001,08/10/2025,Xuất,SP000035,phí vận chuyển,Lần,"1,0",600.000,600.000,CT TNHH MEAT FARM,NPP,TK KN,,
HD0910-001,08/10/2025,Xuất,SP000040,Bạch Tuộc Tako nhỏ,kg,"49,5",248.400,12.295.800,CT TNHH MEAT FARM,NPP,TK KN,,
HD0910-001,08/10/2025,Xuất,SP000001,Bạch tuộc tako,kg,"49,7",334.800,16.639.560,CT TNHH MEAT FARM,NPP,TK KN,,
HD0910-001,08/10/2025,Xuất,SP000081,Râu Tako A,kg,"50,3",378.000,19.013.400,CT TNHH MEAT FARM,NPP,TK KN,,
HD0910-001,08/10/2025,Xuất,SP000001,Bạch tuộc tako,kg,"20,5",305.000,6.252.500,CN CT CP TM VÀ DV VIET DELI - NHA TRANG,NH,TK KN,,
HD0910-001,08/10/2025,Xuất,SP000001,Bạch tuộc tako,kg,"10,2",305.000,3.111.000,CT CP TẬP ĐOÀN DU THUYỀN- NHA TRANG,NH,TK KN,,
HD0910-001,08/10/2025,Xuất,SP000001,Bạch tuộc tako,kg,"28,6",320.760,9.173.736,CT TNHH NGUYÊN PHƯƠNG,NPP,TK KN,,
HD0910-001,08/10/2025,Xuất,SP000001,Bạch tuộc tako,kg,"53,6",339.120,18.176.832,CT TNHH NGUYÊN PHƯƠNG,NPP,TK KN,,
HD0910-001,08/10/2025,Xuất,SP000010,Chả cá,kg,"60,0",74.520,4.471.200,CT TNHH MTV TM DV HH TP PHÚ QUỐC (ANH THỰC-PQ),NPP,TK KN,,
HD0910-001,08/10/2025,Xuất,SP000035,phí vận chuyển,Lần,"1,0",250.000,250.000,CT TNHH VẠN QUANG FOOD,NPP,TK KN,,
HD0910-001,08/10/2025,Xuất,SP000073,Vẹm Xanh Tách Vỏ ( PE),kg,"40,0",90.300,3.612.000,CT TNHH VẠN QUANG FOOD,NPP,TK KN,,
HD0910-001,08/10/2025,Xuất,SP000050,Tuna Saku A,kg,"2,4",380.000,912.000,MR THÊU - HN -CS2,KL,TK KN,,
HD0910-001,08/10/2025,Xuất,SP000008,Râu bạch tuộc,kg,"1,0",350.000,350.000,MR THÊU - HN -CS2,KL,TK KN,,
HD0910-001,08/10/2025,Xuất,SP000035,phí vận chuyển,Lần,"1,0",150.000,150.000,CT TNHH DV TOTORO VN (MS HẰNG - ĐÀ NẴNG),NH,TK KN,,
HD0910-001,08/10/2025,Xuất,SP000001,Bạch tuộc tako,kg,"11,5",320.000,3.680.000,CT TNHH DV TOTORO VN (MS HẰNG - ĐÀ NẴNG),NH,TK KN,,
HD0910-001,08/10/2025,Xuất,SP000050,Tuna Saku A,kg,"25,2",375.000,9.450.000,CT TNHH DV TOTORO VN (MS HẰNG - ĐÀ NẴNG),NH,TK KN,,
HD0910-001,08/10/2025,Xuất,SP000001,Bạch tuộc tako,kg,"95,8",310.000,29.698.000,CT TNHH TM TP SH (SH FOODS),NPP,TK KN,,
HD0910-001,08/10/2025,Xuất,SP000035,Phí Vận Chuyển,Lần,"1,0",150.000,150.000,CT TNHH TM TP SH (SH FOODS),NPP,TK KN,,
HD0910-001,08/10/2025,Xuất,SP000137,Tako mix,kg,"20,0",130.000,2.600.000,MS TRINH- QUẬN 7,KL,TK KN,,
HD0910-001,08/10/2025,Xuất,SP000035,phí vận chuyển,Lần,"1,0",120.000,120.000,CT TNHH UMEYAKIA (MR NHÂN- THE VIEW ĐÀ NẴNG),NH,TK KN,,
HD0910-001,08/10/2025,Xuất,SP000151,Loin lườn kiếm,kg,"6,4",235.000,1.504.000,CT TNHH UMEYAKIA (MR NHÂN- THE VIEW ĐÀ NẴNG),NH,TK KN,,
HD0910-001,08/10/2025,Xuất,SP000227,Trứng Nhum AA 200g/khay,kg,"4,0",1.250.000,5.000.000,CT TNHH NEW FRESH FOODS,NPP,TK KN,,
HD0910-001,08/10/2025,Xuất,SP000008,Râu bạch tuộc,kg,"30,0",325.000,9.750.000,CT TNHH NEW FRESH FOODS,NPP,TK KN,,
HD0910-001,08/10/2025,Xuất,SP000289,Sò Lông Nửa Mảnh,kg,"5,0",0,0,CT TNHH MTV ĐẠT PHÚ NGUYÊN,NPP,TK KN,,
HD0910-001,08/10/2025,Xuất,SP000095,Nhum nguyên con (đvt: con),con,"2.000,0",5.500,11.000.000,CT TNHH MTV ĐẠT PHÚ NGUYÊN,NPP,TK KN,,
HD0910-001,08/10/2025,Xuất,SP000007-01,Trứng nhum AA 100g/khay,kg,"1,0",1.700.000,1.700.000,ANH TIÊN - CẦN THƠ,KL,TK KN,,
HD0910-001,08/10/2025,Xuất,SP000050,Tuna Saku A,kg,"10,0",404.250,4.042.500,MR THỦY- NGHỆ AN (FUJIMO),NH,TK KN,,
PN0910-001,08/10/2025,Nhập,SP000094,Bạch tuộc tươi size 1up,kg,"1,3",105.000,136.500,NCC KIM DUNG - NINH HÒA,NCC,TK Nợ NCC,,
PN0910-001,08/10/2025,Nhập,SP000002,Bạch tuộc tươi,kg,"27,4",150.000,4.110.000,NCC KIM DUNG - NINH HÒA,NCC,TK Nợ NCC,,
PN0910-001,08/10/2025,Nhập,SP0000083,Nhum nguyên liệu (đvt: con),con,"212,0",39.000,8.268.000,NCC KIM DUNG - NINH HÒA,NCC,TK Nợ NCC,,
PN0910-001,08/10/2025,Nhập,SP000010,Chả cá,kg,"250,0",56.000,14.000.000,NCC CHẢ CÁ - TRÍ - Py,NCC,TK Nợ NCC,,
PN0910-001,08/10/2025,Nhập,sp000002-1,Bạch tuộc tươi (hàng đỏ),kg,"94,3",130.000,12.259.000,NCC BÉ TÂN - VĨNH LƯƠNG,NCC,TK Nợ NCC,,
PN0910-001,08/10/2025,Nhập,SP000002,Bạch tuộc tươi,kg,"87,1",135.000,11.758.500,NCC BÉ TÂN - VĨNH LƯƠNG,NCC,TK Nợ NCC,,
PN0910-001,08/10/2025,Nhập,SP000095,Nhum nguyên con (đvt: con),con,"1.800,0",3.000,5.400.000,NCC NHUM ĐEN - NGUYỄN THỊ PHÚC,NCC,TK Nợ NCC,,
HD1310-003,08/10/2025,Xuất,SP000188,"Cá Bè (Cá Khế, Cá Giấy, cá viễn)",kg,"9,7",260.000,2.522.000,CHEF HỒNG - HN,KL,TK KN,,
HD0910-008,09/10/2025,Xuất,SP000226,Tuna Saku XK,kg,"29,9",283.500,8.476.650,GOFOOD-SG (CT TNHH FBC SÀI GÒN),NH,TK KN,,
HD0910-009,09/10/2025,Xuất,NHUMVUN,Nhum vụn,kg,"2,0",270.000,540.000,CT TNHH PGF ASIA- HN,NPP,TK KN,,
HD0910-009,09/10/2025,Xuất,SP000033,Lườn tuna,kg,"5,8",125.000,725.000,CT TNHH PGF ASIA- HN,NPP,TK KN,,
HD0910-009,09/10/2025,Xuất,SP000227,Trứng Nhum AA 200g/khay,kg,"12,0",1.250.000,15.000.000,CT TNHH PGF ASIA- HN,NPP,TK KN,,
HD0910-009,09/10/2025,Xuất,SP000050,Tuna Saku A,kg,"15,0",365.000,5.475.000,CT TNHH PGF ASIA- HN,NPP,TK KN,,
HD0910-010,09/10/2025,Xuất,SP000050,Tuna Saku A,kg,"2,0",350.000,700.000,NH UNI SUSHI,NH,TK KN,,
HD0910-010,09/10/2025,Xuất,SP000079,Mực Ống,kg,"1,0",290.000,290.000,NH UNI SUSHI,NH,TK KN,,
HD0910-011,09/10/2025,Xuất,SP000035,phí vận chuyển,Lần,"1,0",70.000,70.000,MR BÙI DANH - SG,KL,TK KN,,
HD0910-011,09/10/2025,Xuất,SP000227,Trứng Nhum AA 200g/khay,kg,"1,0",1.400.000,1.400.000,MR BÙI DANH - SG,KL,TK KN,,
HD0910-012,09/10/2025,Xuất,SP000151,Loin lườn kiếm,kg,"8,1",294.000,2.384.340,CT LÊ GiA (MINORI CS2),NH,TK KN,,
HD0910-013,09/10/2025,Xuất,SP000227,Trứng Nhum AA 200g/khay,kg,"1,0",1.400.000,1.400.000,CT MOO JIN (MS HỒNG ÁNH - SG),KL,TK KN,,
HD0910-014,09/10/2025,Xuất,SP000022,Tuna đầu đuôi portion,kg,"195,0",90.000,17.550.000,CT TNHH SX-TM THIÊN ÂN PHÁT (MR ĐỖ XUÂN-NT),KL,TK KN,,
HD0910-015,09/10/2025,Xuất,SP000226,Tuna Saku XK,kg,"2,0",330.000,666.600,MR THÁI - HN,KL,TK KN,,
HD0910-016,09/10/2025,Xuất,SP000001,Bạch tuộc tako,kg,"38,2",310.000,11.842.000,CT TNHH MEAT AND FISH,NPP,TK KN,,
HD0910-016,09/10/2025,Xuất,SP000154,Bạch tuộc tako slice (160 gram/khay),Khay,"18,0",63.000,1.134.000,CT TNHH MEAT AND FISH,NPP,TK KN,,
HD0910-017,09/10/2025,Xuất,SP000227,Trứng Nhum AA 200g/khay,kg,"18,0",1.240.000,22.320.000,CT TNHH MTV SHIZEN FOOD,NPP,TK KN,,
HD0910-018,09/10/2025,Xuất,SP000004,tuna saku,kg,"100,3",270.000,27.081.000,CT TNHH VIETART F&B,NH,TK KN,,
HD0910-018,09/10/2025,Xuất,SP000069,Cá Cờ Kiếm Saku,kg,"30,1",280.000,8.428.000,CT TNHH VIETART F&B,NH,TK KN,,
HD0910-019,09/10/2025,Xuất,SP000041,Kiếm steak,kg,"100,0",105.000,10.500.000,CT TNHH MTV ĐẠT PHÚ NGUYÊN,NPP,TK KN,,
HD0910-019,09/10/2025,Xuất,SP000118,chả cá hấp,kg,"55,0",71.000,3.905.000,CT TNHH MTV ĐẠT PHÚ NGUYÊN,NPP,TK KN,,
HD0910-019,09/10/2025,Xuất,SP000010,Chả cá,kg,"180,0",68.000,12.240.000,CT TNHH MTV ĐẠT PHÚ NGUYÊN,NPP,TK KN,,
PN0910-020,09/10/2025,Nhập,SP000002,Bạch tuộc tươi,kg,"7,2",150.000,1.080.000,NCC KIM DUNG - NINH HÒA,NCC,TK Nợ NCC,,
PN0910-020,09/10/2025,Nhập,SP0000083,Nhum nguyên liệu (đvt: con),con,"220,0",39.000,8.580.000,NCC KIM DUNG - NINH HÒA,NCC,TK Nợ NCC,,
PN0910-021,09/10/2025,Nhập,sp000002-1,Bạch tuộc tươi (hàng đỏ),kg,"58,8",130.000,7.644.000,NCC BÉ TÂN - VĨNH LƯƠNG,NCC,TK Nợ NCC,,
PN0910-021,09/10/2025,Nhập,SP000002,Bạch tuộc tươi,kg,"169,7",135.000,22.909.500,NCC BÉ TÂN - VĨNH LƯƠNG,NCC,TK Nợ NCC,,
PN0910-022,09/10/2025,Nhập,sp000002-1,Bạch tuộc tươi (hàng đỏ),kg,"14,4",150.000,2.160.000,NCC BT - ANH TỚI - PHÚ QUÝ,NCC,TK Nợ NCC,,
PN0910-022,09/10/2025,Nhập,SP000094,Bạch tuộc tươi size 1up,kg,"11,3",110.000,1.243.000,NCC BT - ANH TỚI - PHÚ QUÝ,NCC,TK Nợ NCC,,
PN0910-022,09/10/2025,Nhập,SP000002,Bạch tuộc tươi,kg,"46,4",152.000,7.052.800,NCC BT - ANH TỚI - PHÚ QUÝ,NCC,TK Nợ NCC,,
PN0910-023,09/10/2025,Nhập,SP000095,Nhum nguyên con (đvt: con),con,"503,0",3.500,1.760.500,NCC NHUM ĐEN - QUANH BÙI,NCC,TK Nợ NCC,,
PN0910-024,09/10/2025,Nhập,SP000095,Nhum nguyên con (đvt: con),con,"1.600,0",3.000,4.800.000,NCC NHUM ĐEN - NGUYỄN THỊ PHÚC,NCC,TK Nợ NCC,,
HD1010-024,10/10/2025,Xuất,SP000086,Mực Nang sushi Sashimi đông khay (200g/ khay),Khay,"10,0",120.000,1.200.000,"MR DUY - VĂN CAO, HN",KL,TK KN,,
HD1010-025,10/10/2025,Xuất,SP000001,Bạch tuộc tako,kg,"1,9",330.000,627.000,MR HẢI- HN,KL,TK KN,,
HD1010-025,10/10/2025,Xuất,SP000050,Tuna Saku A,kg,"1,0",360.000,360.000,MR HẢI- HN,KL,TK KN,,
HD1010-025,10/10/2025,Xuất,SP000079,Mực Ống,kg,"3,0",350.000,1.050.000,MR HẢI- HN,KL,TK KN,,
HD1010-026,10/10/2025,Xuất,SP000226,Tuna Saku XK,kg,"47,7",283.500,13.522.950,GOFOOD- HN,NH,TK KN,,
HD1010-027,10/10/2025,Xuất,SP000001,Bạch tuộc tako,kg,"20,0",318.600,6.372.000,CT MARUSEI - HN,NPP,TK KN,,
HD1010-027,10/10/2025,Xuất,SP000001,Bạch tuộc tako,kg,"30,8",334.800,10.311.840,CT MARUSEI - HN,NPP,TK KN,,
HD1010-028,10/10/2025,Xuất,SP000176,Bạch tuộc LSNC 30-50,kg,"7,0",50.000,350.000,MS NGỢI - ECO,KL,TK KN,,
HD1010-028,10/10/2025,Xuất,SP000073,Vẹm Xanh Tách Vỏ ( PE),kg,"2,0",85.000,170.000,MS NGỢI - ECO,KL,TK KN,,
HD1010-029,10/10/2025,Xuất,SP000079,Mực Ống,kg,"2,0",290.000,580.000,NH UNI SUSHI,NH,TK KN,,
HD1010-029,10/10/2025,Xuất,SP000050,Tuna Saku A,kg,"1,1",350.000,385.000,NH UNI SUSHI,NH,TK KN,,
HD1010-029,10/10/2025,Xuất,SP000176,Bạch tuộc LSNC 30-50,kg,"2,0",50.000,100.000,NH UNI SUSHI,NH,TK KN,,
HD1010-029,10/10/2025,Xuất,SP000279,Ngao Bộp Tím nguyên con,kg,"3,0",40.000,120.000,NH UNI SUSHI,NH,TK KN,,
HD1010-029,10/10/2025,Xuất,SP000069,Cá Cờ Kiếm Saku,kg,"2,0",220.000,440.000,NH UNI SUSHI,NH,TK KN,,
HD1010-030,10/10/2025,Xuất,SP000008,Râu bạch tuộc,kg,"2,0",345.600,691.200,CT TNHH NGUYÊN PHƯƠNG,NPP,TK KN,,
HD1010-030,10/10/2025,Xuất,SP000001,Bạch tuộc tako,kg,"9,9",320.760,3.175.524,CT TNHH NGUYÊN PHƯƠNG,NPP,TK KN,,
HD1010-031,10/10/2025,Xuất,SP000137,Tako mix,kg,"60,0",130.000,7.800.000,MR TRIỆT - TÂY NINH,KL,TK KN,,
HD1010-032,10/10/2025,Xuất,SP000073,Vẹm Xanh Tách Vỏ ( PE),kg,"40,0",86.000,3.440.000,CT TNHH SƠN MAI VỊ BIỂN (MR NGỌC-NHA TRANG),NPP,TK KN,,
HD1010-033,10/10/2025,Xuất,SP000035,phí vận chuyển,Lần,"1,0",150.000,150.000,NH BABABA-PHÚ QUỐC,NH,TK KN,,
HD1010-033,10/10/2025,Xuất,SP000001,Bạch tuộc tako,kg,"10,0",325.000,3.250.000,NH BABABA-PHÚ QUỐC,NH,TK KN,,
HD1010-033,10/10/2025,Xuất,SP000004,tuna saku,kg,"40,1",275.000,11.027.500,NH BABABA-PHÚ QUỐC,NH,TK KN,,
HD1010-034,10/10/2025,Xuất,SP0000224,Mực Nang 500-800,kg,"129,6",188.000,24.364.800,CT TNHH MTV ĐẠT PHÚ NGUYÊN,NPP,TK KN,,
HD1010-034,10/10/2025,Xuất,SP000009-2,Tuna loin 3-5,kg,"53,1",163.000,8.655.300,CT TNHH MTV ĐẠT PHÚ NGUYÊN,NPP,TK KN,,
HD1010-034,10/10/2025,Xuất,SP000004,tuna saku,kg,"55,4",235.000,13.019.000,CT TNHH MTV ĐẠT PHÚ NGUYÊN,NPP,TK KN,,
HD1010-034,10/10/2025,Xuất,SP000010,Chả cá,kg,"205,0",68.000,13.940.000,CT TNHH MTV ĐẠT PHÚ NGUYÊN,NPP,TK KN,,
HD1010-034,10/10/2025,Xuất,SP000289,Sò Lông Nửa Mảnh,kg,"10,0",0,0,CT TNHH MTV ĐẠT PHÚ NGUYÊN,NPP,TK KN,,
HD1010-034,10/10/2025,Xuất,SP000097,Tuna Saku 3A,kg,"34,2",195.000,6.669.000,CT TNHH MTV ĐẠT PHÚ NGUYÊN,NPP,TK KN,,
PN1010-035,10/10/2025,Nhập,SP000095,Nhum nguyên con (đvt: con),con,"1.600,0",3.000,4.800.000,NCC NHUM ĐEN - NGUYỄN THỊ PHÚC,NCC,TK Nợ NCC,,
PN1010-036,10/10/2025,Nhập,SP000102,Loin kiếm,kg,"156,0",110.000,17.160.000,CT DƯƠNG TUẤN PHÁT - TAM QUAN (THÚY),NCC,TK Nợ NCC,,
PN1010-036,10/10/2025,Nhập,SP000102,Loin kiếm,kg,"28,6",100.000,2.860.000,CT DƯƠNG TUẤN PHÁT - TAM QUAN (THÚY),NCC,TK Nợ NCC,,
PN1010-037,10/10/2025,Nhập,SP000045,Bạch tuộc tươi size 1.5-2kg,kg,"1,6",100.000,160.000,NCC BT - ANH TỚI - PHÚ QUÝ,NCC,TK Nợ NCC,,
PN1010-037,10/10/2025,Nhập,SP000094,Bạch tuộc tươi size 1up,kg,"14,3",110.000,1.573.000,NCC BT - ANH TỚI - PHÚ QUÝ,NCC,TK Nợ NCC,,
PN1010-037,10/10/2025,Nhập,sp000002-1,Bạch tuộc tươi (hàng đỏ),kg,"5,0",150.000,750.000,NCC BT - ANH TỚI - PHÚ QUÝ,NCC,TK Nợ NCC,,
PN1010-037,10/10/2025,Nhập,SP000002,Bạch tuộc tươi,kg,"50,8",152.000,7.721.600,NCC BT - ANH TỚI - PHÚ QUÝ,NCC,TK Nợ NCC,,
PN1010-038,10/10/2025,Nhập,sp000002-1,Bạch tuộc tươi (hàng đỏ),kg,"113,6",130.000,14.768.000,NCC BÉ TÂN - VĨNH LƯƠNG,NCC,TK Nợ NCC,,
PN1010-038,10/10/2025,Nhập,SP000002,Bạch tuộc tươi,kg,"372,6",135.000,50.301.000,NCC BÉ TÂN - VĨNH LƯƠNG,NCC,TK Nợ NCC,,
PN1010-039,10/10/2025,Nhập,SP0000083,Nhum nguyên liệu (đvt: con),con,"130,0",39.000,5.070.000,NCC KIM DUNG - NINH HÒA,NCC,TK Nợ NCC,,
PN1010-039,10/10/2025,Nhập,SP000002,Bạch tuộc tươi,kg,"49,6",150.000,7.440.000,NCC KIM DUNG - NINH HÒA,NCC,TK Nợ NCC,,
PN1310-003,11/10/2025,Nhập,SP000184,Sò Lông nguyên liệu,kg,"51,9",45.000,2.335.500,NCC NHUM ĐEN - NGUYỄN THỊ PHÚC,NCC,TK Nợ NCC,,
PN1310-003,11/10/2025,Nhập,SP000094,Bạch tuộc tươi size 1up,kg,"2,8",110.000,308.000,NCC BT - ANH TỚI - PHÚ QUÝ,NCC,TK Nợ NCC,,
PN1310-003,11/10/2025,Nhập,SP000002,Bạch tuộc tươi,kg,"38,1",152.000,5.791.200,NCC BT - ANH TỚI - PHÚ QUÝ,NCC,TK Nợ NCC,,
PN1310-003,11/10/2025,Nhập,SP000002,Bạch tuộc tươi,kg,"8,2",150.000,1.230.000,NCC KIM DUNG - NINH HÒA,NCC,TK Nợ NCC,,
PN1310-003,11/10/2025,Nhập,SP0000083,Nhum nguyên liệu (đvt: con),con,"219,0",39.000,8.541.000,NCC KIM DUNG - NINH HÒA,NCC,TK Nợ NCC,,
PN1310-003,11/10/2025,Nhập,SP000102,Loin kiếm,kg,"121,6",110.000,13.376.000,CT DƯƠNG TUẤN PHÁT - TAM QUAN (THÚY),NCC,TK Nợ NCC,,
PN1310-003,11/10/2025,Nhập,SP000004,tuna saku,kg,"80,0",205.000,16.400.000,CT TRƯỜNG THẢO - PY (TRƯỜNG),NCC,TK Nợ NCC,,
PN1310-003,11/10/2025,Nhập,SP000166,Sushi mực ống 8g,khay,"10,0",63.840,638.400,CT GO FOOD - KIÊN GIANG (MR CÔNG),NCC,TK Nợ NCC,,
PN1310-003,11/10/2025,Nhập,SP000086,Mực Nang sushi Sashimi đông khay (200g/ khay),Khay,"124,0",79.800,9.895.200,CT GO FOOD - KIÊN GIANG (MR CÔNG),NCC,TK Nợ NCC,,
PN1310-003,11/10/2025,Nhập,SP000077,Mực Nang sushi Sashimi (160g/ khay),khay,"205,0",63.840,13.087.200,CT GO FOOD - KIÊN GIANG (MR CÔNG),NCC,TK Nợ NCC,,
PN1310-003,11/10/2025,Nhập,sp000002-1,Bạch tuộc tươi (hàng đỏ),kg,"129,0",130.000,16.770.000,NCC BÉ TÂN - VĨNH LƯƠNG,NCC,TK Nợ NCC,,
PN1310-003,11/10/2025,Nhập,SP000002,Bạch tuộc tươi,kg,"128,3",135.000,17.320.500,NCC BÉ TÂN - VĨNH LƯƠNG,NCC,TK Nợ NCC,,
PN1310-003,11/10/2025,Nhập,sp000002-1,Bạch tuộc tươi (hàng đỏ),kg,"63,4",130.000,8.242.000,NCC CHỊ HOA - HÒN RỚ,NCC,TK Nợ NCC,,
PN1310-003,11/10/2025,Nhập,SP000002,Bạch tuộc tươi,kg,"587,0",135.000,79.245.000,NCC CHỊ HOA - HÒN RỚ,NCC,TK Nợ NCC,,
PN1310-003,11/10/2025,Nhập,SP0000100,Nhum hũ,kg,"50,0",620.000,31.000.000,NCC NHUM - ĐỖ THỊ ÁNH - PHÚ QUÝ,NCC,TK Nợ NCC,,
HD1310-003,11/10/2025,Xuất,SP000227,Trứng Nhum AA 200g/khay,kg,"0,6",1.250.000,750.000,CT ANH VŨ - HN (C HƯƠNG),NPP,TK KN,,
HD1310-003,11/10/2025,Xuất,SP000050,Tuna Saku A,kg,"5,0",409.500,2.047.500,CT TNHH ĐT NGỌC THỊNH PHÁT (MR TÌNH),NH,TK KN,,
HD1310-003,11/10/2025,Xuất,SP000050,Tuna Saku A,kg,"5,0",400.000,2.000.000,HKD Y SA BI (MS GIA HÂN- TRÀ VINH),NH,TK KN,,
HD1310-003,11/10/2025,Xuất,SP000001,Bạch tuộc tako,kg,"2,8",295.000,826.000,CT TNHH NH NAM SAN F&B (SUSHI NOWZOON),NH,TK KN,,
HD1310-003,11/10/2025,Xuất,SP000050,Tuna Saku A,kg,"3,0",390.000,1.170.000,CT TNHH NH NAM SAN F&B (SUSHI NOWZOON),NH,TK KN,,
HD1310-003,11/10/2025,Xuất,SP000069,Cá Cờ Kiếm Saku,kg,"0,5",395.000,205.400,CT TNHH NH NAM SAN F&B (SUSHI NOWZOON),NH,TK KN,,
HD1310-003,11/10/2025,Xuất,SP000006,Nang roll,kg,"3,0",380.000,1.140.000,CT TNHH NH NAM SAN F&B (SUSHI NOWZOON),NH,TK KN,,
HD1310-003,11/10/2025,Xuất,SP000001,Bạch tuộc tako,kg,"17,1",310.000,5.301.000,CT DELMAR VN - (C HƯƠNG VOV),KL,TK KN,,
HD1310-003,11/10/2025,Xuất,SP000227,Trứng Nhum AA 200g/khay,kg,"0,6",1.350.000,810.000,MR LEE MINH HEO - HN,KL,TK KN,,
HD1310-003,11/10/2025,Xuất,SP000108,Cá Chim Vây Vàng,kg,"1,2",210.000,258.300,MITSUBITSHI - HN,KL,TK KN,,
HD1310-003,11/10/2025,Xuất,SP000050,Tuna Saku A,kg,"10,0",390.000,3.900.000,MR HỢP - ĐÀ NẴNG,KL,TK KN,,
HD1310-003,11/10/2025,Xuất,SP000075,Mùn Cưa,kg,"22,0",16.000,352.000,MR ĐỊNH- NHA TRANG,KL,TK KN,,
HD1310-003,11/10/2025,Xuất,SP000137,Tako mix,kg,"10,0",130.000,1.300.000,MR HẢI TRIỀU - Q10 - SG,KL,TK KN,,
HD1310-003,11/10/2025,Xuất,SP000176,Bạch tuộc LSNC 30-50,kg,"2,0",50.000,100.000,NH UNI SUSHI,NH,TK KN,,
HD1310-003,11/10/2025,Xuất,SP000050,Tuna Saku A,kg,"3,0",350.000,1.050.000,NH UNI SUSHI,NH,TK KN,,
HD1310-003,11/10/2025,Xuất,SP000035,phí vận chuyển,Lần,"1,0",120.000,120.000,CT TNHH UMEYAKIA (MR NHÂN- THE VIEW ĐÀ NẴNG),NH,TK KN,,
HD1310-003,11/10/2025,Xuất,SP000102,Loin kiếm,kg,"16,2",235.000,3.807.000,CT TNHH UMEYAKIA (MR NHÂN- THE VIEW ĐÀ NẴNG),NH,TK KN,,
PN1310-003,12/10/2025,Nhập,SP000035,phí vận chuyển,Lần,"1,0",70.000,70.000,NCC LỢI THU - PHÚ QUÝ,NCC,TK Nợ NCC,,
PN1310-003,12/10/2025,Nhập,SP000079,Mực Ống,kg,"10,3",305.000,3.141.500,NCC LỢI THU - PHÚ QUÝ,NCC,TK Nợ NCC,,
PN1310-003,12/10/2025,Nhập,SP000010,Chả cá,kg,"119,0",56.000,6.664.000,NCC CHẢ CÁ - TRÍ - PY,NCC,TK Nợ NCC,,
PN1310-003,12/10/2025,Nhập,SP000002,Bạch tuộc tươi,kg,"18,0",150.000,2.700.000,NCC KIM DUNG - NINH HÒA,NCC,TK Nợ NCC,,
PN1310-003,12/10/2025,Nhập,SP0000083,Nhum nguyên liệu (đvt: con),con,"236,0",39.000,9.204.000,NCC KIM DUNG - NINH HÒA,NCC,TK Nợ NCC,,
PN1310-003,12/10/2025,Nhập,SP000002,Bạch tuộc tươi,kg,"167,5",125.000,20.937.500,NCC CHỊ GÁI - VĨNH TRƯỜNG,NCC,TK Nợ NCC,,
HD1310-003,12/10/2025,Xuất,SP000285,Râu bạch tuộc tươi 150g up,kg,"5,0",235.000,1.175.000,CT TNHH PGF ASIA- SG,NPP,TK KN,,
HD1310-003,12/10/2025,Xuất,SP000050,Tuna Saku A,kg,"30,0",365.000,10.950.000,CT TNHH PGF ASIA- SG,NPP,TK KN,,
HD1310-003,12/10/2025,Xuất,SP000002,Bạch tuộc tươi,kg,"60,2",175.000,10.535.000,CT TNHH PGF ASIA- SG,NPP,TK KN,,
HD1310-003,12/10/2025,Xuất,SP000035,phí vận chuyển,Lần,"3,0",250.000,750.000,CT TNHH VẠN QUANG FOOD,NPP,TK KN,,
HD1310-003,12/10/2025,Xuất,SP000010,Chả cá,kg,"60,0",72.360,4.341.600,CT TNHH VẠN QUANG FOOD,NPP,TK KN,,
HD1310-003,12/10/2025,Xuất,SP000001,Bạch tuộc tako,kg,"41,6",329.400,13.703.040,CT TNHH VẠN QUANG FOOD,NPP,TK KN,,
HD1310-003,12/10/2025,Xuất,SP000004,tuna saku,kg,"40,0",237.300,9.492.000,CT TNHH VẠN QUANG FOOD,NPP,TK KN,,
HD1310-003,12/10/2025,Xuất,SP000001,Bạch tuộc tako,kg,"3,5",360.000,1.270.800,NH YAKI YUM - NGUYỄN VĂN LỘC,NH,TK KN,,
HD1310-003,12/10/2025,Xuất,SP000001,Bạch tuộc tako,kg,"2,4",388.800,948.672,"CT TNHH TISM & CO ( MR NAM- LA THÀNH,HN)",NH,TK KN,,
HD1310-003,12/10/2025,Xuất,SP000001,Bạch tuộc tako,kg,"17,5",310.000,5.425.000,CT DELMAR VN - (C HƯƠNG VOV),KL,TK KN,,
HD1310-003,12/10/2025,Xuất,SP000008,Râu bạch tuộc,kg,"5,0",325.000,1.625.000,CT TNHH PGF ASIA- HN,NPP,TK KN,,
HD1310-003,12/10/2025,Xuất,SP000265,Bạch tuộc mini 8-13,kg,"10,0",145.000,1.450.000,CT TNHH PGF ASIA- HN,NPP,TK KN,,
HD1310-003,12/10/2025,Xuất,SP000001,Bạch tuộc tako,kg,"16,1",310.000,4.991.000,CT TNHH PGF ASIA- HN,NPP,TK KN,,
HD1310-003,12/10/2025,Xuất,SP000004,tuna saku,kg,"10,9",280.000,3.052.000,CT TNHH GOLDEN FINE FOODS,NH,TK KN,,
HD1310-003,12/10/2025,Xuất,SP000154,Bạch tuộc tako slice (160 gram/khay),Khay,"50,0",65.000,3.250.000,CT TNHH GINKAKU ( MS THIÊN TRANG),NH,TK KN,,
PN1510-001,13/10/2025,Nhập,SP000094,Bạch tuộc tươi size 1up,kg,"3,7",105.000,388.500,NCC NHUM - SON - NINH HÒA,NCC,TK Nợ NCC,,
PN1510-001,13/10/2025,Nhập,SP000002,Bạch tuộc tươi,kg,"36,8",150.000,5.520.000,NCC NHUM - SON - NINH HÒA,NCC,TK Nợ NCC,,
PN1510-001,13/10/2025,Nhập,SP0000100,Nhum hũ,kg,"2,4",1.050.000,2.520.000,NCC NHUM - SON - NINH HÒA,NCC,TK Nợ NCC,,
PN1510-001,13/10/2025,Nhập,SP0000083,Nhum nguyên liệu (đvt: con),con,"160,0",39.000,6.240.000,NCC KIM DUNG - NINH HÒA,NCC,TK Nợ NCC,,
PN1510-001,13/10/2025,Nhập,SP000002,Bạch tuộc tươi,kg,"20,5",150.000,3.075.000,NCC KIM DUNG - NINH HÒA,NCC,TK Nợ NCC,,
PN1510-001,13/10/2025,Nhập,SP000045,Bạch tuộc tươi size 1.5-2kg,kg,"3,1",100.000,310.000,NCC BT - ANH TỚI - PHÚ QUÝ,NCC,TK Nợ NCC,,
PN1510-001,13/10/2025,Nhập,SP000094,Bạch tuộc tươi size 1up,kg,"8,4",110.000,924.000,NCC BT - ANH TỚI - PHÚ QUÝ,NCC,TK Nợ NCC,,
PN1510-001,13/10/2025,Nhập,sp000002-1,Bạch tuộc tươi (hàng đỏ),kg,"18,2",150.000,2.730.000,NCC BT - ANH TỚI - PHÚ QUÝ,NCC,TK Nợ NCC,,
PN1510-001,13/10/2025,Nhập,SP000002,Bạch tuộc tươi,kg,"50,0",152.000,7.600.000,NCC BT - ANH TỚI - PHÚ QUÝ,NCC,TK Nợ NCC,,
PN1510-001,13/10/2025,Nhập,sp000002-1,Bạch tuộc tươi (hàng đỏ),kg,"15,0",130.000,1.950.000,NCC CHỊ HOA - HÒN RỚ,NCC,TK Nợ NCC,,
PN1510-001,13/10/2025,Nhập,SP000002,Bạch tuộc tươi,kg,"77,0",135.000,10.395.000,NCC CHỊ HOA - HÒN RỚ,NCC,TK Nợ NCC,,
PN1510-001,13/10/2025,Nhập,SP000142,Mực nang nút 9-10,kg,"102,5",150.000,15.375.000,CT HOÀN TRUYỀN,NCC,TK Nợ NCC,,
PN1510-001,13/10/2025,Nhập,SP0000224,Mực Nang 500-800,kg,"54,0",190.000,10.260.000,CT HOÀN TRUYỀN,NCC,TK Nợ NCC,,
PN1510-001,13/10/2025,Nhập,SP000094,Bạch tuộc tươi size 1up,kg,"40,9",115.000,4.703.500,NCC PHẠM THỊ LỢI - PHÚ QUÝ,NCC,TK Nợ NCC,,
PN1510-001,13/10/2025,Nhập,SP000002,Bạch tuộc tươi,kg,"286,9",145.000,41.600.500,NCC PHẠM THỊ LỢI - PHÚ QUÝ,NCC,TK Nợ NCC,,
PN1510-001,13/10/2025,Nhập,SP000011,Lườn kiếm sashimi,kg,"151,0",174.000,26.274.000,NCC LƯỜN KIẾM - CHỊ PHƯƠNG DUNG - PY,NCC,TK Nợ NCC,,
PN1510-001,13/10/2025,Nhập,SP000035,Phí Vận Chuyển,Lần,"1,0",945.000,945.000,NCC LƯỜN KIẾM - CHỊ PHƯƠNG DUNG - PY,NCC,TK Nợ NCC,,
HD1510-001,13/10/2025,Xuất,SP000050,Tuna Saku A,kg,"5,0",409.500,2.047.500,CT TNHH ĐT NGỌC THỊNH PHÁT (MR TÌNH),NH,TK KN,,
HD1510-001,13/10/2025,Xuất,SP000069,Cá Cờ Kiếm Saku,kg,"5,1",283.500,1.445.850,CT TNHH SAKURA SUSHI,NH,TK KN,,
HD1510-001,13/10/2025,Xuất,SP000050,Tuna Saku A,kg,"10,1",393.750,3.976.875,CT TNHH SAKURA SUSHI,NH,TK KN,,
HD1510-001,13/10/2025,Xuất,SP000227,Trứng Nhum AA 200g/khay,kg,"5,1",1.200.000,6.120.000,MR HUY - YERSIN - NT,KL,TK KN,,
HD1510-001,13/10/2025,Xuất,SP000079,Mực Ống,kg,"1,0",290.000,290.000,NH UNI SUSHI,NH,TK KN,,
HD1510-001,13/10/2025,Xuất,SP000050,Tuna Saku A,kg,"2,1",350.000,735.000,NH UNI SUSHI,NH,TK KN,,
HD1510-001,13/10/2025,Xuất,SP000008,Râu bạch tuộc,kg,"2,1",300.000,630.000,NH UNI SUSHI,NH,TK KN,,
HD1510-001,13/10/2025,Xuất,SP000069,Cá Cờ Kiếm Saku,kg,"2,0",220.000,440.000,NH UNI SUSHI,NH,TK KN,,
HD1510-001,13/10/2025,Xuất,SP000279,Ngao Bộp Tím nguyên con,kg,"1,0",40.000,40.000,NH UNI SUSHI,NH,TK KN,,
HD1510-001,13/10/2025,Xuất,SP000176,Bạch tuộc LSNC 30-50,kg,"2,0",50.000,100.000,NH UNI SUSHI,NH,TK KN,,
HD1510-001,13/10/2025,Xuất,SP000282,Bánh Takoyaki,kg,"2,0",100.000,200.000,NH UNI SUSHI,NH,TK KN,,
HD1510-001,13/10/2025,Xuất,SP000227,Trứng Nhum AA 200g/khay,kg,"2,4",1.200.000,2.880.000,CT CP DV TM HADU,NH,TK KN,,
HD1510-001,13/10/2025,Xuất,NHUMVUN,Nhum vụn,kg,"2,0",250.000,500.000,CT CP DV TM HADU,NH,TK KN,,
HD1510-001,13/10/2025,Xuất,SP0000121,Cá Hồng Biển,kg,"2,6",290.000,742.400,CT CP DV TM HADU,NH,TK KN,,
HD1510-001,13/10/2025,Xuất,SP000227,Trứng Nhum AA 200g/khay,kg,"3,0",1.200.000,3.600.000,CT CP DV TM HADU,NH,TK KN,,
HD1510-001,13/10/2025,Xuất,SP000227,Trứng Nhum AA 200g/khay,kg,"4,0",1.230.000,4.920.000,CT TNHH TP NHẬT KOTO (MR KIÊN- HL),NPP,TK KN,,
HD1510-001,13/10/2025,Xuất,SP000050,Tuna Saku A,kg,"15,0",360.000,5.400.000,CT TNHH TP NHẬT KOTO (MR KIÊN- HL),NPP,TK KN,,
HD1510-001,13/10/2025,Xuất,SP000001,Bạch tuộc tako,kg,"30,2",310.000,9.362.000,CT TNHH TP NHẬT KOTO (MR KIÊN- HL),NPP,TK KN,,
HD1510-001,13/10/2025,Xuất,SP000001,Bạch tuộc tako,kg,"29,0",320.000,9.280.000,"MR BẮC - TRƯƠNG ĐỊNH, HN",KL,TK KN,,
HD1510-001,13/10/2025,Xuất,SP000001,Bạch tuộc tako,kg,"39,3",339.120,13.327.416,CT TNHH NGUYÊN PHƯƠNG,NPP,TK KN,,
HD1510-001,13/10/2025,Xuất,SP000289,Sò Lông Nửa Mảnh,kg,"10,0",135.000,1.350.000,QUÁN ỐC 88 - HN,KL,TK KN,,
HD1510-001,13/10/2025,Xuất,SP000035,phí vận chuyển,Lần,"3,0",250.000,750.000,CT TNHH VẠN QUANG FOOD,NPP,TK KN,,
HD1510-001,13/10/2025,Xuất,SP000001,Bạch tuộc tako,kg,"33,2",329.400,10.936.080,CT TNHH VẠN QUANG FOOD,NPP,TK KN,,
HD1510-001,13/10/2025,Xuất,SP000004,tuna saku,kg,"20,1",237.300,4.769.730,CT TNHH VẠN QUANG FOOD,NPP,TK KN,,
HD1510-001,13/10/2025,Xuất,SP000010,Chả cá,kg,"105,0",72.360,7.597.800,CT TNHH VẠN QUANG FOOD,NPP,TK KN,,
HD1510-001,13/10/2025,Xuất,SP000009-2,Tuna loin 3-5,kg,"12,8",173.250,2.217.600,CT TNHH VẠN QUANG FOOD,NPP,TK KN,,
HD1510-001,13/10/2025,Xuất,SP000069,Cá Cờ Kiếm Saku,kg,"10,1",240.000,2.424.000,MS GIANG- CẦN THƠ,KL,TK KN,,
HD1510-001,13/10/2025,Xuất,SP000050,Tuna Saku A,kg,"25,1",360.000,9.036.000,MS GIANG- CẦN THƠ,KL,TK KN,,
HD1510-001,13/10/2025,Xuất,SP000271,Trứng nhum tươi,kg,"1,0",1.732.500,1.732.500,CT MARUSEI - SG,NPP,TK KN,,
HD1510-001,13/10/2025,Xuất,SP0000224,Mực Nang 500-800,kg,"45,1",188.000,8.478.800,CT TNHH MTV ĐẠT PHÚ NGUYÊN,NPP,TK KN,,
HD1510-001,13/10/2025,Xuất,SP000041,Kiếm steak,kg,"50,0",105.000,5.250.000,CT TNHH MTV ĐẠT PHÚ NGUYÊN,NPP,TK KN,,
HD1510-001,13/10/2025,Xuất,SP000095,Nhum nguyên con (đvt: con),con,"1.800,0",5.500,9.900.000,CT TNHH MTV ĐẠT PHÚ NGUYÊN,NPP,TK KN,,
HD1510-001,13/10/2025,Xuất,SP000001,Bạch tuộc tako,kg,"49,5",310.000,15.345.000,CT GREENGOOD,NPP,TK KN,,
HD1510-001,13/10/2025,Xuất,SP000011,Lườn kiếm sashimi,kg,"14,8",260.000,3.848.000,CT TNHH MTV ĐẠI VY (NH MAYONAKA),KL,TK KN,,
HD1510-001,13/10/2025,Xuất,SP000035,phí vận chuyển,Lần,"1,0",120.000,120.000,CT KYOTO YAKINIKU - A CHÂU - DN,KL,TK KN,,
HD1510-001,13/10/2025,Xuất,SP000102,Loin kiếm,kg,"8,6",235.000,2.021.000,CT KYOTO YAKINIKU - A CHÂU - DN,KL,TK KN,,
HD1510-001,13/10/2025,Xuất,SP000011,Lườn kiếm sashimi,kg,"50,4",215.000,10.836.000,CT THỰC PHẨM NGÀY MỚI,NPP,TK KN,,
HD1510-001,13/10/2025,Xuất,SP000137,Tako mix,kg,"60,0",130.000,7.800.000,MS TRINH- QUẬN 7,KL,TK KN,,
PN1510-001,14/10/2025,Nhập,SP000094,Bạch tuộc tươi size 1up,kg,"1,6",110.000,176.000,NCC BT - ANH TỚI - PHÚ QUÝ,NCC,TK Nợ NCC,,
PN1510-001,14/10/2025,Nhập,sp000002-1,Bạch tuộc tươi (hàng đỏ),kg,"2,2",150.000,330.000,NCC BT - ANH TỚI - PHÚ QUÝ,NCC,TK Nợ NCC,,
PN1510-001,14/10/2025,Nhập,SP000002,Bạch tuộc tươi,kg,"32,4",152.000,4.924.800,NCC BT - ANH TỚI - PHÚ QUÝ,NCC,TK Nợ NCC,,
PN1510-001,14/10/2025,Nhập,SP000184,Sò Lông nguyên liệu,kg,"126,0",44.000,5.544.000,NCC NHUM ĐEN - NGUYỄN THỊ PHÚC,NCC,TK Nợ NCC,,
PN1510-001,14/10/2025,Nhập,SP000002,Bạch tuộc tươi,kg,"97,0",125.000,12.125.000,NCC NHUM - KIM LOAN - NINH THUẬN,NCC,TK Nợ NCC,,
PN1510-001,14/10/2025,Nhập,sp000002-1,Bạch tuộc tươi (hàng đỏ),kg,"86,4",130.000,11.232.000,NCC BÉ TÂN - VĨNH LƯƠNG,NCC,TK Nợ NCC,,
PN1510-001,14/10/2025,Nhập,SP000002,Bạch tuộc tươi,kg,"117,7",135.000,15.889.500,NCC BÉ TÂN - VĨNH LƯƠNG,NCC,TK Nợ NCC,,
HD1510-001,14/10/2025,Xuất,SP000001,Bạch tuộc tako,kg,"9,4",315.000,2.961.000,MR LONG - CẦU GIẤY - HN,KL,TK KN,,
HD1510-001,14/10/2025,Xuất,SP000137,Tako mix,kg,"20,0",130.000,2.600.000,MS THANH THẢO- SG,KL,TK KN,,
HD1510-001,14/10/2025,Xuất,SP000050,Tuna Saku A,kg,"7,0",420.000,2.940.000,MR HÙNG- MAI HẮC ĐẾ - HN,KL,TK KN,,
HD1510-001,14/10/2025,Xuất,SP000001,Bạch tuộc tako,kg,"18,7",320.000,5.984.000,"MR BẮC - TRƯƠNG ĐỊNH, HN",KL,TK KN,,
HD1510-001,14/10/2025,Xuất,SP000289,Sò Lông Nửa Mảnh,kg,"2,0",0,0,MS GIANG - 54 VŨ HUY TÂN - HN,KL,,,
HD1510-001,14/10/2025,Xuất,SP0000121,Cá Hồng Biển,kg,"1,0",0,0,MS GIANG - 54 VŨ HUY TÂN - HN,KL,,,
HD1510-001,14/10/2025,Xuất,SP000035,phí vận chuyển,Lần,"1,0",50.000,50.000,MR HIẾU - HN (61 BÁT SỨ),KL,TK KN,,
HD1510-001,14/10/2025,Xuất,SP000227,Trứng Nhum AA 200g/khay,kg,"1,0",1.250.000,1.250.000,MR HIẾU - HN (61 BÁT SỨ),KL,TK KN,,
HD1510-001,14/10/2025,Xuất,SP000035,phí vận chuyển,Lần,"1,0",50.000,50.000,MS CHÂU TO - SG,KL,TK KN,,
HD1510-001,14/10/2025,Xuất,SP000050,Tuna Saku A,kg,"5,0",390.000,1.950.000,MS CHÂU TO - SG,KL,TK KN,,
HD1510-001,14/10/2025,Xuất,SP000069,Cá Cờ Kiếm Saku,kg,"4,8",350.000,1.683.500,MR THÁI - HN,KL,TK KN,,
HD1510-001,14/10/2025,Xuất,SP000002,Bạch tuộc tươi,kg,"18,6",175.000,3.255.000,CT TNHH KIWAMI VN - MR TUẤN - NT,KL,TK KN,,
HD1510-001,14/10/2025,Xuất,SP000001,Bạch tuộc tako,kg,"1,4",320.000,448.000,MR TRẦN QUỐC Ý - NT,KL,TK KN,,
HD1510-001,14/10/2025,Xuất,SP000001,Bạch tuộc tako,kg,"10,1",345.600,3.490.560,CT TNHH MTV TM DV HH TP PHÚ QUỐC (ANH THỰC-PQ),NPP,TK KN,,
HD1510-001,14/10/2025,Xuất,SP000010,Chả cá,kg,"60,0",74.520,4.471.200,CT TNHH MTV TM DV HH TP PHÚ QUỐC (ANH THỰC-PQ),NPP,TK KN,,
HD1510-001,14/10/2025,Xuất,SP000142,Mực nang nút 9-10,kg,"115,0",176.400,20.286.000,CT TNHH MTV TM DV HH TP PHÚ QUỐC (ANH THỰC-PQ),NPP,TK KN,,
HD1510-001,14/10/2025,Xuất,SP000050,Tuna Saku A,kg,"10,1",390.000,3.939.000,MR HỢP - ĐÀ NẴNG,KL,TK KN,,
HD1510-001,14/10/2025,Xuất,SP000040,Bạch Tuộc Tako nhỏ,kg,"8,8",240.000,2.112.000,MR HỢP - ĐÀ NẴNG,KL,TK KN,,
HD1510-001,14/10/2025,Xuất,SP000001,Bạch tuộc tako,kg,"50,0",310.000,15.500.000,CT GREENGOOD,NPP,TK KN,,
HD1510-001,14/10/2025,Xuất,SP000009-2,Tuna loin 3-5,kg,"54,4",163.000,8.867.200,CT TNHH MTV ĐẠT PHÚ NGUYÊN,NPP,TK KN,,
HD1510-001,14/10/2025,Xuất,SP000010,Chả cá,kg,"180,0",68.000,12.240.000,CT TNHH MTV ĐẠT PHÚ NGUYÊN,NPP,TK KN,,
HD1510-001,14/10/2025,Xuất,SP000137,Tako mix,kg,"6,0",170.000,1.020.000,QUÁN TANAKEI - SG,KL,TK KN,,
HD1510-001,14/10/2025,Xuất,SP000050,Tuna Saku A,kg,"10,1",390.000,3.939.000,KIN SUSHI - LÂM ĐỒNG,KL,TK KN,,
HD1510-001,14/10/2025,Xuất,SP000273,Mực Ống SS khay 200g,khay,"1,0",0,0,SUSHI O BA,NH,TK KN,,
HD1510-001,14/10/2025,Xuất,SP000050,Tuna Saku A,kg,"20,1",370.000,7.437.000,SUSHI O BA,NH,TK KN,,
HD1510-001,14/10/2025,Xuất,SP000077,Mực Nang sushi Sashimi (160g/ khay),khay,"50,0",85.000,4.250.000,SUSHI O BA,NH,TK KN,,
HD1510-001,14/10/2025,Xuất,SP000079,Mực Ống,kg,"0,3",0,0,SUSHI O BA,NH,TK KN,,
HD1510-001,14/10/2025,Xuất,SP000086,Mực Nang sushi Sashimi đông khay (200g/ khay),Khay,"125,0",96.000,12.000.000,HKD SUSHITO (NHÀ KHO)- SG,NH,TK KN,,
HD1810-001,15/10/2025,Xuất,SP000001,Bạch tuộc tako,kg,"3,3",388.800,1.290.816,"CT TNHH TISM & CO ( MR NAM- LA THÀNH,HN)",NH,TK KN,,
HD1810-001,15/10/2025,Xuất,SP000086,Mực Nang sushi Sashimi đông khay (200g/ khay),Khay,"10,0",120.000,1.200.000,"MR DUY - VĂN CAO, HN",KL,TK KN,,
HD1810-001,15/10/2025,Xuất,SP000069,Cá Cờ Kiếm Saku,kg,"2,5",265.000,670.450,MR QUANG THẤT - HN,KL,TK KN,,
HD1810-001,15/10/2025,Xuất,SP000001,Bạch tuộc tako,kg,"3,7",325.000,1.212.250,MR QUANG THẤT - HN,KL,TK KN,,
HD1810-001,15/10/2025,Xuất,SP000227,Trứng Nhum AA 200g/khay,kg,"1,0",1.350.000,1.350.000,MR LEE MINH HEO - HN,KL,TK KN,,
HD1810-001,15/10/2025,Xuất,SP000008,Râu bạch tuộc,kg,"5,0",360.000,1.800.000,"MS MINH TRANG- 81/2 HOÀNG DIỆU, NHA TRANG",KL,TK KN,,
HD1810-001,15/10/2025,Xuất,SP000053,Kiếm vỉ nướng,kg,"1,0",200.000,200.000,NH UNI SUSHI,NH,TK KN,,
HD1810-001,15/10/2025,Xuất,HAUHYOGO-M,Hàu Nhật Hyogo đông lạnh nguyên vỏ size M (9-11 con/kg),kg,"2,0",215.000,430.000,NH UNI SUSHI,NH,TK KN,,
HD1810-001,15/10/2025,Xuất,SP000050,Tuna Saku A,kg,"1,1",350.000,385.000,NH UNI SUSHI,NH,TK KN,,
HD1810-001,15/10/2025,Xuất,SP000137,Tako mix,kg,"20,0",130.000,2.600.000,MS TRINH- QUẬN 7,KL,TK KN,,
HD1810-001,15/10/2025,Xuất,SP000011,Lườn kiếm sashimi,kg,"42,2",215.000,9.073.000,CT THỰC PHẨM NGÀY MỚI,NPP,TK KN,,
HD1810-001,15/10/2025,Xuất,SP000079,Mực Ống,kg,"15,2",335.000,5.092.000,MR THIỆU - NHA TRANG (CÁ NHÂN),KL,TK KN,,
HD1810-001,15/10/2025,Xuất,SP000007,Trứng nhum AB 200g/khay,kg,"0,6",900.000,540.000,CT TNHH MTV ĐẠT PHÚ NGUYÊN,NPP,TK KN,,
HD1810-001,15/10/2025,Xuất,SP000004,tuna saku,kg,"59,0",235.000,13.865.000,CT TNHH MTV ĐẠT PHÚ NGUYÊN,NPP,TK KN,,
HD1810-001,15/10/2025,Xuất,SP000227,Trứng Nhum AA 200g/khay,kg,"10,0",1.260.000,12.600.000,CT TNHH DG GROUP (HARU - Q12),NH,TK KN,,
PN1810-001,15/10/2025,Nhập,SP000010,Chả cá,kg,"50,0",50.000,2.500.000,NCC CHẢ CÁ - CHỊ TUYẾT SƯƠNG - PY,NCC,TK Nợ NCC,,
PN1810-001,15/10/2025,Nhập,SP000002,Bạch tuộc tươi,kg,"26,3",135.000,3.550.500,NCC CHỊ NGÂN - HÒN XỆN,NCC,TK Nợ NCC,,
PN1810-001,15/10/2025,Nhập,SP000095,Nhum nguyên con (đvt: con),con,"54,0",39.000,2.106.000,NCC KIM DUNG - NINH HÒA,NCC,TK Nợ NCC,,
PN1810-001,15/10/2025,Nhập,SP000002,Bạch tuộc tươi,kg,"21,6",150.000,3.240.000,NCC KIM DUNG - NINH HÒA,NCC,TK Nợ NCC,,
PN1810-001,15/10/2025,Nhập,SP000010,Chả cá,kg,"180,0",56.000,10.080.000,NCC CHẢ CÁ - TRÍ - PY,NCC,TK Nợ NCC,,
PN1810-001,15/10/2025,Nhập,SP0000100,Nhum hũ,kg,"18,8",1.005.700,18.907.160,NCC NHUM - ĐẶNG - LÝ SƠN,NCC,TK Nợ NCC,,
PN1810-001,15/10/2025,Nhập,SP000095,Nhum nguyên con (đvt: con),con,"3.500,0",3.000,10.500.000,NCC NHUM ĐEN - NGUYỄN THỊ PHÚC,NCC,TK Nợ NCC,,
PN1810-001,15/10/2025,Nhập,SP000184,Sò Lông nguyên liệu,kg,"300,0",40.000,12.000.000,NCC NHUM ĐEN - NGUYỄN THỊ PHÚC,NCC,TK Nợ NCC,,
PN1810-001,15/10/2025,Nhập,sp000002-1,Bạch tuộc tươi (hàng đỏ),kg,"138,9",120.000,16.668.000,NCC CHỊ GÁI - VĨNH TRƯỜNG,NCC,TK Nợ NCC,,
PN1810-001,15/10/2025,Nhập,SP000002,Bạch tuộc tươi,kg,"564,1",125.000,70.512.500,NCC CHỊ GÁI - VĨNH TRƯỜNG,NCC,TK Nợ NCC,,
PN1810-001,15/10/2025,Nhập,SP0000100,Nhum hũ,kg,"12,8",900.000,11.520.000,NCC NHUM - KIM LOAN - NINH THUẬN,NCC,TK Nợ NCC,,
PN1810-001,15/10/2025,Nhập,SP000184,Sò Lông nguyên liệu,kg,"55,0",35.000,1.925.000,NCC NHUM - KIM LOAN - NINH THUẬN,NCC,TK Nợ NCC,,
PN1810-001,15/10/2025,Nhập,SP0000100,Nhum hũ,kg,"37,0",650.000,24.050.000,NCC NHUM - KIM LOAN - NINH THUẬN,NCC,TK Nợ NCC,,
HD1810-001,16/10/2025,Xuất,SP000001,Bạch tuộc tako,kg,"7,4",351.750,2.602.950,NH QUẢNG NINH-CS1,NH,TK KN,,
HD1810-001,16/10/2025,Xuất,SP000081,Râu Tako A,kg,"0,8",380.000,315.400,MR LEE MINH HEO - HN,KL,TK KN,,
HD1810-001,16/10/2025,Xuất,SP000050,Tuna Saku A,kg,"5,0",365.000,1.825.000,CT TNHH PGF ASIA- HN,NPP,TK KN,,
HD1810-001,16/10/2025,Xuất,SP000069,Cá Cờ Kiếm Saku,kg,"4,8",220.000,1.056.000,CT TNHH PGF ASIA- HN,NPP,TK KN,,
HD1810-001,16/10/2025,Xuất,SP000289,Sò Lông Nửa Mảnh,kg,"2,0",115.000,230.000,CT TNHH PGF ASIA- HN,NPP,TK KN,,
HD1810-001,16/10/2025,Xuất,SP000002,Bạch tuộc tươi,kg,"62,2",175.000,10.885.000,CT TNHH PGF ASIA- HN,NPP,TK KN,,
HD1810-001,16/10/2025,Xuất,SP000035,phí vận chuyển,Lần,"1,0",50.000,50.000,NH SUSHI MINH - SG,NH,TK KN,,
HD1810-001,16/10/2025,Xuất,SP000069,Cá Cờ Kiếm Saku,kg,"3,1",280.000,858.200,NH SUSHI MINH - SG,NH,TK KN,,
HD1810-001,16/10/2025,Xuất,SP000050,Tuna Saku A,kg,"5,3",390.000,2.049.450,NH SUSHI MINH - SG,NH,TK KN,,
HD1810-001,16/10/2025,Xuất,SP000001,Bạch tuộc tako,kg,"1,4",290.000,411.800,CT TNHH NH NAM SAN F&B (SUSHI NOWZOON),NH,TK KN,,
HD1810-001,16/10/2025,Xuất,SP000050,Tuna Saku A,kg,"3,4",390.000,1.322.100,CT TNHH NH NAM SAN F&B (SUSHI NOWZOON),NH,TK KN,,
HD1810-001,16/10/2025,Xuất,SP000095,Nhum nguyên con (đvt: con),con,"800,0",5.500,4.400.000,CT TNHH MTV ĐẠT PHÚ NGUYÊN,NPP,TK KN,,
HD1810-001,16/10/2025,Xuất,SP000041,Kiếm steak,kg,"100,0",105.000,10.500.000,CT TNHH MTV ĐẠT PHÚ NGUYÊN,NPP,TK KN,,
HD1810-001,16/10/2025,Xuất,SP000118,chả cá hấp,kg,"55,0",71.000,3.905.000,CT TNHH MTV ĐẠT PHÚ NGUYÊN,NPP,TK KN,,
HD1810-001,16/10/2025,Xuất,SP0000224,Mực Nang 500-800,kg,"90,6",188.000,17.032.800,CT TNHH MTV ĐẠT PHÚ NGUYÊN,NPP,TK KN,,
PN1810-001,16/10/2025,Nhập,SP000095,Nhum nguyên con (đvt: con),con,"37,0",39.000,1.443.000,NCC KIM DUNG - NINH HÒA,NCC,TK Nợ NCC,,
PN1810-001,16/10/2025,Nhập,SP000002,Bạch tuộc tươi,kg,"29,5",150.000,4.425.000,NCC KIM DUNG - NINH HÒA,NCC,TK Nợ NCC,,
PN1810-001,16/10/2025,Nhập,SP000094,Bạch tuộc tươi size 1up,kg,"76,4",115.000,8.786.000,NCC PHẠM THỊ LỢI - PHÚ QUÝ,NCC,TK Nợ NCC,,
PN1810-001,16/10/2025,Nhập,SP000002,Bạch tuộc tươi,kg,"447,8",145.000,64.931.000,NCC PHẠM THỊ LỢI - PHÚ QUÝ,NCC,TK Nợ NCC,,
HD1810-001,17/10/2025,Xuất,SP000001,Bạch tuộc tako,kg,"30,5",315.000,9.607.500,CT TNHH GINKAKU ( MS THIÊN TRANG),NH,TK KN,,
HD1810-001,17/10/2025,Xuất,SP000001,Bạch tuộc tako,kg,"33,7",320.000,10.784.000,"MR BẮC - TRƯƠNG ĐỊNH, HN",KL,TK KN,,
HD1810-001,17/10/2025,Xuất,SP000227,Trứng Nhum AA 200g/khay,kg,"1,0",1.350.000,1.350.000,CT TNHH SƠN BA (MR THÀNH VIN),KL,TK KN,,
HD1810-001,17/10/2025,Xuất,SP000300,VAT,lần,"1,0",67.500,67.500,CT TNHH SƠN BA (MR THÀNH VIN),KL,TK KN,,
HD1810-001,17/10/2025,Xuất,SP000227,Trứng Nhum AA 200g/khay,kg,"2,0",1.250.000,2.500.000,CT MARUSEI - HN,NPP,TK KN,,
HD1810-001,17/10/2025,Xuất,SP000188,"Cá Bè (Cá Khế, Cá Giấy, cá viễn)",kg,"8,2",235.000,1.927.000,CT TNHH PGF ASIA- HN,NPP,TK KN,,
HD1810-001,17/10/2025,Xuất,SP000226,Tuna Saku XK,kg,"4,9",270.000,1.323.000,CT TNHH PGF ASIA- HN,NPP,TK KN,,
HD1810-001,17/10/2025,Xuất,SP000137,Tako mix,kg,"29,0",130.000,3.770.000,MR HOÀNG VŨ - SG,KL,TK KN,,
HD1810-001,17/10/2025,Xuất,SP000004,tuna saku,kg,"20,3",275.000,5.582.500,CT TNHH ĐT TS PHÚ THỊNH,NPP,TK KN,,
HD1810-001,17/10/2025,Xuất,SP000073,Vẹm Xanh Tách Vỏ ( PE),kg,"2,0",0,0,CT TNHH ĐT TS PHÚ THỊNH,NPP,TK KN,,
HD1810-001,17/10/2025,Xuất,SP000073,Vẹm Xanh Tách Vỏ ( PE),kg,"30,0",85.000,2.550.000,CT TNHH ĐT TS PHÚ THỊNH,NPP,TK KN,,
HD1810-001,17/10/2025,Xuất,SP000001,Bạch tuộc tako,kg,"100,9",310.000,31.279.000,CT TNHH ĐT TS PHÚ THỊNH,NPP,TK KN,,
HD1810-001,17/10/2025,Xuất,SP000035,phí vận chuyển,Lần,"1,0",150.000,150.000,NH BABABA-PHÚ QUỐC,NH,TK KN,,
HD1810-001,17/10/2025,Xuất,SP000001,Bạch tuộc tako,kg,"25,1",325.000,8.157.500,NH BABABA-PHÚ QUỐC,NH,TK KN,,
HD1810-001,17/10/2025,Xuất,SP000004,tuna saku,kg,"20,3",275.000,5.582.500,NH BABABA-PHÚ QUỐC,NH,TK KN,,
HD1810-001,17/10/2025,Xuất,SP000035,phí vận chuyển,Lần,"2,0",250.000,500.000,CT TNHH VẠN QUANG FOOD,NPP,TK KN,,
HD1810-001,17/10/2025,Xuất,SP000010,Chả cá,kg,"95,0",72.360,6.874.200,CT TNHH VẠN QUANG FOOD,NPP,TK KN,,
HD1810-001,17/10/2025,Xuất,SP000004,tuna saku,kg,"20,2",237.300,4.793.460,CT TNHH VẠN QUANG FOOD,NPP,TK KN,,
HD1810-001,17/10/2025,Xuất,SP000001,Bạch tuộc tako,kg,"23,8",310.000,7.378.000,MR TRƯỜNG SSM - PY,KL,TK KN,,
HD1810-001,17/10/2025,Xuất,SP000081,Râu Tako A,kg,"1,0",380.000,368.600,MR LEE MINH HEO - HN,KL,TK KN,,
HD1810-001,17/10/2025,Xuất,SP000008,Râu bạch tuộc,kg,"3,0",345.600,1.036.800,CT TNHH NGUYÊN PHƯƠNG,NPP,TK KN,,
HD1810-001,17/10/2025,Xuất,SP000001,Bạch tuộc tako,kg,"19,8",320.760,6.351.048,CT TNHH NGUYÊN PHƯƠNG,NPP,TK KN,,
HD1810-001,17/10/2025,Xuất,SP000001,Bạch tuộc tako,kg,"93,6",339.120,31.741.632,CT TNHH NGUYÊN PHƯƠNG,NPP,TK KN,,
HD1810-001,17/10/2025,Xuất,SP000128,sụn xương cá kiếm,kg,"40,0",37.000,1.480.000,MS LAN - NT,KL,TK KN,,
HD1810-001,17/10/2025,Xuất,SP000033,Lườn tuna,kg,"8,2",130.000,1.066.000,KHÁCH LẺ,KL,TK KN,,
HD1810-001,17/10/2025,Xuất,SP000010,Chả cá,kg,"120,0",68.000,8.160.000,CT TNHH MTV ĐẠT PHÚ NGUYÊN,NPP,TK KN,,
HD1810-001,17/10/2025,Xuất,SP000095,Nhum nguyên con (đvt: con),con,"900,0",5.500,4.950.000,CT TNHH MTV ĐẠT PHÚ NGUYÊN,NPP,TK KN,,
HD1810-001,17/10/2025,Xuất,SP000004,tuna saku,kg,"64,9",235.000,15.251.500,CT TNHH MTV ĐẠT PHÚ NGUYÊN,NPP,TK KN,,
HD1810-001,17/10/2025,Xuất,SP000009-2,Tuna loin 3-5,kg,"54,3",163.000,8.850.900,CT TNHH MTV ĐẠT PHÚ NGUYÊN,NPP,TK KN,,
HD1810-001,17/10/2025,Xuất,SP000227,Trứng Nhum AA 200g/khay,kg,"5,0",1.200.000,6.000.000,CT TNHH MEAT AND FISH,NPP,TK KN,,
HD1810-001,17/10/2025,Xuất,SP000154,Bạch tuộc tako slice (160 gram/khay),Khay,"53,0",63.000,3.339.000,CT TNHH MEAT AND FISH,NPP,TK KN,,
HD1810-001,17/10/2025,Xuất,SP000001,Bạch tuộc tako,kg,"10,7",310.000,3.317.000,CT DELMAR VN - (C HƯƠNG VOV),KL,TK KN,,
HD1810-001,17/10/2025,Xuất,SP000035,phí vận chuyển,Lần,"1,0",120.000,120.000,CT TNHH UMEYAKIA (MR NHÂN- THE VIEW ĐÀ NẴNG),NH,TK KN,,
HD1810-001,17/10/2025,Xuất,SP000102,Loin kiếm,kg,"24,7",235.000,5.804.500,CT TNHH UMEYAKIA (MR NHÂN- THE VIEW ĐÀ NẴNG),NH,TK KN,,
HD1810-001,17/10/2025,Xuất,SP000035,phí vận chuyển,Lần,"1,0",120.000,120.000,CT TNHH TM DV ONE MOREANH (MR TUẤN NGHĨA- ĐÀ NẴNG),NH,TK KN,,
HD1810-001,17/10/2025,Xuất,SP000102,Loin kiếm,kg,"25,4",235.000,5.969.000,CT TNHH TM DV ONE MOREANH (MR TUẤN NGHĨA- ĐÀ NẴNG),NH,TK KN,,
HD1810-001,17/10/2025,Xuất,SP000009-2,Tuna loin 3-5,kg,"48,1",165.000,7.936.500,CT THỰC PHẨM NGÀY MỚI,NPP,TK KN,,
HD1810-001,17/10/2025,Xuất,SP000002,Bạch tuộc tươi,kg,"52,5",195.000,10.237.500,MR ĐÔ - SG,KL,TK KN,,
HD1810-001,17/10/2025,Xuất,SP000007,Trứng nhum AB 200g/khay,kg,"70,0",1.230.000,86.100.000,CT TNHH OCEAN LINK VIỆT NHẬT,NPP,TK KN,,
HD1810-001,17/10/2025,Xuất,SP000007,Trứng nhum AB 200g/khay,kg,"30,0",1.000.000,30.000.000,CT TNHH OCEAN LINK VIỆT NHẬT,NPP,TK KN,,
HD1810-001,17/10/2025,Xuất,SP000010,Chả cá,kg,"30,0",85.000,2.550.000,MS HUYỀN TRANG - NT,KL,TK KN,,
PN1810-001,17/10/2025,Nhập,SP000184,Sò Lông nguyên liệu,kg,"200,0",40.000,8.000.000,NCC NHUM ĐEN - NGUYỄN THỊ PHÚC,NCC,TK Nợ NCC,,
PN1810-001,17/10/2025,Nhập,SP000102,Loin kiếm,kg,"123,5",110.000,13.585.000,CT DƯƠNG TUẤN PHÁT - TAM QUAN (THÚY),NCC,TK Nợ NCC,,
PN1810-001,17/10/2025,Nhập,sp000002-1,Bạch tuộc tươi (hàng đỏ),kg,"337,7",120.000,40.524.000,NCC CHỊ GÁI - VĨNH TRƯỜNG,NCC,TK Nợ NCC,,
PN1810-001,17/10/2025,Nhập,SP000002,Bạch tuộc tươi,kg,"730,2",125.000,91.275.000,NCC CHỊ GÁI - VĨNH TRƯỜNG,NCC,TK Nợ NCC,,
PN1810-001,17/10/2025,Nhập,SP000004,tuna saku,kg,"80,0",205.000,16.400.000,CT TRƯỜNG THẢO - PY (TRƯỜNG),NCC,TK Nợ NCC,,
PN1810-001,17/10/2025,Nhập,SP000002,Bạch tuộc tươi,kg,"238,1",135.000,32.143.500,NCC CHỊ HOA - HÒN RỚ,NCC,TK Nợ NCC,,
PN1810-001,17/10/2025,Nhập,sp000002-1,Bạch tuộc tươi (hàng đỏ),kg,"40,0",130.000,5.200.000,NCC CHỊ HOA - HÒN RỚ,NCC,TK Nợ NCC,,
HD2010-001,18/10/2025,Xuất,SP000001,Bạch tuộc tako,kg,"7,8",310.000,2.405.600,CT DELMAR VN - (C HƯƠNG VOV),KL,TK KN,,
HD2010-001,18/10/2025,Xuất,SP000001,Bạch tuộc tako,kg,"2,9",300.000,882.000,CT DELMAR VN - (C HƯƠNG VOV),KL,TK KN,,
HD2010-001,18/10/2025,Xuất,SP000001,Bạch tuộc tako,kg,"10,3",351.750,3.623.025,NH QUẢNG NINH-CS3,NH,TK KN,,
PN2010-001,18/10/2025,Nhập,SP0000224,Mực Nang 500-800,kg,"135,4",190.000,25.726.000,CT HOÀN TRUYỀN,NCC,TK Nợ NCC,,
PN2010-001,18/10/2025,Nhập,SP000002,Bạch tuộc tươi,kg,"675,0",125.000,84.375.000,NCC CHỊ GÁI - VĨNH TRƯỜNG,NCC,TK Nợ NCC,,
PN2010-001,18/10/2025,Nhập,sp000002-1,Bạch tuộc tươi (hàng đỏ),kg,"245,0",115.000,28.175.000,NCC CHỊ GÁI - VĨNH TRƯỜNG,NCC,TK Nợ NCC,,
HD2110-001,18/10/2025,Xuất,SP000102,Loin kiếm,kg,"24,7",235.000,5.804.500,CT TNHH UMEYAKIA (MR NHÂN- THE VIEW ĐÀ NẴNG),NH,TK KN,,
HD2110-001,18/10/2025,Xuất,SP000035,Phí Vận Chuyển,Lần,"1,0",120.000,120.000,CT TNHH UMEYAKIA (MR NHÂN- THE VIEW ĐÀ NẴNG),NH,TK KN,,
HD2110-001,18/10/2025,Xuất,SP000035,phí vận chuyển,Lần,"1,0",120.000,120.000,CT TNHH TM DV ONE MOREANH (MR TUẤN NGHĨA- ĐÀ NẴNG),NH,TK KN,,
HD2110-001,18/10/2025,Xuất,SP000102,Loin kiếm,kg,"25,4",235.000,5.969.000,CT TNHH TM DV ONE MOREANH (MR TUẤN NGHĨA- ĐÀ NẴNG),NH,TK KN,,
HD2110-001,18/10/2025,Xuất,SP000009-2,Tuna loin 3-5,kg,"48,1",165.000,7.936.500,CT THỰC PHẨM NGÀY MỚI,NPP,TK KN,,
HD2110-001,18/10/2025,Xuất,SP000002,Bạch tuộc tươi,kg,"52,5",195.000,10.237.500,MR ĐÔ - SG,KL,TK KN,,
HD2110-001,18/10/2025,Xuất,SP000007,Trứng nhum AB 200g/khay,kg,"70,0",1.230.000,86.100.000,CT TNHH OCEAN LINK VIỆT NHẬT,NPP,TK KN,,
HD2110-001,18/10/2025,Xuất,SP000007,Trứng nhum AB 200g/khay,kg,"30,0",1.000.000,30.000.000,CT TNHH OCEAN LINK VIỆT NHẬT,NPP,TK KN,,
HD2110-001,18/10/2025,Xuất,SP000010,Chả cá,kg,"30,0",85.000,2.550.000,MS HUYỀN TRANG - NT,KL,TK KN,,
HD2110-001,18/10/2025,Xuất,SP000001,Bạch tuộc tako,kg,"10,1",305.000,3.080.500,CT CP TẬP ĐOÀN DU THUYỀN- NHA TRANG,NH,TK KN,,
HD2110-001,18/10/2025,Xuất,SP000008,Râu bạch tuộc,kg,"1,0",300.000,300.000,NH UNI SUSHI,NH,TK KN,,
HD2110-001,18/10/2025,Xuất,SP000050,Tuna Saku A,kg,"3,0",350.000,1.050.000,NH UNI SUSHI,NH,TK KN,,
HD2110-001,18/10/2025,Xuất,SP000282,Bánh Takoyaki,kg,"2,0",100.000,200.000,NH UNI SUSHI,NH,TK KN,,
HD2110-001,18/10/2025,Xuất,SP000176,Bạch tuộc LSNC 30-50,kg,"2,0",50.000,100.000,NH UNI SUSHI,NH,TK KN,,
HD2110-001,18/10/2025,Xuất,SP000008,Râu bạch tuộc,kg,"1,0",300.000,300.000,NH UNI SUSHI,NH,TK KN,,
HD2110-001,18/10/2025,Xuất,SP000050,Tuna Saku A,kg,"3,0",350.000,1.050.000,NH UNI SUSHI,NH,TK KN,,
HD2110-001,18/10/2025,Xuất,SP000282,Bánh Takoyaki,kg,"2,0",100.000,200.000,NH UNI SUSHI,NH,TK KN,,
HD2110-001,18/10/2025,Xuất,SP000176,Bạch tuộc LSNC 30-50,kg,"2,0",50.000,100.000,NH UNI SUSHI,NH,TK KN,,
HD2110-001,18/10/2025,Xuất,SP000069,Cá Cờ Kiếm Saku,kg,"1,4",395.000,553.000,CT TNHH NH NAM SAN F&B (SUSHI NOWZOON),NH,TK KN,,
HD2110-001,18/10/2025,Xuất,SP000006,Nang roll,kg,"2,0",380.000,760.000,CT TNHH NH NAM SAN F&B (SUSHI NOWZOON),NH,TK KN,,
HD2110-001,18/10/2025,Xuất,SP000050,Tuna Saku A,kg,"2,0",390.000,780.000,CT TNHH NH NAM SAN F&B (SUSHI NOWZOON),NH,TK KN,,
HD2110-001,18/10/2025,Xuất,SP000001,Bạch tuộc tako,kg,"2,7",290.000,791.700,CT TNHH NH NAM SAN F&B (SUSHI NOWZOON),NH,TK KN,,
HD2110-001,18/10/2025,Xuất,SP000035,phí vận chuyển,Lần,"1,0",50.000,50.000,NH NAGI 2 - GÒ VẤP,NH,TK KN,,
HD2110-001,18/10/2025,Xuất,SP000227,Trứng Nhum AA 200g/khay,kg,"0,4",1.285.000,514.000,NH NAGI 2 - GÒ VẤP,NH,TK KN,,
HD2110-001,18/10/2025,Xuất,SP000050,Tuna Saku A,kg,"10,0",390.000,3.900.000,MR HỢP - ĐÀ NẴNG,KL,TK KN,,
HD2110-001,18/10/2025,Xuất,SP000069,Cá Cờ Kiếm Saku,kg,"0,7",365.000,255.500,MR THUẬN- SG (NOWZOON),KL,TK KN,,
HD2110-001,18/10/2025,Xuất,SP000050,Tuna Saku A,kg,"0,6",390.000,234.000,MR THUẬN- SG (NOWZOON),KL,TK KN,,
HD2110-001,18/10/2025,Xuất,SP000001,Bạch tuộc tako,kg,"20,0",310.000,6.200.000,CT DELMAR VN - (C HƯƠNG VOV),KL,TK KN,,
HD2110-001,19/10/2025,Xuất,SP000035,phí vận chuyển,Lần,"1,0",120.000,120.000,CT TNHH DV TOTORO VN (MS HẰNG - ĐÀ NẴNG),NH,TK KN,,
HD2110-001,19/10/2025,Xuất,SP000041,Kiếm steak,kg,"1,0",0,0,CT TNHH DV TOTORO VN (MS HẰNG - ĐÀ NẴNG),NH,TK KN,,
HD2110-001,19/10/2025,Xuất,SP000069,Cá Cờ Kiếm Saku,kg,"10,1",245.000,2.474.500,CT TNHH DV TOTORO VN (MS HẰNG - ĐÀ NẴNG),NH,TK KN,,
HD2110-001,19/10/2025,Xuất,SP000001,Bạch tuộc tako,kg,"50,5",310.000,15.655.000,CT TNHH TM THỰC PHẨM VÕ GIA (MR THỐNG),NH,TK KN,,
HD2110-001,19/10/2025,Xuất,SP000008,Râu bạch tuộc,kg,"1,0",345.000,345.000,MR HIỆP- BẮC GIANG,KL,TK KN,,
HD2110-001,19/10/2025,Xuất,SP000050,Tuna Saku A,kg,"5,0",400.000,2.000.000,MR HIỆP- BẮC GIANG,KL,TK KN,,
HD2110-001,20/10/2025,Xuất,SP000227,Trứng Nhum AA 200g/khay,kg,"5,0",1.250.000,6.250.000,CT MARUSEI - SG,NPP,TK KN,,
HD2110-001,20/10/2025,Xuất,SP000227,Trứng Nhum AA 200g/khay,kg,"5,0",1.250.000,6.250.000,CT MARUSEI - ĐN,NPP,TK KN,,
HD2110-001,20/10/2025,Xuất,SP000001,Bạch tuộc tako,kg,"15,6",310.000,4.823.600,CT DELMAR VN - (C HƯƠNG VOV),KL,TK KN,,
HD2110-001,20/10/2025,Xuất,SP000001,Bạch tuộc tako,kg,"18,4",320.000,5.888.000,"MR BẮC - TRƯƠNG ĐỊNH, HN",KL,TK KN,,
HD2110-001,20/10/2025,Xuất,SP000077,Mực Nang sushi Sashimi (160g/ khay),khay,"10,0",105.000,1.050.000,"MR DUY - VĂN CAO, HN",KL,TK KN,,
HD2110-001,20/10/2025,Xuất,SP000050,Tuna Saku A,kg,"5,0",409.500,2.047.500,CT TNHH ĐT NGỌC THỊNH PHÁT (MR TÌNH),NH,TK KN,,
HD2110-001,20/10/2025,Xuất,SP000069,Cá Cờ Kiếm Saku,kg,"1,0",220.000,220.000,NH UNI SUSHI,NH,TK KN,,
HD2110-001,20/10/2025,Xuất,SP000008,Râu bạch tuộc,kg,"1,1",300.000,330.000,NH UNI SUSHI,NH,TK KN,,
HD2110-001,20/10/2025,Xuất,SP000050,Tuna Saku A,kg,"2,0",350.000,700.000,NH UNI SUSHI,NH,TK KN,,
HD2110-001,20/10/2025,Xuất,HAUHYOGO-M,Hàu Nhật Hyogo đông lạnh nguyên vỏ size M (9-11 con/kg),kg,"2,0",215.000,430.000,NH UNI SUSHI,NH,TK KN,,
HD2110-001,20/10/2025,Xuất,SP000176,Bạch tuộc LSNC 30-50,kg,"2,0",50.000,100.000,NH UNI SUSHI,NH,TK KN,,
HD2110-001,20/10/2025,Xuất,SP000073,Vẹm Xanh Tách Vỏ ( PE),kg,"2,0",0,0,NH UNI SUSHI,NH,TK KN,,
HD2110-001,20/10/2025,Xuất,SP000001,Bạch tuộc tako,kg,"29,3",320.760,9.398.268,CT TNHH NGUYÊN PHƯƠNG,NPP,TK KN,,
HD2110-001,20/10/2025,Xuất,SP000050,Tuna Saku A,kg,"10,0",393.750,3.937.500,CT TNHH SAKURA SUSHI,NH,TK KN,,
HD2110-001,20/10/2025,Xuất,SP000050,Tuna Saku A,kg,"6,0",375.000,2.250.000,MR THIÊN SS- NHA TRANG,NH,TK KN,,
HD2110-001,20/10/2025,Xuất,SP000073,Vẹm Xanh Tách Vỏ ( PE),kg,"62,0",86.000,5.332.000,CT TNHH SƠN MAI VỊ BIỂN (MR NGỌC-NHA TRANG),NPP,TK KN,,
HD2110-001,20/10/2025,Xuất,SP000008,Râu bạch tuộc,kg,"4,0",360.000,1.440.000,SS GARDEN NGUYỄN TRÃI,NH,TK KN,,
HD2110-001,20/10/2025,Xuất,SP000008,Râu bạch tuộc,kg,"4,0",360.000,1.440.000,SS GARDEN NGUYỄN TRÃI,NH,TK KN,,
HD2110-001,20/10/2025,Xuất,SP000008,Râu bạch tuộc,kg,"10,0",362.250,3.622.500,NH QUẢNG NINH- CS2,NH,TK KN,,
HD2110-001,20/10/2025,Xuất,SP000050,Tuna Saku A,kg,"10,0",360.000,3.600.000,CT TNHH TP NHẬT KOTO (MR KIÊN- HL),NPP,TK KN,,
HD2110-001,20/10/2025,Xuất,SP000001,Bạch tuộc tako,kg,"39,0",310.000,12.090.000,CT TNHH TP NHẬT KOTO (MR KIÊN- HL),NPP,TK KN,,
HD2110-001,20/10/2025,Xuất,SP000069,Cá Cờ Kiếm Saku,kg,"1,5",350.000,521.500,MR THÁI - HN,KL,TK KN,,
HD2110-001,20/10/2025,Xuất,SP000095,Nhum nguyên con (đvt: con),con,"2.700,0",5.500,14.850.000,CT TNHH MTV ĐẠT PHÚ NGUYÊN,NPP,TK KN,,
HD2110-001,20/10/2025,Xuất,SP000041,Kiếm steak,kg,"100,0",105.000,10.500.000,CT TNHH MTV ĐẠT PHÚ NGUYÊN,NPP,TK KN,,
HD2110-001,20/10/2025,Xuất,SP000010,Chả cá,kg,"180,0",68.000,12.240.000,CT TNHH MTV ĐẠT PHÚ NGUYÊN,NPP,TK KN,,
HD2110-001,20/10/2025,Xuất,SP0000224,Mực Nang 500-800,kg,"87,9",188.000,16.525.200,CT TNHH MTV ĐẠT PHÚ NGUYÊN,NPP,TK KN,,
HD3110-001,21/10/2025,Xuất,SP000035,phí vận chuyển,Lần,"1,0",150.000,150.000,MS GIANG- CẦN THƠ,KL,TK KN,,
HD3110-001,21/10/2025,Xuất,SP000050,Tuna Saku A,kg,"30,2",360.000,10.872.000,MS GIANG- CẦN THƠ,KL,TK KN,,
HD3110-001,21/10/2025,Xuất,SP000073,Vẹm Xanh Tách Vỏ ( PE),kg,"56,0",85.000,4.760.000,CT TNHH ĐT TS PHÚ THỊNH,NPP,TK KN,,
HD3110-001,21/10/2025,Xuất,SP000001,Bạch tuộc tako,kg,"4,6",330.000,1.524.600,MS TUYỀN- THỦ ĐỨC,KL,TK KN,,
HD3110-001,21/10/2025,Xuất,SP000035,phí vận chuyển,Lần,"1,0",50.000,50.000,MS TUYỀN- THỦ ĐỨC,KL,TK KN,,
HD3110-001,21/10/2025,Xuất,SP000079,Mực Ống,kg,"0,3",290.000,98.600,NH UNI SUSHI,NH,TK KN,,
HD3110-001,21/10/2025,Xuất,SP000001,Bạch tuộc tako,kg,"2,1",290.000,609.000,NH UNI SUSHI,NH,TK KN,,
HD3110-001,21/10/2025,Xuất,SP000050,Tuna Saku A,kg,"2,1",350.000,735.000,NH UNI SUSHI,NH,TK KN,,
HD3110-001,21/10/2025,Xuất,SP000008,Râu bạch tuộc,kg,"1,1",300.000,330.000,NH UNI SUSHI,NH,TK KN,,
HD3110-001,21/10/2025,Xuất,SP000284,Tôm Thẻ Lột,kg,"1,0",320.000,320.000,NH UNI SUSHI,NH,TK KN,,
HD3110-001,21/10/2025,Xuất,SP000176,Bạch tuộc LSNC 30-50,kg,"2,0",50.000,100.000,NH UNI SUSHI,NH,TK KN,,
HD3110-001,21/10/2025,Xuất,SP000073,Vẹm Xanh Tách Vỏ ( PE),kg,"2,0",80.000,160.000,NH UNI SUSHI,NH,TK KN,,
HD3110-001,21/10/2025,Xuất,SP000069,Cá Cờ Kiếm Saku,kg,"2,0",220.000,440.000,NH UNI SUSHI,NH,TK KN,,
HD3110-001,21/10/2025,Xuất,SP000001,Bạch tuộc tako,kg,"2,7",295.000,808.300,CT TNHH NH NAM SAN F&B (SUSHI NOWZOON),NH,TK KN,,
HD3110-001,21/10/2025,Xuất,SP000006,Nang roll,kg,"2,0",380.000,760.000,CT TNHH NH NAM SAN F&B (SUSHI NOWZOON),NH,TK KN,,
HD3110-001,21/10/2025,Xuất,SP000050,Tuna Saku A,kg,"2,2",390.000,858.000,CT TNHH NH NAM SAN F&B (SUSHI NOWZOON),NH,TK KN,,
HD3110-001,21/10/2025,Xuất,SP000002,Bạch tuộc tươi,kg,"29,8",162.750,4.849.950,CT TNHH MTV TM DV HH TP PHÚ QUỐC (ANH THỰC-PQ),NPP,TK KN,,
HD3110-001,21/10/2025,Xuất,SP000010,Chả cá,kg,"120,0",74.520,8.942.400,CT TNHH MTV TM DV HH TP PHÚ QUỐC (ANH THỰC-PQ),NPP,TK KN,,
HD3110-001,21/10/2025,Xuất,SP000035,phí vận chuyển,Lần,"2,0",250.000,500.000,CT TNHH VẠN QUANG FOOD,NPP,TK KN,,
HD3110-001,21/10/2025,Xuất,SP000010,Chả cá,kg,"90,0",72.360,6.512.400,CT TNHH VẠN QUANG FOOD,NPP,TK KN,,
HD3110-001,21/10/2025,Xuất,SP000009-2,Tuna loin 3-5,kg,"19,4",173.250,3.361.050,CT TNHH VẠN QUANG FOOD,NPP,TK KN,,
HD3110-001,21/10/2025,Xuất,SP000128,sụn xương cá kiếm,kg,"54,0",25.000,1.350.000,KIM THẢO - PY,KL,TK KN,,
HD3110-001,21/10/2025,Xuất,SP000050,Tuna Saku A,kg,"10,0",390.000,3.900.000,MR HỢP - ĐÀ NẴNG,KL,TK KN,,
HD3110-001,21/10/2025,Xuất,SP000050,Tuna Saku A,kg,"2,0",390.000,780.000,MS DƯƠNG MINH LÝ- QUẢNG NINH,KL,TK KN,,
HD3110-001,21/10/2025,Xuất,SP000004,tuna saku,kg,"2,1",300.000,630.000,MS DƯƠNG MINH LÝ- QUẢNG NINH,KL,TK KN,,
HD3110-001,21/10/2025,Xuất,SP000001,Bạch tuộc tako,kg,"2,3",300.000,690.000,MS DƯƠNG MINH LÝ- QUẢNG NINH,KL,TK KN,,
HD3110-001,21/10/2025,Xuất,SP000077,Mực Nang sushi Sashimi (160g/ khay),khay,"5,0",110.250,551.250,"CT TNHH TISM & CO ( MR NAM- LA THÀNH,HN)",NH,TK KN,,
HD3110-001,21/10/2025,Xuất,SP000001,Bạch tuộc tako,kg,"3,8",388.800,1.465.776,"CT TNHH TISM & CO ( MR NAM- LA THÀNH,HN)",NH,TK KN,,
HD3110-001,21/10/2025,Xuất,SP000035,phí vận chuyển,Lần,"1,0",150.000,150.000,CT TNHH VẠN QUANG FOOD,NPP,TK KN,,
HD3110-001,21/10/2025,Xuất,SP000010,Chả cá,kg,"60,0",72.360,4.341.600,CT TNHH VẠN QUANG FOOD,NPP,TK KN,,
HD3110-001,21/10/2025,Xuất,SP000137,Tako mix,kg,"25,0",125.000,3.125.000,NH TAKO IKA- SG,NH,TK KN,,
HD3110-001,21/10/2025,Xuất,SP000035,phí vận chuyển,Lần,"1,0",120.000,120.000,CT KYOTO YAKINIKU - A CHÂU - DN,KL,TK KN,,
HD3110-001,21/10/2025,Xuất,SP000102,Loin kiếm,kg,"15,2",235.000,3.572.000,CT KYOTO YAKINIKU - A CHÂU - DN,KL,TK KN,,
HD3110-001,21/10/2025,Xuất,SP000050,Tuna Saku A,kg,"20,2",365.000,7.373.000,CT TNHH PGF ASIA- SG,NPP,TK KN,,
HD3110-001,21/10/2025,Xuất,SP000002,Bạch tuộc tươi,kg,"41,3",175.000,7.227.500,CT TNHH PGF ASIA- SG,NPP,TK KN,,
HD3110-001,21/10/2025,Xuất,SP000002,Bạch tuộc tươi,kg,"40,6",175.000,7.105.000,CT TNHH PGF ASIA- SG,NPP,TK KN,,
HD3110-001,21/10/2025,Xuất,SP000009-2,Tuna loin 3-5,kg,"51,5",163.000,8.394.500,CT TNHH MTV ĐẠT PHÚ NGUYÊN,NPP,TK KN,,
HD3110-001,21/10/2025,Xuất,SP000004,tuna saku,kg,"70,4",235.000,16.544.000,CT TNHH MTV ĐẠT PHÚ NGUYÊN,NPP,TK KN,,
HD3110-001,21/10/2025,Xuất,SP000001,Bạch tuộc tako,kg,"41,8",290.000,12.122.000,CT TNHH MTV ĐẠT PHÚ NGUYÊN,NPP,TK KN,,
HD3110-001,21/10/2025,Xuất,SP0000224,Mực Nang 500-800,kg,"42,9",188.000,8.065.200,CT TNHH MTV ĐẠT PHÚ NGUYÊN,NPP,TK KN,,
HD3110-001,21/10/2025,Xuất,SP000041,Kiếm steak,kg,"150,0",105.000,15.750.000,CT TNHH MTV ĐẠT PHÚ NGUYÊN,NPP,TK KN,,
HD3110-001,21/10/2025,Xuất,SP000010,Chả cá,kg,"60,0",68.000,4.080.000,CT TNHH MTV ĐẠT PHÚ NGUYÊN,NPP,TK KN,,
HD3110-001,21/10/2025,Xuất,SP000007,Trứng nhum AB 200g/khay,kg,"70,0",1.230.000,86.100.000,CT TNHH OCEAN LINK VIỆT NHẬT,NPP,TK KN,,
HD3110-001,21/10/2025,Xuất,SP000007,Trứng nhum AB 200g/khay,kg,"30,0",1.000.000,30.000.000,CT TNHH OCEAN LINK VIỆT NHẬT,NPP,TK KN,,
HD3110-001,22/10/2025,Xuất,SP000050,Tuna Saku A,kg,"10,0",365.000,3.650.000,CT TNHH PGF ASIA- HN,NPP,TK KN,,
HD3110-001,22/10/2025,Xuất,SP000001,Bạch tuộc tako,kg,"69,0",339.120,23.399.280,CT TNHH NGUYÊN PHƯƠNG,NPP,TK KN,,
HD3110-001,22/10/2025,Xuất,SP000226,Tuna Saku XK,kg,"7,7",288.750,2.223.375,CT CP QL KS VÀ KND LYNN TIMES (MR ĐINH ĐỒNG),NH,TK KN,,
HD3110-001,22/10/2025,Xuất,SP000001,Bạch tuộc tako,kg,"10,5",361.800,3.798.900,CT CP QL KS VÀ KND LYNN TIMES (MR ĐINH ĐỒNG),NH,TK KN,,
HD3110-001,22/10/2025,Xuất,SP000155,Xương cá cờ kiếm,kg,"21,0",10.000,210.000,KIM THẢO - PY,KL,TK KN,,
HD3110-001,22/10/2025,Xuất,SP000128,sụn xương cá kiếm,kg,"225,0",25.000,5.625.000,KIM THẢO - PY,KL,TK KN,,
HD3110-001,22/10/2025,Xuất,SP000077,Mực Nang sushi Sashimi (160g/ khay),khay,"10,0",105.000,1.050.000,"MR DUY - VĂN CAO, HN",KL,TK KN,,
HD3110-001,22/10/2025,Xuất,SP000053,Kiếm vỉ nướng,kg,"1,0",200.000,200.000,NH UNI SUSHI,NH,TK KN,,
HD3110-001,22/10/2025,Xuất,SP000176,Bạch tuộc LSNC 30-50,kg,"2,0",50.000,100.000,NH UNI SUSHI,NH,TK KN,,
HD3110-001,22/10/2025,Xuất,SP000050,Tuna Saku A,kg,"2,0",350.000,700.000,NH UNI SUSHI,NH,TK KN,,
HD3110-001,22/10/2025,Xuất,SP000282,Bánh Takoyaki,kg,"2,0",100.000,200.000,NH UNI SUSHI,NH,TK KN,,
HD3110-001,22/10/2025,Xuất,SP000035,phí vận chuyển,Lần,"1,0",50.000,50.000,NH NAGI 2 - GÒ VẤP,NH,TK KN,,
HD3110-001,22/10/2025,Xuất,SP000227,Trứng Nhum AA 200g/khay,kg,"0,4",1.285.000,514.000,NH NAGI 2 - GÒ VẤP,NH,TK KN,,
HD3110-001,22/10/2025,Xuất,SP000227,Trứng Nhum AA 200g/khay,kg,"2,0",1.200.000,2.400.000,CT CP DV TM HADU,NH,TK KN,,
HD3110-001,22/10/2025,Xuất,SP000227,Trứng Nhum AA 200g/khay,kg,"3,0",1.350.000,4.050.000,NH HÀN QUỐC OMAKASE,NH,TK KN,,
HD3110-001,22/10/2025,Xuất,SP000010,Chả cá,kg,"120,0",68.000,8.160.000,CT TNHH MTV ĐẠT PHÚ NGUYÊN,NPP,TK KN,,
HD3110-001,22/10/2025,Xuất,SP0000224,Mực Nang 500-800,kg,"43,2",188.000,8.121.600,CT TNHH MTV ĐẠT PHÚ NGUYÊN,NPP,TK KN,,
HD3110-001,22/10/2025,Xuất,SP000073,Vẹm Xanh Tách Vỏ ( PE),kg,"120,0",85.000,10.200.000,CT TNHH ĐT TS PHÚ THỊNH,NPP,TK KN,,
HD3110-001,23/10/2025,Xuất,SP000001,Bạch tuộc tako,kg,"4,9",324.000,1.574.640,MR NGUYỄN ANH - LINH ĐÀM - HN,NH,TK KN,,
HD3110-001,23/10/2025,Xuất,SP000001,Bạch tuộc tako,kg,"29,5",320.000,9.440.000,"MR BẮC - TRƯƠNG ĐỊNH, HN",KL,TK KN,,
HD3110-001,23/10/2025,Xuất,SP000050,Tuna Saku A,kg,"5,0",409.500,2.047.500,CT TNHH ĐT NGỌC THỊNH PHÁT (MR TÌNH),NH,TK KN,,
HD3110-001,23/10/2025,Xuất,SP000289,Sò Lông Nửa Mảnh,kg,"5,0",150.000,750.000,MR LONG - THỊNH LIỆT - HN,KL,TK KN,,
HD3110-001,23/10/2025,Xuất,SP000012,Lườn kiếm nướng,kg,"10,0",70.000,700.000,KHÁCH LẺ,KL,TK KN,,
HD3110-001,23/10/2025,Xuất,SP000079,Mực Ống,kg,"1,0",290.000,290.000,NH UNI SUSHI,NH,TK KN,,
HD3110-001,23/10/2025,Xuất,SP000010,Chả cá,kg,"300,0",68.000,20.400.000,CT TNHH MTV ĐẠT PHÚ NGUYÊN,NPP,TK KN,,
HD3110-001,23/10/2025,Xuất,SP000118,chả cá hấp,kg,"55,0",71.000,3.905.000,CT TNHH MTV ĐẠT PHÚ NGUYÊN,NPP,TK KN,,
HD3110-001,23/10/2025,Xuất,SP0000224,Mực Nang 500-800,kg,"87,7",188.000,16.487.600,CT TNHH MTV ĐẠT PHÚ NGUYÊN,NPP,TK KN,,
HD3110-001,23/10/2025,Xuất,SP000008,Râu bạch tuộc,kg,"10,0",325.000,3.250.000,CT TNHH TM THỰC PHẨM VÕ GIA (MR THỐNG),NH,TK KN,,
HD3110-001,23/10/2025,Xuất,SP000001,Bạch tuộc tako,kg,"30,5",305.000,9.302.500,CT THỰC PHẨM NGÀY MỚI,NPP,TK KN,,
HD3110-001,24/10/2025,Xuất,SP000001,Bạch tuộc tako,kg,"40,5",315.000,12.757.500,CT TNHH GINKAKU ( MS THIÊN TRANG),NH,TK KN,,
HD3110-001,24/10/2025,Xuất,SP000056,Bào Ngư,kg,"0,9",440.000,396.000,SUSHI O BA,NH,TK KN,,
HD3110-001,24/10/2025,Xuất,SP000050,Tuna Saku A,kg,"10,1",370.000,3.737.000,SUSHI O BA,NH,TK KN,,
HD3110-001,24/10/2025,Xuất,SP000102,Loin kiếm,kg,"12,1",255.000,3.085.500,SUSHI O BA,NH,TK KN,,
HD3110-001,24/10/2025,Xuất,SP000102,Loin kiếm,kg,"3,0",0,0,SUSHI O BA,NH,TK KN,,
HD3110-001,24/10/2025,Xuất,SP000289,Sò Lông Nửa Mảnh,kg,"3,0",120.000,360.000,SUSHI O BA,NH,TK KN,,
HD3110-001,24/10/2025,Xuất,SP000289,Sò Lông Nửa Mảnh,kg,"2,0",0,0,SUSHI O BA,NH,TK KN,,
HD3110-001,24/10/2025,Xuất,SP000137,Tako mix,kg,"20,0",130.000,2.600.000,MS LÌ - SÀI GÒN,KL,TK KN,,
HD3110-001,24/10/2025,Xuất,SP000008,Râu bạch tuộc,kg,"5,0",360.000,1.800.000,"MS MINH TRANG- 81/2 HOÀNG DIỆU, NHA TRANG",KL,TK KN,,
HD3110-001,24/10/2025,Xuất,SP000050,Tuna Saku A,kg,"10,0",393.750,3.937.500,CT TNHH SAKURA SUSHI,NH,TK KN,,
HD3110-001,24/10/2025,Xuất,SP000002,Bạch tuộc tươi,kg,"17,6",175.000,3.080.000,CT TNHH KIWAMI VN - MR TUẤN - NT,KL,TK KN,,
HD3110-001,24/10/2025,Xuất,SP000001,Bạch tuộc tako,kg,"38,4",320.760,12.323.599,CT TNHH NGUYÊN PHƯƠNG,NPP,TK KN,,
HD3110-001,24/10/2025,Xuất,SP000001,Bạch tuộc tako,kg,"20,7",305.000,6.313.500,CN CT CP TM VÀ DV VIET DELI - NHA TRANG,NH,TK KN,,
HD3110-001,24/10/2025,Xuất,SP000035,phí vận chuyển,Lần,"2,0",250.000,500.000,CT TNHH VẠN QUANG FOOD,NPP,TK KN,,
HD3110-001,24/10/2025,Xuất,SP000010,Chả cá,kg,"85,0",72.360,6.150.600,CT TNHH VẠN QUANG FOOD,NPP,TK KN,,
HD3110-001,24/10/2025,Xuất,SP000009-2,Tuna loin 3-5,kg,"30,3",173.250,5.249.475,CT TNHH VẠN QUANG FOOD,NPP,TK KN,,
HD3110-001,24/10/2025,Xuất,SP000289,Sò Lông Nửa Mảnh,kg,"1,0",0,0,NH BABABA-PHÚ QUỐC,NH,TK KN,,
HD3110-001,24/10/2025,Xuất,SP000035,phí vận chuyển,Lần,"1,0",150.000,150.000,NH BABABA-PHÚ QUỐC,NH,TK KN,,
HD3110-001,24/10/2025,Xuất,SP000001,Bạch tuộc tako,kg,"14,8",351.000,5.194.800,NH BABABA-PHÚ QUỐC,NH,TK KN,,
HD3110-001,24/10/2025,Xuất,SP000004,tuna saku,kg,"20,3",288.750,5.861.625,NH BABABA-PHÚ QUỐC,NH,TK KN,,
HD3110-001,24/10/2025,Xuất,SP000081,Râu Tako A,kg,"0,6",410.400,229.824,MR LEE MINH HEO - HN,KL,TK KN,,
HD3110-001,24/10/2025,Xuất,SP000073,Vẹm Xanh Tách Vỏ ( PE),kg,"40,0",86.000,3.440.000,CT TNHH SƠN MAI VỊ BIỂN (MR NGỌC-NHA TRANG),NPP,TK KN,,
HD3110-001,24/10/2025,Xuất,SP000289,Sò Lông Nửa Mảnh,kg,"1,0",0,0,MR TRƯỜNG - SG,KL,TK KN,,
HD3110-001,24/10/2025,Xuất,SP000073,Vẹm Xanh Tách Vỏ ( PE),kg,"1,0",0,0,MR TRƯỜNG - SG,KL,TK KN,,
HD3110-001,24/10/2025,Xuất,SP000095,Nhum nguyên con (đvt: con),con,"220,0",12.500,2.750.000,MR TRƯỜNG - SG,KL,TK KN,,
HD3110-001,24/10/2025,Xuất,SP0000121,Cá Hồng Biển,kg,"4,0",290.000,1.148.400,CT CP DV TM HADU,NH,TK KN,,
HD3110-001,24/10/2025,Xuất,SP000188,"Cá Bè (Cá Khế, Cá Giấy, cá viễn)",kg,"11,1",260.000,2.891.200,CHEF HỒNG - HN,KL,TK KN,,
HD3110-001,24/10/2025,Xuất,SP000188,"Cá Bè (Cá Khế, Cá Giấy, cá viễn)",kg,"3,6",235.000,834.250,CT TNHH PGF ASIA- HN,NPP,TK KN,,
HD3110-001,24/10/2025,Xuất,SP000001,Bạch tuộc tako,kg,"27,9",320.000,8.928.000,"MR BẮC - TRƯƠNG ĐỊNH, HN",KL,TK KN,,
HD3110-001,24/10/2025,Xuất,SP000035,phí vận chuyển,Lần,"1,0",50.000,50.000,MS MAI TRINH- ĐÀ NẴNG,KL,TK KN,,
HD3110-001,24/10/2025,Xuất,SP000007-01,Trứng nhum AA 100g/khay,kg,"0,3",1.350.000,405.000,MS MAI TRINH- ĐÀ NẴNG,KL,TK KN,,
HD3110-001,24/10/2025,Xuất,SP000040,Bạch Tuộc Tako nhỏ,kg,"8,9",240.000,2.136.000,MS MAI TRINH- ĐÀ NẴNG,KL,TK KN,,
HD3110-001,25/10/2025,Xuất,SP000053,Kiếm vỉ nướng,kg,"1,0",200.000,200.000,NH UNI SUSHI,NH,TK KN,,
HD3110-001,25/10/2025,Xuất,SP000007-01,Trứng nhum AA 100g/khay,kg,"0,1",1.200.000,120.000,NH UNI SUSHI,NH,TK KN,,
HD3110-001,25/10/2025,Xuất,SP000282,Bánh Takoyaki,kg,"2,0",100.000,200.000,NH UNI SUSHI,NH,TK KN,,
HD3110-001,25/10/2025,Xuất,HAUHYOGO-M,Hàu Nhật Hyogo đông lạnh nguyên vỏ size M (9-11 con/kg),kg,"3,0",215.000,645.000,NH UNI SUSHI,NH,TK KN,,
HD3110-001,25/10/2025,Xuất,SP000176,Bạch tuộc LSNC 30-50,kg,"2,0",50.000,100.000,NH UNI SUSHI,NH,TK KN,,
HD3110-001,25/10/2025,Xuất,SP000050,Tuna Saku A,kg,"3,2",350.000,1.120.000,NH UNI SUSHI,NH,TK KN,,
HD3110-001,25/10/2025,Xuất,SP000079,Mực Ống,kg,"2,1",290.000,609.000,NH UNI SUSHI,NH,TK KN,,
HD3110-001,25/10/2025,Xuất,SP000020,Tuna rẻo CO,kg,"69,0",39.000,2.691.000,MR TRƯỜNG SSM - PY,KL,TK KN,,
HD3110-001,25/10/2025,Xuất,SP000001,Bạch tuộc tako,kg,"27,5",310.000,8.525.000,MR TRƯỜNG SSM - PY,KL,TK KN,,
HD3110-001,25/10/2025,Xuất,SP000050,Tuna Saku A,kg,"5,0",400.000,2.016.000,HKD Y SA BI (MS GIA HÂN- TRÀ VINH),NH,TK KN,,
HD3110-001,25/10/2025,Xuất,SP000001,Bạch tuộc tako,kg,"2,7",290.000,785.900,CT TNHH NH NAM SAN F&B (SUSHI NOWZOON),NH,TK KN,,
HD3110-001,25/10/2025,Xuất,SP000050,Tuna Saku A,kg,"2,6",390.000,1.002.300,CT TNHH NH NAM SAN F&B (SUSHI NOWZOON),NH,TK KN,,
HD3110-001,25/10/2025,Xuất,SP000006,Nang roll,kg,"2,5",380.000,950.000,CT TNHH NH NAM SAN F&B (SUSHI NOWZOON),NH,TK KN,,
HD3110-001,25/10/2025,Xuất,SP000050,Tuna Saku A,kg,"10,0",404.250,4.042.500,MR THỦY- NGHỆ AN (FUJIMO),NH,TK KN,,
HD3110-001,25/10/2025,Xuất,SP000001,Bạch tuộc tako,kg,"1,4",280.000,392.000,MR THUẬN- SG (NOWZOON),KL,TK KN,,
HD3110-001,25/10/2025,Xuất,SP000006,Nang roll,kg,"0,5",380.000,190.000,MR THUẬN- SG (NOWZOON),KL,TK KN,,
HD3110-001,25/10/2025,Xuất,SP000050,Tuna Saku A,kg,"4,8",390.000,1.872.000,ANH LỘC - ĐÔNG NAI,NH,TK KN,,
HD3110-001,25/10/2025,Xuất,SP000050,Tuna Saku A,kg,"5,2",390.000,2.020.200,MR ĐÔNG - PHÚ QUỐC,NH,TK KN,,
HD3110-001,25/10/2025,Xuất,SP000056,Bào Ngư,kg,"1,0",440.000,440.000,MS LINH - HN,KL,TK KN,,
HD3110-001,25/10/2025,Xuất,SP000007-01,Trứng nhum AA 100g/khay,kg,"2,0",1.650.000,3.300.000,DOAN TAM KICCHOU - HN,KL,TK KN,,
HD3110-001,26/10/2025,Xuất,SP000035,phí vận chuyển,Lần,"1,0",120.000,120.000,CT TNHH UMEYAKIA (MR NHÂN- THE VIEW ĐÀ NẴNG),NH,TK KN,,
HD3110-001,26/10/2025,Xuất,SP000102,Loin kiếm,kg,"14,2",235.000,3.337.000,CT TNHH UMEYAKIA (MR NHÂN- THE VIEW ĐÀ NẴNG),NH,TK KN,,
HD3110-001,26/10/2025,Xuất,SP000041,Kiếm steak,kg,"100,0",105.000,10.500.000,CT TNHH MTV ĐẠT PHÚ NGUYÊN,NPP,TK KN,,
HD3110-001,26/10/2025,Xuất,SP0000224,Mực Nang 500-800,kg,"43,3",188.000,8.140.400,CT TNHH MTV ĐẠT PHÚ NGUYÊN,NPP,TK KN,,
HD3110-001,26/10/2025,Xuất,SP000050,Tuna Saku A,kg,"5,0",370.000,1.850.000,FAMILY SUSHI  - QNAM,KL,TK KN,,
HD3110-001,26/10/2025,Xuất,SP000008,Râu bạch tuộc,kg,"2,0",335.000,670.000,FAMILY SUSHI  - QNAM,KL,TK KN,,
HD3110-001,27/10/2025,Xuất,SP000050,Tuna Saku A,kg,"20,1",409.500,8.230.950,CN DNTN XD LONG PHƯỚC (MR CHÁNH-VT),NH,TK KN,,
HD3110-001,27/10/2025,Xuất,SP000008,Râu bạch tuộc,kg,"2,0",345.000,690.000,MR HIỆP- BẮC GIANG,KL,TK KN,,
HD3110-001,27/10/2025,Xuất,SP000050,Tuna Saku A,kg,"3,0",400.000,1.200.000,MR HIỆP- BẮC GIANG,KL,TK KN,,
HD3110-001,27/10/2025,Xuất,SP000077,Mực Nang sushi Sashimi (160g/ khay),khay,"10,0",110.250,1.102.500,"CT TNHH TISM & CO ( MR NAM- LA THÀNH,HN)",NH,TK KN,,
HD3110-001,27/10/2025,Xuất,SP000002,Bạch tuộc tươi,kg,"55,0",175.000,9.625.000,CT TNHH PGF ASIA- HN,NPP,TK KN,,
HD3110-001,27/10/2025,Xuất,SP000289,Sò Lông Nửa Mảnh,kg,"5,0",130.000,650.000,MR QUỐC HOÀN - HN,KL,TK KN,,
HD3110-001,27/10/2025,Xuất,SP000008,Râu bạch tuộc,kg,"2,0",300.000,600.000,NH UNI SUSHI,NH,TK KN,,
HD3110-001,27/10/2025,Xuất,SP000073,Vẹm Xanh Tách Vỏ ( PE),kg,"4,0",80.000,320.000,NH UNI SUSHI,NH,TK KN,,
HD3110-001,27/10/2025,Xuất,SP000283,Tôm Thẻ,kg,"2,0",200.000,400.000,NH UNI SUSHI,NH,TK KN,,
HD3110-001,27/10/2025,Xuất,SP000284,Tôm Thẻ Lột,kg,"1,0",320.000,320.000,NH UNI SUSHI,NH,TK KN,,
HD3110-001,27/10/2025,Xuất,SP000050,Tuna Saku A,kg,"4,1",350.000,1.435.000,NH UNI SUSHI,NH,TK KN,,
HD3110-001,27/10/2025,Xuất,SP000176,Bạch tuộc LSNC 30-50,kg,"4,0",50.000,200.000,NH UNI SUSHI,NH,TK KN,,
HD3110-001,27/10/2025,Xuất,HAUHYOGO-M,Hàu Nhật Hyogo đông lạnh nguyên vỏ size M (9-11 con/kg),kg,"2,0",215.000,430.000,NH UNI SUSHI,NH,TK KN,,
HD3110-001,27/10/2025,Xuất,SP000137,Tako mix,kg,"20,0",130.000,2.600.000,MS THANH THẢO- SG,KL,TK KN,,
HD3110-001,27/10/2025,Xuất,SP000001,Bạch tuộc tako,kg,"70,5",339.120,23.907.960,CT TNHH NGUYÊN PHƯƠNG,NPP,TK KN,,
HD3110-001,27/10/2025,Xuất,SP000001,Bạch tuộc tako,kg,"14,7",320.760,4.715.172,CT TNHH NGUYÊN PHƯƠNG,NPP,TK KN,,
HD3110-001,27/10/2025,Xuất,SP000011,Lườn kiếm sashimi,kg,"7,1",265.000,1.892.100,HÂY SUSHI - CẦN THƠ,NH,TK KN,,
HD3110-001,27/10/2025,Xuất,SP000001,Bạch tuộc tako,kg,"14,3",310.000,4.433.000,MR TRƯỜNG SSM - PY,KL,TK KN,,
HD3110-001,27/10/2025,Xuất,SP000040,Bạch Tuộc Tako nhỏ,kg,"10,9",240.000,2.616.000,MR TRƯỜNG SSM - PY,KL,TK KN,,
HD3110-001,27/10/2025,Xuất,SP000041,Kiếm steak,kg,"50,0",114.450,5.722.500,CT TNHH MTV TM DV HH TP PHÚ QUỐC (ANH THỰC-PQ),NPP,TK KN,,
HD3110-001,27/10/2025,Xuất,SP000004,tuna saku,kg,"61,4",237.300,14.570.220,CT TNHH VẠN QUANG FOOD,NPP,TK KN,,
HD3110-001,27/10/2025,Xuất,SP000010,Chả cá,kg,"35,0",72.360,2.532.600,CT TNHH VẠN QUANG FOOD,NPP,TK KN,,
HD3110-001,27/10/2025,Xuất,SP000035,phí vận chuyển,Lần,"3,0",250.000,750.000,CT TNHH VẠN QUANG FOOD,NPP,TK KN,,
HD3110-001,27/10/2025,Xuất,SP000009-2,Tuna loin 3-5,kg,"20,4",173.250,3.534.300,CT TNHH VẠN QUANG FOOD,NPP,TK KN,,
HD3110-001,27/10/2025,Xuất,SP000001,Bạch tuộc tako,kg,"40,0",329.400,13.176.000,CT TNHH VẠN QUANG FOOD,NPP,TK KN,,
HD3110-001,28/10/2025,Xuất,SP000008,Râu bạch tuộc,kg,"15,0",362.250,5.433.750,NH QUẢNG NINH- CS2,NH,TK KN,,
HD3110-001,28/10/2025,Xuất,SP000007-01,Trứng nhum AA 100g/khay,kg,"10,0",1.260.000,12.600.000,CT TNHH DG GROUP (HARU - Q12),NH,TK KN,,
HD3110-001,28/10/2025,Xuất,SP000005,tuna steak,kg,"40,0",135.000,5.400.000,CT TNHH DG GROUP (HARU - Q12),NH,TK KN,,
HD3110-001,28/10/2025,Xuất,SP000227,Trứng Nhum AA 200g/khay,kg,"5,0",1.250.000,6.250.000,CT MARUSEI - SG,NPP,TK KN,,
HD3110-001,28/10/2025,Xuất,SP000007,Trứng nhum AB 200g/khay,kg,"50,0",1.230.000,61.500.000,CT TNHH OCEAN LINK VIỆT NHẬT,NPP,TK KN,,
HD3110-001,28/10/2025,Xuất,SP000007,Trứng nhum AB 200g/khay,kg,"20,0",1.000.000,20.000.000,CT TNHH OCEAN LINK VIỆT NHẬT,NPP,TK KN,,
HD3110-001,28/10/2025,Xuất,SP000077,Mực Nang sushi Sashimi (160g/ khay),khay,"10,0",105.000,1.050.000,"MR DUY - VĂN CAO, HN",KL,TK KN,,
HD3110-001,28/10/2025,Xuất,SP000077,Mực Nang sushi Sashimi (160g/ khay),khay,"15,0",90.300,1.354.500,CT MARUSEI - HN,NPP,TK KN,,
HD3110-001,28/10/2025,Xuất,SP000050,Tuna Saku A,kg,"3,0",390.000,1.170.000,HANA SS- THÁI BÌNH,NH,TK KN,,
HD3110-001,28/10/2025,Xuất,SP000001,Bạch tuộc tako,kg,"2,3",350.000,791.000,HANA SS- THÁI BÌNH,NH,TK KN,,
HD3110-001,28/10/2025,Xuất,SP000007-01,Trứng nhum AA 100g/khay,kg,"0,2",1.365.000,273.000,KIN SUSHI - LÂM ĐỒNG,KL,TK KN,,
HD3110-001,28/10/2025,Xuất,SP000050,Tuna Saku A,kg,"10,3",409.500,4.217.850,KIN SUSHI - LÂM ĐỒNG,KL,TK KN,,
HD3110-001,28/10/2025,Xuất,SP000050,Tuna Saku A,kg,"5,0",409.500,2.047.500,CT TNHH ĐT NGỌC THỊNH PHÁT (MR TÌNH),NH,TK KN,,
HD3110-001,28/10/2025,Xuất,SP000159,Rẻo cá cờ kiếm,kg,"57,0",40.000,2.280.000,MR GIANG- VẠN GIÃ,KL,TK KN,,
HD3110-001,28/10/2025,Xuất,SP000095,Nhum nguyên con (đvt: con),con,"900,0",5.500,4.950.000,CT TNHH MTV ĐẠT PHÚ NGUYÊN,NPP,TK KN,,
HD3110-001,28/10/2025,Xuất,SP000010,Chả cá,kg,"120,0",68.000,8.160.000,CT TNHH MTV ĐẠT PHÚ NGUYÊN,NPP,TK KN,,
HD3110-001,28/10/2025,Xuất,SP000001,Bạch tuộc tako,kg,"100,5",310.000,31.155.000,CT TNHH ĐT TS PHÚ THỊNH,NPP,TK KN,,
HD3110-001,29/10/2025,Xuất,SP000001,Bạch tuộc tako,kg,"59,8",310.000,18.538.000,CT TNHH TM TP SH (SH FOODS),NPP,TK KN,,
HD3110-001,29/10/2025,Xuất,SP000008,Râu bạch tuộc,kg,"10,2",325.000,3.315.000,CT TNHH TM TP SH (SH FOODS),NPP,TK KN,,
HD3110-001,29/10/2025,Xuất,SP000050,Tuna Saku A,kg,"7,0",420.000,2.940.000,MR HÙNG- MAI HẮC ĐẾ - HN,KL,TK KN,,
HD3110-001,29/10/2025,Xuất,SP0000236,Cá tai,kg,"6,6",250.000,1.657.500,"CT TNHH TISM & CO ( MR NAM- LA THÀNH,HN)",NH,TK KN,,
HD3110-001,29/10/2025,Xuất,SP0000121,Cá Hồng Biển,kg,"5,5",280.000,1.548.400,"CT TNHH TISM & CO ( MR NAM- LA THÀNH,HN)",NH,TK KN,,
HD3110-001,29/10/2025,Xuất,SP0000121,Cá Hồng Biển,kg,"1,1",230.000,253.000,CT TNHH PGF ASIA- HN,NPP,TK KN,,
HD3110-001,29/10/2025,Xuất,SP000289,Sò Lông Nửa Mảnh,kg,"3,0",115.000,345.000,CT TNHH PGF ASIA- HN,NPP,TK KN,,
HD3110-001,29/10/2025,Xuất,SP000188,"Cá Bè (Cá Khế, Cá Giấy, cá viễn)",kg,"10,1",235.000,2.373.500,CT TNHH PGF ASIA- HN,NPP,TK KN,,
HD3110-001,29/10/2025,Xuất,SP000188,"Cá Bè (Cá Khế, Cá Giấy, cá viễn)",kg,"5,2",250.000,1.291.250,MR HÙNG- MAI HẮC ĐẾ - HN,KL,TK KN,,
HD3110-001,29/10/2025,Xuất,SP000035,phí vận chuyển,Lần,"2,0",250.000,500.000,CT TNHH VẠN QUANG FOOD,NPP,TK KN,,
HD3110-001,29/10/2025,Xuất,SP000010,Chả cá,kg,"120,0",72.360,8.683.200,CT TNHH VẠN QUANG FOOD,NPP,TK KN,,
HD3110-001,29/10/2025,Xuất,SP000086,Mực Nang sushi Sashimi đông khay (200g/ khay),Khay,"1,0",0,0,CT TNHH MEAT AND FISH,NPP,TK KN,,
HD3110-001,29/10/2025,Xuất,SP000154,Bạch tuộc tako slice (160 gram/khay),Khay,"100,0",63.000,6.300.000,CT TNHH MEAT AND FISH,NPP,TK KN,,
HD3110-001,29/10/2025,Xuất,SP000001,Bạch tuộc tako,kg,"51,5",310.000,15.965.000,CT TNHH MEAT AND FISH,NPP,TK KN,,
HD3110-001,29/10/2025,Xuất,SP000020,Tuna rẻo CO,kg,"17,0",30.000,510.000,MR TRƯỜNG SSM - PY,KL,TK KN,,
HD3110-001,29/10/2025,Xuất,SP000001,Bạch tuộc tako,kg,"19,6",310.000,6.076.000,MR TRƯỜNG SSM - PY,KL,TK KN,,
HD3110-001,29/10/2025,Xuất,SP000008,Râu bạch tuộc,kg,"10,0",330.000,3.300.000,CT TNHH MTV TM NAM ANH FOODS (MR VINH- ĐÀ NẴNG),KL,TK KN,,
HD3110-001,29/10/2025,Xuất,SP000035,phí vận chuyển,Lần,"1,0",100.000,100.000,MR TOÀN - ĐÀ NẴNG,KL,TK KN,,
HD3110-001,29/10/2025,Xuất,SP000227,Trứng Nhum AA 200g/khay,kg,"5,0",1.250.000,6.250.000,MR TOÀN - ĐÀ NẴNG,KL,TK KN,,
HD3110-001,29/10/2025,Xuất,SP0000224,Mực Nang 500-800,kg,"44,1",188.000,8.290.800,CT TNHH MTV ĐẠT PHÚ NGUYÊN,NPP,TK KN,,
HD3110-001,29/10/2025,Xuất,SP000041,Kiếm steak,kg,"50,0",105.000,5.250.000,CT TNHH MTV ĐẠT PHÚ NGUYÊN,NPP,TK KN,,
HD3110-001,29/10/2025,Xuất,SP000118,chả cá hấp,kg,"30,0",71.000,2.130.000,CT TNHH MTV ĐẠT PHÚ NGUYÊN,NPP,TK KN,,
HD3110-001,29/10/2025,Xuất,SP000010,Chả cá,kg,"85,0",68.000,5.780.000,CT TNHH MTV ĐẠT PHÚ NGUYÊN,NPP,TK KN,,
HD3110-001,30/10/2025,Xuất,SP000289,Sò Lông Nửa Mảnh,kg,"1,0",133.000,133.000,MS THỦY TIÊN - HN,KL,TK KN,,
HD3110-001,30/10/2025,Xuất,SP000058,Hải Sâm,kg,"1,0",360.000,360.000,MS THỦY TIÊN - HN,KL,TK KN,,
HD3110-001,30/10/2025,Xuất,SP000095,Nhum nguyên con (đvt: con),con,"100,0",8.500,850.000,MS THỦY TIÊN - HN,KL,TK KN,,
HD3110-001,30/10/2025,Xuất,SP000268,Trứng Nhum Gai khay 200g,kg,"0,2",700.000,140.000,MS ĐÌNH PHONG - HN,KL,TK KN,,
HD3110-001,30/10/2025,Xuất,SP000001,Bạch tuộc tako,kg,"40,0",310.000,12.400.000,CT TNHH TP NHẬT KOTO (MR KIÊN- HL),NPP,TK KN,,
HD3110-001,30/10/2025,Xuất,SP000142,Mực nang nút 9-10,kg,"128,0",176.400,22.579.200,CT TNHH MTV TM DV HH TP PHÚ QUỐC (ANH THỰC-PQ),NPP,TK KN,,
HD3110-001,30/10/2025,Xuất,SP000069,Cá Cờ Kiếm Saku,kg,"1,2",395.000,474.000,CT TNHH NH NAM SAN F&B (SUSHI NOWZOON),NH,TK KN,,
HD3110-001,30/10/2025,Xuất,SP000001,Bạch tuộc tako,kg,"2,6",290.000,765.600,CT TNHH NH NAM SAN F&B (SUSHI NOWZOON),NH,TK KN,,
HD3110-001,30/10/2025,Xuất,SP000006,Nang roll,kg,"2,0",380.000,760.000,CT TNHH NH NAM SAN F&B (SUSHI NOWZOON),NH,TK KN,,
HD3110-001,30/10/2025,Xuất,SP000050,Tuna Saku A,kg,"2,6",390.000,1.014.000,CT TNHH NH NAM SAN F&B (SUSHI NOWZOON),NH,TK KN,,
HD3110-001,30/10/2025,Xuất,SP000011,Lườn kiếm sashimi,kg,"5,7",280.000,1.596.000,MR HẢI- HN,KL,TK KN,,
HD3110-001,30/10/2025,Xuất,SP000001,Bạch tuộc tako,kg,"39,4",339.120,13.361.328,CT TNHH NGUYÊN PHƯƠNG,NPP,TK KN,,
HD3110-001,30/10/2025,Xuất,SP000073,Vẹm Xanh Tách Vỏ ( PE),kg,"5,0",105.000,525.000,NH MAXI - NHA TRANG,NH,TK KN,,
HD3110-001,30/10/2025,Xuất,SP000035,phí vận chuyển,Lần,"3,0",250.000,750.000,CT TNHH VẠN QUANG FOOD,NPP,TK KN,,
HD3110-001,30/10/2025,Xuất,SP000010,Chả cá,kg,"80,0",72.360,5.788.800,CT TNHH VẠN QUANG FOOD,NPP,TK KN,,
HD3110-001,30/10/2025,Xuất,SP000009-2,Tuna loin 3-5,kg,"31,5",173.250,5.457.375,CT TNHH VẠN QUANG FOOD,NPP,TK KN,,
HD3110-001,30/10/2025,Xuất,SP000004,tuna saku,kg,"60,3",237.300,14.309.190,CT TNHH VẠN QUANG FOOD,NPP,TK KN,,
HD3110-001,30/10/2025,Xuất,SP000022,Tuna đầu đuôi portion,kg,"50,0",90.000,4.500.000,MS THƠM - NT,KL,TK KN,,
HD3110-001,30/10/2025,Xuất,SP000050,Tuna Saku A,kg,"10,0",390.000,3.900.000,BIG SUSHI - LÊ NHÃ - ĐN,NH,TK KN,,
HD3110-001,30/10/2025,Xuất,SP000050,Tuna Saku A,kg,"30,2",365.000,11.023.000,CT TNHH PGF ASIA- SG,NPP,TK KN,,
HD3110-001,30/10/2025,Xuất,SP000002,Bạch tuộc tươi,kg,"71,3",175.000,12.477.500,CT TNHH PGF ASIA- SG,NPP,TK KN,,
HD3110-001,30/10/2025,Xuất,SP000011,Lườn kiếm sashimi,kg,"2,8",350.000,973.000,MR THÁI - HN,KL,TK KN,,
HD3110-001,30/10/2025,Xuất,SP000009-2,Tuna loin 3-5,kg,"55,5",165.000,9.157.500,CT THỰC PHẨM NGÀY MỚI,NPP,TK KN,,
HD3110-001,30/10/2025,Xuất,SP000252,Chả Cá Viên,kg,"4,0",0,0,CT TNHH MTV ĐẠT PHÚ NGUYÊN,NPP,TK KN,,
HD3110-001,30/10/2025,Xuất,SP0000224,Mực Nang 500-800,kg,"44,3",188.000,8.328.400,CT TNHH MTV ĐẠT PHÚ NGUYÊN,NPP,TK KN,,
HD3110-001,30/10/2025,Xuất,SP000010,Chả cá,kg,"56,0",68.000,3.808.000,CT TNHH MTV ĐẠT PHÚ NGUYÊN,NPP,TK KN,,
HD3110-001,30/10/2025,Xuất,SP000035,phí vận chuyển,Lần,"1,0",150.000,150.000,CT TNHH VẠN QUANG FOOD,NPP,TK KN,,
HD3110-001,30/10/2025,Xuất,SP000010,Chả cá,kg,"60,0",72.360,4.341.600,CT TNHH VẠN QUANG FOOD,NPP,TK KN,,
PN3110-001,18/10/2025,Nhập,SP000094,Bạch tuộc tươi size 1up,kg,"1,1",105.000,115.500,NCC KIM DUNG - NINH HÒA,NCC,TK Nợ NCC,,
PN3110-001,18/10/2025,Nhập,SP000002,Bạch tuộc tươi,kg,"32,9",150.000,4.935.000,NCC KIM DUNG - NINH HÒA,NCC,TK Nợ NCC,,
PN3110-001,18/10/2025,Nhập,SP000095,Nhum nguyên con (đvt: con),con,"2.000,0",3.000,6.000.000,NCC NHUM ĐEN - NGUYỄN THỊ PHÚC,NCC,TK Nợ NCC,,
PN3110-001,18/10/2025,Nhập,SP000010,Chả cá,kg,"300,0",56.000,16.800.000,NCC CHẢ CÁ - TRÍ - PY,NCC,TK Nợ NCC,,
PN3110-001,18/10/2025,Nhập,SP000160,Phí gia công,kg,"1,0",720.720,720.720,CÔNG TY TNHH EBT SÀI GÒN,NCC,TK Nợ NCC,,
PN3110-001,18/10/2025,Nhập,SP000009-1,Tuna loin 5up,kg,"890,2",138.600,123.374.790,CÔNG TY TNHH EBT SÀI GÒN,NCC,TK Nợ NCC,,
PN3110-001,18/10/2025,Nhập,SP000009-2,Tuna loin 3-5,kg,"30,7",138.600,4.248.090,CÔNG TY TNHH EBT SÀI GÒN,NCC,TK Nợ NCC,,
PN3110-001,19/10/2025,Nhập,SP000184,Sò Lông nguyên liệu,kg,"200,0",40.000,8.000.000,NCC NHUM ĐEN - NGUYỄN THỊ PHÚC,NCC,TK Nợ NCC,,
PN3110-001,19/10/2025,Nhập,SP000095,Nhum nguyên con (đvt: con),con,"2.050,0",3.000,6.150.000,NCC NHUM ĐEN - NGUYỄN THỊ PHÚC,NCC,TK Nợ NCC,,
PN3110-001,20/10/2025,Nhập,SP000094,Bạch tuộc tươi size 1up,kg,"29,2",115.000,3.358.000,NCC PHẠM THỊ LỢI - PHÚ QUÝ,NCC,TK Nợ NCC,,
PN3110-001,20/10/2025,Nhập,SP000002,Bạch tuộc tươi,kg,"498,6",145.000,72.297.000,NCC PHẠM THỊ LỢI - PHÚ QUÝ,NCC,TK Nợ NCC,,
PN3110-001,20/10/2025,Nhập,SP0000100,Nhum hũ,kg,"22,4",850.000,19.040.000,NCC VÕ THỊ THẮM - PHÚ QUÝ,NCC,TK Nợ NCC,,
PN3110-001,21/10/2025,Nhập,SP000184,Sò Lông nguyên liệu,kg,"300,0",40.000,12.000.000,NCC NHUM ĐEN - NGUYỄN THỊ PHÚC,NCC,TK Nợ NCC,,
PN3110-001,21/10/2025,Nhập,SP000004,tuna saku,kg,"79,0",205.000,16.195.000,CT TRƯỜNG THẢO - PY (TRƯỜNG),NCC,TK Nợ NCC,,
PN3110-001,22/10/2025,Nhập,HAUHYOGO-M,Hàu Nhật Hyogo đông lạnh nguyên vỏ size M (9-11 con/kg),kg,"10,0",200.000,2.000.000,NCC MARUSEI- ĐÀ NẴNG,NCC,TK Nợ NCC,,
PN3110-001,22/10/2025,Nhập,SP000010,Chả cá,kg,"300,0",60.000,18.000.000,NCC CHẢ CÁ - CHỊ TUYẾT SƯƠNG - PY,NCC,TK Nợ NCC,,
PN3110-001,23/10/2025,Nhập,SP000095,Nhum nguyên con (đvt: con),con,"200,0",9.000,1.800.000,NCC NHUM ĐEN - QUANH BÙI,NCC,TK Nợ NCC,,
PN3110-001,23/10/2025,Nhập,SP000041,Kiếm steak,kg,"56,0",85.000,4.760.000,CT TRƯỜNG THẢO - PY (TRƯỜNG),NCC,TK Nợ NCC,,
PN3110-001,23/10/2025,Nhập,SP000002,Bạch tuộc tươi,kg,"44,3",140.000,6.202.000,NCC TRẦN THỊ ÚT - PHÚ YÊN,NCC,TK Nợ NCC,,
PN3110-001,23/10/2025,Nhập,SP000010,Chả cá,kg,"180,0",60.000,10.800.000,NCC CHẢ CÁ - CHỊ TUYẾT SƯƠNG - PY,NCC,TK Nợ NCC,,
PN3110-001,23/10/2025,Nhập,SP000010,Chả cá,kg,"364,0",56.000,20.384.000,NCC CHẢ CÁ - TRÍ - PY,NCC,TK Nợ NCC,,
PN3110-001,23/10/2025,Nhập,SP000035,phí vận chuyển,Lần,"1,0",60.000,60.000,NCC LỢI THU - PHÚ QUÝ,NCC,TK Nợ NCC,,
PN3110-001,23/10/2025,Nhập,SP000079,Mực Ống,kg,"20,0",275.000,5.500.000,NCC LỢI THU - PHÚ QUÝ,NCC,TK Nợ NCC,,
PN3110-001,24/10/2025,Nhập,SP000094,Bạch tuộc tươi size 1up,kg,"2,6",95.000,247.000,NCC KIM DUNG - NINH HÒA,NCC,TK Nợ NCC,,
PN3110-001,24/10/2025,Nhập,SP000002,Bạch tuộc tươi,kg,"17,8",150.000,2.670.000,NCC KIM DUNG - NINH HÒA,NCC,TK Nợ NCC,,
PN3110-001,24/10/2025,Nhập,SP000035,phí vận chuyển,Lần,"1,0",200.000,200.000,NCC MR TRƯỜNG SSM - PY ,NCC,TK Nợ NCC,,
PN3110-001,24/10/2025,Nhập,SP000188,"Cá Bè (Cá Khế, Cá Giấy, cá viễn)",kg,"14,7",175.000,2.567.250,NCC MR TRƯỜNG SSM - PY ,NCC,TK Nợ NCC,,
PN3110-001,24/10/2025,Nhập,SP0000121,Cá Hồng Biển,kg,"4,0",190.000,756.200,NCC MR TRƯỜNG SSM - PY ,NCC,TK Nợ NCC,,
PN3110-001,24/10/2025,Nhập,SP000184,Sò Lông nguyên liệu,kg,"300,0",40.000,12.000.000,NCC NHUM ĐEN - NGUYỄN THỊ PHÚC,NCC,TK Nợ NCC,,
PN3110-001,24/10/2025,Nhập,SP000095,Nhum nguyên con (đvt: con),con,"5.600,0",3.000,16.800.000,NCC NHUM ĐEN - NGUYỄN THỊ PHÚC,NCC,TK Nợ NCC,,
PN3110-001,25/10/2025,Nhập,SP000010,Chả cá,kg,"120,0",60.000,7.200.000,NCC CHẢ CÁ - CHỊ TUYẾT SƯƠNG - PY,NCC,TK Nợ NCC,,
PN3110-001,27/10/2025,Nhập,sp000002-1,Bạch tuộc tươi (hàng đỏ),kg,"30,0",130.000,3.900.000,NCC BÉ TÂN - VĨNH LƯƠNG,NCC,TK Nợ NCC,,
PN3110-001,27/10/2025,Nhập,SP000002,Bạch tuộc tươi,kg,"23,0",135.000,3.105.000,NCC BÉ TÂN - VĨNH LƯƠNG,NCC,TK Nợ NCC,,
PN3110-001,27/10/2025,Nhập,SP000095,Nhum nguyên con (đvt: con),con,"4.100,0",3.000,12.300.000,NCC NHUM ĐEN - NGUYỄN THỊ PHÚC,NCC,TK Nợ NCC,,
PN3110-001,27/10/2025,Nhập,SP000010,Chả cá,kg,"355,5",56.000,19.908.000,NCC CHẢ CÁ - TRÍ - PY,NCC,TK Nợ NCC,,
PN3110-001,27/10/2025,Nhập,sp000002-1,Bạch tuộc tươi (hàng đỏ),kg,"65,7",130.000,8.541.000,NCC BÉ TÂN - VĨNH LƯƠNG,NCC,TK Nợ NCC,,
PN3110-001,27/10/2025,Nhập,SP000002,Bạch tuộc tươi,kg,"125,5",135.000,16.942.500,NCC BÉ TÂN - VĨNH LƯƠNG,NCC,TK Nợ NCC,,
PN3110-001,27/10/2025,Nhập,SP0000100,Nhum hũ,kg,"48,0",950.000,45.600.000,HOÀNG THỊ THÚY - HÒN RỚ (CÔ THỦY),NCC,TK Nợ NCC,,
PN3110-001,28/10/2025,Nhập,SP0000224,Mực Nang 500-800,kg,"38,9",172.000,6.690.800,CT HẢI SẢN LINH LINH,NCC,TK Nợ NCC,,
PN3110-001,28/10/2025,Nhập,SP000010,Chả cá,kg,"300,0",60.000,18.000.000,NCC CHẢ CÁ - CHỊ TUYẾT SƯƠNG - PY,NCC,TK Nợ NCC,,
PN3110-001,28/10/2025,Nhập,SP0000100,Nhum hũ,kg,"20,2",966.089,19.514.998,NCC NHUM - ĐẶNG - LÝ SƠN,NCC,TK Nợ NCC,,
PN3110-001,28/10/2025,Nhập,SP0000224,Mực Nang 500-800,kg,"166,0",190.000,31.540.000,CT HOÀN TRUYỀN,NCC,TK Nợ NCC,,
PN3110-001,28/10/2025,Nhập,SP000142,Mực nang nút 9-10,kg,"108,0",150.000,16.200.000,CT HOÀN TRUYỀN,NCC,TK Nợ NCC,,
PN3110-001,28/10/2025,Nhập,SP000086,Mực Nang sushi Sashimi đông khay (200g/ khay),Khay,"200,0",79.800,15.960.000,CT GO FOOD - KIÊN GIANG (MR CÔNG),NCC,TK Nợ NCC,,
PN3110-001,29/10/2025,Nhập,SP0000100,Nhum hũ,kg,"1,6",1.050.000,1.680.000,NCC NHUM - SON - NINH HÒA,NCC,TK Nợ NCC,,
PN3110-001,29/10/2025,Nhập,SP000094,Bạch tuộc tươi size 1up,kg,"1,4",105.000,147.000,NCC NHUM - SON - NINH HÒA,NCC,TK Nợ NCC,,
PN3110-001,29/10/2025,Nhập,SP000002,Bạch tuộc tươi,kg,"23,6",150.000,3.540.000,NCC NHUM - SON - NINH HÒA,NCC,TK Nợ NCC,,
PN3110-001,29/10/2025,Nhập,SP000002,Bạch tuộc tươi,kg,"3,8",130.000,494.000,NCC NHUM ĐEN - NGUYỄN THỊ PHÚC,NCC,TK Nợ NCC,,
PN3110-001,29/10/2025,Nhập,SP000095,Nhum nguyên con (đvt: con),con,"4.350,0",3.000,13.050.000,NCC NHUM ĐEN - NGUYỄN THỊ PHÚC,NCC,TK Nợ NCC,,
PN3110-001,29/10/2025,Nhập,SP000035,phí vận chuyển,Lần,"1,0",200.000,200.000,NCC MR TRƯỜNG SSM - PY ,NCC,TK Nợ NCC,,
PN3110-001,29/10/2025,Nhập,SP0000236,Cá tai,kg,"6,6",170.000,1.127.100,NCC MR TRƯỜNG SSM - PY ,NCC,TK Nợ NCC,,
PN3110-001,29/10/2025,Nhập,SP000188,"Cá Bè (Cá Khế, Cá Giấy, cá viễn)",kg,"15,7",180.000,2.817.000,NCC MR TRƯỜNG SSM - PY ,NCC,TK Nợ NCC,,
PN3110-001,29/10/2025,Nhập,SP0000121,Cá Hồng Biển,kg,"5,5",190.000,1.050.700,NCC MR TRƯỜNG SSM - PY ,NCC,TK Nợ NCC,,
PN3110-001,29/10/2025,Nhập,SP000010,Chả cá,kg,"300,0",60.000,18.000.000,NCC CHẢ CÁ - CHỊ TUYẾT SƯƠNG - PY,NCC,TK Nợ NCC,,
PN3110-001,29/10/2025,Nhập,SP000252,Chả Cá Viên,kg,"5,0",80.000,400.000,NCC CHẢ CÁ - CHỊ TUYẾT SƯƠNG - PY,NCC,TK Nợ NCC,,
PN3110-001,30/10/2025,Nhập,sp000002-1,Bạch tuộc tươi (hàng đỏ),kg,"3,7",115.000,425.500,NCC CHỊ GÁI - VĨNH TRƯỜNG,NCC,TK Nợ NCC,,
PN3110-001,30/10/2025,Nhập,SP000002,Bạch tuộc tươi,kg,"36,3",125.000,4.537.500,NCC CHỊ GÁI - VĨNH TRƯỜNG,NCC,TK Nợ NCC,,
PN3110-001,30/10/2025,Nhập,SP000094,Bạch tuộc tươi size 1up,kg,"29,2",115.000,3.358.000,NCC PHẠM THỊ LỢI - PHÚ QUÝ,NCC,TK Nợ NCC,,
PN3110-001,30/10/2025,Nhập,SP000002,Bạch tuộc tươi,kg,"385,1",145.000,55.839.500,NCC PHẠM THỊ LỢI - PHÚ QUÝ,NCC,TK Nợ NCC,,
PN3110-001,15/10/2025,Nhập,SP000094,Bạch tuộc tươi size 1up,kg,"5,1",105.000,530.250,NCC NHUM - SON - NINH HÒA,NCC,TK Nợ NCC,,
PN3110-001,15/10/2025,Nhập,SP000002,Bạch tuộc tươi,kg,"18,0",150.000,2.700.000,NCC NHUM - SON - NINH HÒA,NCC,TK Nợ NCC,,
PN3110-001,15/10/2025,Nhập,sp000002-1,Bạch tuộc tươi (hàng đỏ),kg,"6,6",140.000,924.000,NCC NHUM - SON - NINH HÒA,NCC,TK Nợ NCC,,
PN3110-001,04/10/2025,Nhập,SP000002,Bạch tuộc tươi,kg,"15,5",135.000,2.092.500,NCC CHỊ NGÂN - HÒN XỆN,NCC,TK Nợ NCC,,