Ngày,Loại,Hạng mục,Diễn giải,Số tiền,Người thực hiện,Đối tượng,Dạng đối tượng,Tài khoản,Tài khoản liên quan,Mã giao dịch,Chứng từ
08/11/2025,Thu,,Anh Hoàng Vũ thanh toán công nợ,4.550.000,Trang,,,Tk Ni,,20251108-001,
07/11/2025,Chi,,"Thanh toán tiền nước T10,2025",2.485.896,Trang,,,Tiền mặt,,20251107-001,
07/11/2025,Chi,,Mr Hoàn gửi phong bì cho bên thôn Cát Lợi: Đại hội chi bộ.  Mua mì tôm gạo tặng người nghèo,1.000.000,Trang,,,Tiền mặt,,20251107-002,
07/11/2025,Chi,,Gửi 1 thùng tài thắng cho Phương HN,250.000,Trang,,,Tiền mặt,,20251107-003,
07/11/2025,Chi,,Mua 2 bình nhớt cho máy hck,240.000,Trang,,,Tiền mặt,,20251107-004,
07/11/2025,Chi,,Gửi 2 thùng cho vạn quang phú quốc,500.000,Trang,,,Tiền mặt,,20251107-005,
07/11/2025,Chi,,Gửi 1 thùng cho vạn quang vĩnh long,150.000,Trang,,,Tiền mặt,,20251107-006,
07/11/2025,Chi,,Gửi 5 thùng cho DPN,500.000,Trang,,,Tiền mặt,,20251107-007,
07/11/2025,Thu,,CT TNHH KIWAMI VIET NAM chuyen tien thanh toan công nợ hd 1166,1.745.625,Trang,,,TCB CTY,,20251107-008,
07/11/2025,Chi,,CK trả lại tiền dư công nợ T10 của DPN (đã unc qua tk công ty),10.711.000,Trang,,,TK Linh,,20251107-009,
07/11/2025,Thu,,"Go Food ck trả (do mình nhờ xuất hóa đơn, xong unc qua tk công ty cho họ), họ ck trả tk cá nhân (HĐ 156:  339.444.000, mình mới unc 89,444,000 vnđ, họ trừ vat hết hóa đơn: 16,164,000 còn lại ck mình 73,280,000)",73.280.000,Trang,,,TK Dung,,20251107-010,
07/11/2025,Thu,,KS Mường Thanh thanh toán công nợ bill 7/11,4.160.000,Trang,,,Tk Ni,,20251107-011,
06/11/2025,Chi,,Mua đồ đơm,75.000,Trang,,,Tiền mặt,,20251106-001,
06/11/2025,Thu,,Anh Việt ST thanh toán công nợ,5.750.000,Trang,,,Tiền mặt,,20251106-002,
06/11/2025,Chi,,TT công nợ chả cá Trí,5.750.000,Trang,,,Tiền mặt,,20251106-003,
06/11/2025,Thu,,Family thanh toán công nợ,2.520.000,Trang,,,Tiền mặt,,20251106-004,
06/11/2025,Chi,,TT công nợ chả cá Trí,2.520.000,Trang,,,Tiền mặt,,20251106-005,
06/11/2025,Thu,,Ngọc Anh ĐN thanh toán công nợ,6.350.000,Trang,,,Tiền mặt,,20251106-006,
06/11/2025,Chi,,TT công nợ chả cá Trí,6.350.000,Trang,,,Tiền mặt,,20251106-007,
06/11/2025,Chi,,Mua 15 bao đá bi,345.000,Trang,,,Tiền mặt,,20251106-008,
06/11/2025,Thu,,chị Hằng totoro DN thanh toán công nợ phần cá nhân,2.744.500,Trang,,,Tiền mặt,,20251106-009,
06/11/2025,Chi,,TT công nợ chả cá Trí,2.744.500,Trang,,,Tiền mặt,,20251106-010,
06/11/2025,Thu,,TP ngày mới thanh toán công nợ,11.213.500,Trang,,,Tiền mặt,,20251106-011,
06/11/2025,Chi,,TT công nợ chị Bé tân,11.213.500,Trang,,,Tiền mặt,,20251106-012,
06/11/2025,Chi,,Gửi 3 thùng xe cont cho Phương HN,750.000,Trang,,,Tiền mặt,,20251106-013,
06/11/2025,Chi,,Gửi 1 thùng cho Vạn quang phú quốc + 1 thùng cho baba phú quốc,450.000,Trang,,,Tiền mặt,,20251106-014,
06/11/2025,Chi,,thanh toan hoa don 2901 cho cty DL Phuong Nam,1.830.000,Trang,,,TCB CTY,,20251106-015,
06/11/2025,Chi,,thanh toan tien mua nhum cho Nguyen Thi Dang tt công nợ,19.515.000,Trang,,,TCB CTY,,20251106-016,
06/11/2025,Thu,,VinRoll ck tt công nợ,18.740.925,Trang,,,TCB CTY,,20251106-017,
06/11/2025,Thu,,VU THI HUONG chuyen tien cs1 tt công nợ,2.602.950,Trang,,,TCB CTY,,20251106-018,
06/11/2025,Thu,,VU THI HUONG chuyen tien cs2 tt công nợ,9.056.250,Trang,,,TCB CTY,,20251106-019,
06/11/2025,Thu,,Sơn Ba thanh toán công nợ bill 3/11,1.680.000,Trang,,,TCB CTY,,20251106-020,
06/11/2025,Chi,,TT công nợ chị PHúc,25.840.000,Trang,,,TK Linh,,20251106-021,
06/11/2025,Thu,,Anh Thêu thanh toán công nợ,2.260.000,Trang,,,TK Dung,,20251106-022,
06/11/2025,Thu,,Doan Tam thanh toán công nợ,3.300.000,Trang,,,TK Dung,,20251106-023,
06/11/2025,Thu,,Anh hùng mai hắc đế tt công nợ,2.730.000,Trang,,,Tk Ngợi,,20251106-024,
06/11/2025,Thu,,Hana sushi thái bình tt công nợ,1.961.000,Trang,,,Tk Ngợi,,20251106-025,
05/11/2025,Chi,Chi phí khác,Mua đồ cúng,210.000,Trang,Khác,Khác,Tiền mặt,,20251105-001,
05/11/2025,Chi,Khác,Dự án nhum: phong bì đưa thầy,2.000.000,Trang,Khác,Khác,Tiền mặt,,20251105-002,
05/11/2025,Chi,Khác,Dự án nhum: Mua đồ cúng,250.000,Trang,Khác,Khác,Tiền mặt,,20251105-003,
05/11/2025,Thu,Chuyển nội bộ,Rút tiền tk công ty,140.000.000,Trang,Khác,Khác,Tiền mặt,,20251105-004,
05/11/2025,Chi,Chi phí nguyên vật liệu,Nhận 4t nang của HS linh linh gửi + 2t kiếm tươi của Thúy bãi Vũ Mập,1.120.000,Trang,Khác,Khác,Tiền mặt,,20251105-005,
05/11/2025,Chi,Lương thưởng,Hoàn,1.198.000,Trang,Khác,Khác,Tiền mặt,,20251105-006,
05/11/2025,Chi,Lương thưởng,Sơn,4.219.000,Trang,Khác,Khác,Tiền mặt,,20251105-007,
05/11/2025,Chi,Lương thưởng,Sa,1.509.000,Trang,Khác,Khác,Tiền mặt,,20251105-008,
05/11/2025,Thu,Lương thưởng,Trang  trả lại lương dư,3.265.000,Trang,Khác,Khác,Tiền mặt,,20251105-009,
05/11/2025,Thu,Lương thưởng,Mỹ Hiền ck trả lại lương dư,1.601.000,Trang,Khác,Khác,Tiền mặt,,20251105-010,
05/11/2025,Chi,Lương thưởng,Lệ,7.417.000,Trang,Khác,Khác,Tiền mặt,,20251105-011,
05/11/2025,Chi,Lương thưởng,Phương,3.227.000,Trang,Khác,Khác,Tiền mặt,,20251105-012,
05/11/2025,Chi,Lương thưởng,Trâm Anh,12.870.000,Trang,Khác,Khác,Tiền mặt,,20251105-013,
05/11/2025,Chi,Lương thưởng,Cơ động,5.000.000,Trang,Khác,Khác,Tiền mặt,,20251105-014,
05/11/2025,Chi,Lương thưởng,Trung,11.151.250,Trang,Khác,Khác,Tiền mặt,,20251105-015,
05/11/2025,Chi,Lương thưởng,Duyên (ck 3tr còn tiền mặt),8.500.000,Trang,Khác,Khác,Tiền mặt,,20251105-016,
05/11/2025,Chi,Lương thưởng,Ly (ck 3tr còn tiền mặt),6.733.000,Trang,Khác,Khác,Tiền mặt,,20251105-017,
05/11/2025,Chi,Lương thưởng,Lý,6.875.000,Trang,Khác,Khác,Tiền mặt,,20251105-018,
05/11/2025,Thu,Lương thưởng,Vương ck trả lại lương dư,2.613.000,Trang,Khác,Khác,Tiền mặt,,20251105-019,
05/11/2025,Chi,Lương thưởng,Khang,7.000.000,Trang,Khác,Khác,Tiền mặt,,20251105-020,
05/11/2025,Chi,Lương thưởng,Thiện Chí,7.625.000,Trang,Khác,Khác,Tiền mặt,,20251105-021,
05/11/2025,Chi,Lương thưởng,Dư,4.625.000,Trang,Khác,Khác,Tiền mặt,,20251105-022,
05/11/2025,Chi,Lương thưởng,Thảo,7.434.000,Trang,Khác,Khác,Tiền mặt,,20251105-023,
05/11/2025,Chi,Lương thưởng,Phượng,6.755.000,Trang,Khác,Khác,Tiền mặt,,20251105-024,
05/11/2025,Chi,Lương thưởng,Hiền,6.636.000,Trang,Khác,Khác,Tiền mặt,,20251105-025,
05/11/2025,Chi,Lương thưởng,Nở,7.146.000,Trang,Khác,Khác,Tiền mặt,,20251105-026,
05/11/2025,Chi,Lương thưởng,Luyến,7.739.000,Trang,Khác,Khác,Tiền mặt,,20251105-027,
05/11/2025,Chi,Lương thưởng,Thủy,4.696.000,Trang,Khác,Khác,Tiền mặt,,20251105-028,
05/11/2025,Chi,Lương thưởng,Thy,6.340.000,Trang,Khác,Khác,Tiền mặt,,20251105-029,
05/11/2025,Chi,Lương thưởng,Bình,3.138.000,Trang,Khác,Khác,Tiền mặt,,20251105-030,
05/11/2025,Chi,Lương thưởng,Tuấn,8.699.000,Trang,Khác,Khác,Tiền mặt,,20251105-031,
05/11/2025,Chi,Vận chuyển,"Phí vckv hn từ 21-31/10 (sau khi trừ tiền mặt Phương thu của khách Quốc Hoàn, Thủy Tiên, chị Linh HN)",273.000,Trang,Khác,Khác,Tiền mặt,,20251105-032,
05/11/2025,Chi,Vận chuyển,Phí vckv SG từ 14-31/10 (sau khi trừ 711k bên file thu chi Lệ),1.509.000,Trang,Khác,Khác,Tiền mặt,,20251105-033,
05/11/2025,Thu,Doanh thu Bán hàng,Thu tiền mặt công nợ T9 của Du Thuyền,10.092.000,Trang,CT CP TẬP ĐOÀN DU THUYỀN- NHA TRANG,NH,Tiền mặt,,20251105-034,
05/11/2025,Chi,Khác,Dự án nhum: Tiền thầy mua lễ cúng,1.705.000,Trang,Khác,Khác,Tiền mặt,,20251105-035,
05/11/2025,Chi,Vận chuyển,Thanh toán tiền Grab A Trãi 5 đơn,350.000,Trang,Khác,Khác,Tiền mặt,,20251105-036,
05/11/2025,Chi,Chi phí nguyên vật liệu,Thanh toán phí vận chuyển loin ngừ tươi Ý gửi từ bến xe hà nội đến nơi cho khách,200.000,Trang,Khác,Khác,Tiền mặt,,20251105-037,
05/11/2025,Chi,Chi phí khác,Mua 01 quạt cây cho văn phòng,350.000,Trang,Khác,Khác,Tiền mặt,,20251105-038,
05/11/2025,Chi,Chi phí Sản xuất chung,Mua 15 bao đá bi,345.000,Trang,Khác,Khác,Tiền mặt,,20251105-039,
05/11/2025,Chi,Vận chuyển,Gửi 7 thùng cho Ocean Link,700.000,Trang,Khác,Khác,Tiền mặt,,20251105-040,
05/11/2025,Chi,Vận chuyển,Gửi 1 thùng cho Marusei DN,100.000,Trang,Khác,Khác,Tiền mặt,,20251105-041,
05/11/2025,Thu,Doanh thu Bán hàng,DPN THANH TOAN ECO HD SO 1086 THANG 10 2025 công nợ,370.796.355,Trang,CT TNHH MTV ĐẠT PHÚ NGUYÊN,NPP,TCB CTY,,20251105-042,
05/11/2025,Thu,Doanh thu Bán hàng,DPN THANH TOAN ECO HD SO 1144 1145 THANG 10 2025 công nợ,384.433.259,Trang,CT TNHH MTV ĐẠT PHÚ NGUYÊN,NPP,TCB CTY,,20251105-043,
05/11/2025,Chi,Chuyển nội bộ,Rút tiền tk công ty,140.000.000,Trang,Khác,Khác,TCB CTY,,20251105-044,
05/11/2025,Thu,Doanh thu Bán hàng,NGUYEN DAO PHUONG LINH chuyen tien công nợ,2.722.845,Trang,CT TNHH TM DV VÀ TP PHƯƠNG LINH,KL,TCB CTY,,20251105-045,
05/11/2025,Chi,Chi phí nguyên vật liệu,thanh toan hoa don 599 cho cty HS Linh Linh TT công nợ,58.225.440,Trang,CT HẢI SẢN LINH LINH,NCC,TCB CTY,,20251105-046,
05/11/2025,Chi,Lương thưởng,Hoàn,10.925.000,Trang,Khác,Khác,TCB CTY,,20251105-047,
05/11/2025,Chi,Lương thưởng,Sơn,10.601.250,Trang,Khác,Khác,TCB CTY,,20251105-048,
05/11/2025,Chi,Lương thưởng,Sa,10.601.250,Trang,Khác,Khác,TCB CTY,,20251105-049,
05/11/2025,Chi,Lương thưởng,Trang,10.601.250,Trang,Khác,Khác,TCB CTY,,20251105-050,
05/11/2025,Chi,Lương thưởng,Mỹ Hiền,10.601.250,Trang,Khác,Khác,TCB CTY,,20251105-051,
05/11/2025,Chi,Lương thưởng,Ngợi,10.601.250,Trang,Khác,Khác,TCB CTY,,20251105-052,
05/11/2025,Chi,Lương thưởng,Phương,10.082.019,Trang,Khác,Khác,TCB CTY,,20251105-053,
05/11/2025,Chi,Lương thưởng,Vương,10.082.019,Trang,Khác,Khác,TCB CTY,,20251105-054,
05/11/2025,Thu,Doanh thu Bán hàng,sushi tiger thanh toan cong no SAKA NA thang 10 công nợ,12.257.326,Trang,"CT TNHH TISM & CO ( MR NAM- LA THÀNH,HN)",NH,TCB CTY,,20251105-055,
05/11/2025,Thu,Doanh thu Bán hàng,"Marusei thanh toan Eco HD 1094, 1107, 1137 công nợ",23.667.000,Trang,CT MARUSEI - ĐN,NPP,TCB CTY,,20251105-056,
05/11/2025,Thu,Doanh thu Bán hàng,CONG TY TNHH DAU TU NTP TT CA NGU 2 810 công nợ,2.047.500,Trang,CT TNHH ĐT NGỌC THỊNH PHÁT (MR TÌNH),NH,TCB CTY,,20251105-057,
05/11/2025,Chi,Vận chuyển,"Thanh toán phí ship kvsg 15-31/10/2025 (còn lại Trang ck thêm: 2220k-711k= 1,509,000)",711.000,Trang,Khác,Khác,TK Lệ,,20251105-058,
05/11/2025,Thu,Doanh thu Bán hàng,Green Good thanh toán công nợ t10,30.845.000,Trang,CT GREENGOOD,NPP,TK Linh,,20251105-059,
05/11/2025,Chi,Chi phí khác,Sơn mua thêm dây thép chống bão,95.000,Trang,Khác,Khác,TK Sơn,,20251105-060,
05/11/2025,Chi,Chi phí nguyên vật liệu,TT công nợ bt a Tới phú quý,23.203.000,Trang,NCC BT - ANH TỚI - PHÚ QUÝ,NCC,TK Dung,,20251105-061,
05/11/2025,Thu,Doanh thu Bán hàng,CT TNHH TISM & CO ( MR NAM- Nguyễn Văn Ngọc) tt công nợ,948.672,Trang,"CT TNHH TISM & CO ( MR NAM- LA THÀNH,HN)",NH,TK Dung,,20251105-062,
05/11/2025,Thu,Doanh thu Bán hàng,Chị Trinh q7 thanh toán công nợ,3.900.000,Trang,MS TRINH- QUẬN 7,KL,TK Dung,,20251105-063,
05/11/2025,Thu,Lương thưởng,Ngợi trả lại phần lương dư,412.000,Trang,Khác,Khác,Tk Ngợi,,20251105-064,
05/11/2025,Chi,Khác,Dự án nhum: thanh toán tiền mua nhum con + cá bò hòm: 1095*6+5*40,6.770.000,Trang,Khác,Khác,Tk Ngợi,,20251105-065,
04/11/2025,Chi,Chi phí khác,"Thanh toán tiền internet kvHN t10,2025",260.000,Trang,Khác,Khác,Tiền mặt,,20251104-001,
04/11/2025,Chi,Chi phí nguyên vật liệu,Nhận 7 thùng tuna loin tươi Ý gửi + 2thùng kiếm + 4t loin tươi Thúy gửi + tiền bãi Vũ Mập,2.750.000,Trang,Khác,Khác,Tiền mặt,,20251104-002,
04/11/2025,Thu,Doanh thu Bán hàng,A Toàn đà nẵng thanh toán công nợ ,6.350.000,Trang,MR TOÀN - ĐÀ NẴNG,KL,Tiền mặt,,20251104-003,
04/11/2025,Chi,Chi phí nguyên vật liệu,TT công nợ chả cá Trí,6.350.000,Trang,NCC CHẢ CÁ - TRÍ - PY,NCC,Tiền mặt,,20251104-004,
04/11/2025,Thu,Doanh thu Bán hàng,Mr Trường SG (Ông Thọ) thanh toán công nợ,2.750.000,Trang,MR TRƯỜNG - SG,KL,Tiền mặt,,20251104-005,
04/11/2025,Chi,Chi phí nguyên vật liệu,TT công nợ chả Cá Trí,2.750.000,Trang,NCC CHẢ CÁ - TRÍ - PY,NCC,Tiền mặt,,20251104-006,
04/11/2025,Chi,Chi phí Sản xuất chung,Mua 15 bao đá bi,345.000,Trang,Khác,Khác,Tiền mặt,,20251104-007,
04/11/2025,Chi,Vận chuyển,Gửi 2 thùng xe tài thắng cho Phương HN,500.000,Trang,Khác,Khác,Tiền mặt,,20251104-008,
04/11/2025,Chi,Chi phí Sản xuất chung,Tiền thu gom rác 32 bao,320.000,Trang,Khác,Khác,Tiền mặt,,20251104-009,
04/11/2025,Chi,Vận chuyển,Gửi 1 thùng cho chị Giang cần thơ,100.000,Trang,Khác,Khác,Tiền mặt,,20251104-010,
04/11/2025,Chi,Vận chuyển,Gửi 9t cho DPN + 1t anh Nhân + 1t Anh Nghĩa ĐN,1.000.000,Trang,Khác,Khác,Tiền mặt,,20251104-011,
04/11/2025,Chi,Chi phí Sản xuất chung,Cong ty co phan thuc pham eco organic nha trang PQ09000856784 thanh toan tien dien ky thang 10.2025,22.402.932,Trang,Khác,Khác,TCB CTY,,20251104-012,
04/11/2025,Chi,Chi phí Sản xuất chung,Cong ty co phan thuc pham eco organic nha trang PQ09000853144 thanh toan tien dien ky thang  10.2025,21.909.735,Trang,Khác,Khác,TCB CTY,,20251104-013,
04/11/2025,Chi,Chi phí Sản xuất chung,Cty CP TP ECO ORGANIC NT KHA-01-0037650 THANH TOAN CUOC PHI internet va dt ban THANG 10.2025,202.000,Trang,Khác,Khác,TCB CTY,,20251104-014,
04/11/2025,Chi,Lương thưởng,cong ty co phan thuc pham eco organic nha trang TZ1158Z nop tien bhxh thang 10.2025,13.760.000,Trang,Khác,Khác,TCB CTY,,20251104-015,
04/11/2025,Chi,Lương thưởng,Tạm ứng lương Mr Hoàn tháng 10 (thanh toán tiền vé máy bay Trần Thị Linh cho cty Bảo Gia Trần),2.757.200,Trang,Khác,Khác,TCB CTY,,20251104-016,
04/11/2025,Thu,Doanh thu Bán hàng,Anh Đông phú quốc thanh toán công nợ,2.035.000,Trang,MR ĐÔNG - PHÚ QUỐC,NH,TK Linh,,20251104-017,
04/11/2025,Chi,Chi phí khác,Mua ống nước + dây thép cho xưởng,373.000,Trang,Khác,Khác,TK Sơn,,20251104-018,
04/11/2025,Thu,Doanh thu Bán hàng,Ms Lì thanh toán công nợ,2.600.000,Trang,MS LÌ - SÀI GÒN,KL,TK Dung,,20251104-019,
03/11/2025,Chi,Chi phí khác,Mua đồ đơm,116.000,Trang,Khác,Khác,Tiền mặt,,20251103-001,
03/11/2025,Thu,Chuyển nội bộ,Rút tiền tk công ty,100.000.000,Trang,Nội Bộ,Nội Bộ,Tiền mặt,,20251103-002,
03/11/2025,Chi,Chi phí nguyên vật liệu,TT công nợ chị Phạm Thị Lợi,65.000.000,Trang,NCC PHẠM THỊ LỢI - PHÚ QUÝ,NCC,Tiền mặt,,20251103-003,
03/11/2025,Chi,Chi phí khác,Phí ngân hàng gửi tiền cho chị Lợi,36.000,Trang,Techcombank,Ngân hàng,Tiền mặt,,20251103-004,
03/11/2025,Chi,Chi phí nguyên vật liệu,TT công nợ nhận 2 thùng nhum cô Thủy,22.800.000,Trang,HOÀNG THỊ THÚY - HÒN RỚ (CÔ THỦY),NCC,Tiền mặt,,20251103-005,
03/11/2025,Chi,Chi phí nguyên vật liệu,Nhận 3 thùng kiếm + 3 thùng loin ngừ tươi Thúy tam quan gửi,1.420.000,Trang,Khác,Khác,Tiền mặt,,20251103-006,
03/11/2025,Chi,Chi phí khác,Đưa tiền đi chợ cho cô Dư tuần tiếp,2.500.000,Trang,Khác,Khác,Tiền mặt,,20251103-007,
03/11/2025,Thu,Doanh thu Bán hàng,Uni Sushi thanh toán công nợ đến hết 1/11,3.705.000,Trang,NH UNI SUSHI,NH,Tiền mặt,,20251103-008,
03/11/2025,Chi,Chi phí nguyên vật liệu,TT công nợ chả cá Trí,3.705.000,Trang,NCC CHẢ CÁ - TRÍ - PY,NCC,Tiền mặt,,20251103-009,
03/11/2025,Thu,Doanh thu Bán hàng,Ms Thủy Tiên thanh toán công nợ bill phú quốc,1.880.000,Trang,MS THỦY TIÊN - HN,KL,Tiền mặt,,20251103-010,
03/11/2025,Chi,Chi phí nguyên vật liệu,TT công nợ chả cá Trí,1.880.000,Trang,NCC CHẢ CÁ - TRÍ - PY,NCC,Tiền mặt,,20251103-011,
03/11/2025,Thu,Doanh thu Bán hàng,Anh Giang ninh hòa thanh toán công nợ,2.280.000,Trang,MR GIANG- VẠN GIÃ,KL,Tiền mặt,,20251103-012,
03/11/2025,Chi,Chi phí nguyên vật liệu,TT công nợ chả cá Trí,2.280.000,Trang,NCC CHẢ CÁ - TRÍ - PY,NCC,Tiền mặt,,20251103-013,
03/11/2025,Thu,Doanh thu Bán hàng,Anh Thuận thanh toán công nợ,1.488.000,Trang,MR THUẬN- SG (NOWZOON),KL,Tiền mặt,,20251103-014,
03/11/2025,Chi,Chi phí nguyên vật liệu,TT công nợ chị Bé Tân,1.488.000,Trang,NCC BÉ TÂN - VĨNH LƯƠNG,NCC,Tiền mặt,,20251103-015,
03/11/2025,Thu,Doanh thu Bán hàng,NBQN cs3 thanh toán công nợ T9,3.986.500,Trang,NH QUẢNG NINH-CS3,NH,Tiền mặt,,20251103-016,
03/11/2025,Chi,Chi phí nguyên vật liệu,TT công nợ chị Bé Tân,3.986.500,Trang,NCC BÉ TÂN - VĨNH LƯƠNG,NCC,Tiền mặt,,20251103-017,
03/11/2025,Chi,Vận chuyển,Gửi 1 thùng tài thắng cho Phương HN,250.000,Trang,Khác,Khác,Tiền mặt,,20251103-018,
03/11/2025,Chi,Vận chuyển,Xăng xe máy,80.000,Trang,Khác,Khác,Tiền mặt,,20251103-019,
03/11/2025,Chi,Vận chuyển,Gửi 3 thùng phú quốc cho Vạn Quang,750.000,Trang,Khác,Khác,Tiền mặt,,20251103-020,
03/11/2025,Chi,Vận chuyển,Đổ xăng xe tải,800.000,Trang,Khác,Khác,Tiền mặt,,20251103-021,
03/11/2025,Chi,Vận chuyển,Gửi 2 thùng BXMD cho MEat,200.000,Trang,Khác,Khác,Tiền mặt,,20251103-022,
03/11/2025,Chi,Vận chuyển,Gửi 1 thùng cho DPN + 1 thùng cho VietArt,150.000,Trang,Khác,Khác,Tiền mặt,,20251103-023,
03/11/2025,Chi,Chi phí Sản xuất chung,Mua 15 bao đá bi,345.000,Trang,Khác,Khác,Tiền mặt,,20251103-024,
03/11/2025,Chi,Chi phí Sản xuất chung,Mua đá khô,350.000,Trang,Khác,Khác,Tiền mặt,,20251103-025,
03/11/2025,Chi,Khác,Nhận 1 thùng rong (Dự án Nhum),70.000,Trang,Khác,Khác,Tiền mặt,,20251103-026,
03/11/2025,Chi,Vận chuyển,Gửi 3 thùng cho Vạn quang vĩnh long (có 1 thùng lớn),500.000,Trang,Khác,Khác,Tiền mặt,,20251103-027,
03/11/2025,Chi,Chi phí nguyên vật liệu,Nhận 8 thùng BT chị Thông phú quý gửi,1.200.000,Trang,Khác,Khác,Tiền mặt,,20251103-028,
03/11/2025,Thu,Doanh thu Bán hàng,CTY DONG PHUONG TRA ECO ORGANIC NHA TRANG HDMB EO-DP16 công nợ,70.179.840,Trang,CT ĐÔNG PHƯƠNG,KL,TCB CTY,,20251103-029,
03/11/2025,Thu,Doanh thu Bán hàng,Baba phú quốc thanh toán công nợ,25.306.950,Trang,NH BABABA-PHÚ QUỐC,NH,TCB CTY,,20251103-030,
03/11/2025,Thu,Doanh thu Bán hàng,Cty Sonba ck trung nhum công nợ,1.600.000,Trang,CT TNHH SƠN BA (MR THÀNH VIN),KL,TCB CTY,,20251103-031,
03/11/2025,Thu,Doanh thu Bán hàng,Cty Sonba ck trung nhum công nợ,128.000,Trang,CT TNHH SƠN BA (MR THÀNH VIN),KL,TCB CTY,,20251103-032,
03/11/2025,Thu,Doanh thu Bán hàng,Mr Hải thanh toán công nợ,2.402.400,Trang,MR HẢI- HN,KL,TK Dung,,20251103-033,
03/11/2025,Chi,Chi phí Sản xuất chung,Thanh toán điện nước cửa hàng HN tháng 10/2025,1.224.000,Trang,Khác,Khác,TK Dung,,20251103-034,
03/11/2025,Thu,Doanh thu Bán hàng,Mr Nhật Trần thanh toán công nợ bill 3/11,1.023.500,Trang,MR NHẬT TRẦN - HN,KL,TK Dung,,20251103-035,
03/11/2025,Thu,Doanh thu Bán hàng,Anh Hợp thanh toán công nợ,5.325.000,Trang,MR HỢP - ĐÀ NẴNG,KL,Tk Ni,,20251103-036,
03/11/2025,Thu,Doanh thu Bán hàng,Baba PQ thanh toán tiền vận chuyển công nợ,300.000,Trang,NH BABABA-PHÚ QUỐC,NH,Tk Ni,,20251103-037,
03/11/2025,Thu,Doanh thu Bán hàng,Mai Trinh thanh toán công nợ,4.777.000,Trang,MS MAI TRINH- ĐÀ NẴNG,KL,Tk Ngợi,,20251103-038,
03/11/2025,Thu,Doanh thu Bán hàng,Anh Tân hải phòng thanh toán công nợ,3.529.000,Trang,MR TÂN- HẢI PHÒNG,KL,Tk Ngợi,,20251103-039,
03/11/2025,Thu,Doanh thu Bán hàng,81/2 Hoàng Diệu thanh toán công nợ,1.800.000,Trang,"MS MINH TRANG- 81/2 HOÀNG DIỆU, NHA TRANG",KL,Tk Ngợi,,20251103-040,
02/11/2025,Chi,Vận chuyển,Gửi 1 thùng cho Thủy Tiên PQ  + 4t cho Vạn Quang phú quốc,1.150.000,Trang,Khác,Khác,Tiền mặt,,20251102-001,
02/11/2025,Chi,Vận chuyển,Gửi 2 thùng xe cont cho Phương HN,500.000,Trang,Khác,Khác,Tiền mặt,,20251102-002,
02/11/2025,Chi,Chi phí nguyên vật liệu,Nhận 2 thùng bt do a Tới phú quý gửi + xe ba gác a Ngọ chở từ xe về xưởng,350.000,Trang,Khác,Khác,Tiền mặt,,20251102-003,
02/11/2025,Chi,Vận chuyển,Gửi 2 thùng cho DPN,200.000,Trang,Khác,Khác,Tiền mặt,,20251102-004,
02/11/2025,Chi,Chuyển nội bộ,Rút tiền tk công ty,100.000.000,Trang,Nội Bộ,Nội Bộ,TCB CTY,,20251102-005,
02/11/2025,Chi,Khác,"Góp cổ phần dự án nhum: Thanh toán tiền mua nhum con của cô Mai: 410 con * 6,5k + tiền mua sò ... 1350k",4.015.000,Trang,Khác,Khác,TK Dung,,20251102-006,
01/11/2025,Chi,Khác,Góp cổ phần vào nuôi nhum: mua thùng xốp + băng keo đi nhận nhum con,290.000,Trang,Khác,Khác,Tiền mặt,,20251101-001,
01/11/2025,Chi,Vận chuyển,Gửi 1 thùng cho Baba phú quốc,250.000,Trang,Khác,Khác,Tiền mặt,,20251101-002,
01/11/2025,Chi,Chi phí nguyên vật liệu,Nhận 2 thùng kiếm steak cho Phương Dung gửi,200.000,Trang,Khác,Khác,Tiền mặt,,20251101-003,
01/11/2025,Chi,Chi phí Sản xuất chung,Mua 15 bao đá bi,345.000,Trang,Khác,Khác,Tiền mặt,,20251101-004,
01/11/2025,Chi,Vận chuyển,Gửi 3 thùng cho DPN và 1 thùng cho chị Hằng DN + 1t cho Ngọc Anh,450.000,Trang,Khác,Khác,Tiền mặt,,20251101-005,
01/11/2025,Thu,Doanh thu Bán hàng,Anh Bắc trương định thanh toán công nợ,41.024.000,Trang,"MR BẮC - TRƯƠNG ĐỊNH, HN",KL,Tiền mặt,,20251101-006,
01/11/2025,Chi,Chi phí nguyên vật liệu,TT công nợ chị Hoa,41.024.000,Trang,NCC CHỊ HOA - HÒN RỚ,NCC,Tiền mặt,,20251101-007,
01/11/2025,Thu,Doanh thu Bán hàng,Mayonaka thanh toan thang 10 công nợ,4.040.400,Trang,CT TNHH MTV ĐẠI VY (NH MAYONAKA),KL,TCB CTY,,20251101-008,
01/11/2025,Thu,Doanh thu Bán hàng,CTY VO GIA TT HD 1102 công nợ,8.370.000,Trang,CT TNHH TM THỰC PHẨM VÕ GIA (MR THỐNG),NH,TCB CTY,,20251101-009,
01/11/2025,Thu,Doanh thu khác,Tra lai so du tren tai khoan - thang 10/2025,65.485,Trang,Techcombank,Ngân hàng,TCB CTY,,20251101-010,
01/11/2025,Chi,Chi phí khác,Thu phí home banking,110.000,Trang,Techcombank,Ngân hàng,TCB CTY,,20251101-011,
01/11/2025,Thu,Doanh thu Bán hàng,Chị Hương Q1 thanh toán công nợ,1.500.000,Trang,Khác,Khác,TK Dung,,20251101-012,
01/11/2025,Chi,Khác,Góp cổ phần dự án nhum: Thanh toán tiền mua nhum con của cô Mai: 310 con * 6k,1.860.000,Trang,Khác,Khác,TK Dung,,20251101-013,
31/10/2025,Chi,Chi phí nguyên vật liệu,Thanh toán công nợ nhập loin EBT SG,86.444.820,Trang,CÔNG TY TNHH EBT SÀI GÒN,NCC,TCB CTY,,20251031-001,
31/10/2025,Thu,Doanh thu Bán hàng,Lẩu cá tt công nợ,2.891.700,Trang,CT 138 ENT (LẨU CÁ THANH ĐA) - SG,NH,TCB CTY,,20251031-002,
31/10/2025,Thu,Doanh thu Bán hàng,TO HUYNH BAO CHAU tt công nợ,2.047.500,Trang,MS CHÂU TO - SG,KL,TCB CTY,,20251031-003,
31/10/2025,Chi,Chi phí khác,THU PHI DICH VU IBDN,10.000,Trang,Việt Nga - VRN,Ngân hàng,VRN CTY,,20251031-004,
31/10/2025,Chi,Chi phí khác,THU PHI DICH VU IBDN,1.000,Trang,Việt Nga - VRN,Ngân hàng,VRN CTY,,20251031-005,
31/10/2025,Thu,Chi phí khác,INTEREST LIQUIDATION - LAI NHAP GOC,13.945,Trang,Việt Nga - VRN,Ngân hàng,VRN CTY,,20251031-006,
31/10/2025,Chi,Chi phí khác,THU PHI SMS BANKING,30.000,Trang,Việt Nga - VRN,Ngân hàng,VRN CTY,,20251031-007,
31/10/2025,Chi,Chi phí khác,THU PHI SMS BANKING,3.000,Trang,Việt Nga - VRN,Ngân hàng,VRN CTY,,20251031-008,
31/10/2025,Chi,Chi phí khác,CHARGE FOR ACCOUNT MANAGEMENT - PHI QUAN LY TK,30.000,Trang,Việt Nga - VRN,Ngân hàng,VRN CTY,,20251031-009,
31/10/2025,Chi,Chi phí khác,CHARGE FOR ACCOUNT MANAGEMENT - PHI QUAN LY TK,3.000,Trang,Việt Nga - VRN,Ngân hàng,VRN CTY,,20251031-010,
31/10/2025,Chi,Khác,Mua đồ đơm,75.000,Trang,Khác,Khác,Tiền mặt,,20251031-011,
31/10/2025,Thu,Doanh thu Bán hàng,Phú thịnh thanh toán công nợ,41.355.000,Trang,CT TNHH ĐT TS PHÚ THỊNH,NPP,Tiền mặt,,20251031-012,
31/10/2025,Chi,Chi phí nguyên vật liệu,TT công nợ chị Gái vĩnh trường,41.355.000,Trang,NCC CHỊ GÁI - VĨNH TRƯỜNG,NCC,Tiền mặt,,20251031-013,
31/10/2025,Thu,Doanh thu Bán hàng,Anh Thống võ gia thanh toán công nợ,11.155.000,Trang,CT TNHH TM THỰC PHẨM VÕ GIA (MR THỐNG),NH,Tiền mặt,,20251031-014,
31/10/2025,Chi,Chi phí nguyên vật liệu,TT công nợ Chả cá Trí,11.155.000,Trang,NCC CHẢ CÁ - TRÍ - PY,NCC,Tiền mặt,,20251031-015,
31/10/2025,Chi,Chi phí khác,Bơm lớp xe tải,20.000,Trang,Khác,Khác,Tiền mặt,,20251031-016,
31/10/2025,Chi,Chi phí Sản xuất chung,Mua 15 bao đá bi ngày 30/10 + 15 bao ngày 31/10,690.000,Trang,Khác,Khác,Tiền mặt,,20251031-017,
31/10/2025,Chi,Vận chuyển,Gửi 8 thùng DPN,800.000,Trang,Khác,Khác,Tiền mặt,,20251031-018,
31/10/2025,Chi,Chi phí khác,Mua bột giặt cho xưởng,69.000,Trang,Khác,Khác,Tiền mặt,,20251031-019,
31/10/2025,Chi,Văn phòng phẩm,Mua thêm 2 ream giấy A4,100.000,Trang,Khác,Khác,Tiền mặt,,20251031-020,
31/10/2025,Thu,Doanh thu Bán hàng,Chị Châu To thanh toán phí vận chuyển (công nợ),50.000,Trang,MS CHÂU TO - SG,KL,TK Linh,,20251031-021,
31/10/2025,Chi,Khác,"Thanh toán trả lại tiền cho Sushi To (xuất hđ dư, đã unc)",11.750.000,Trang,HKD SUSHITO (NHÀ KHO)- SG,NH,TK Dung,,20251031-022,
31/10/2025,Thu,Doanh thu Bán hàng,An PHú thanh toán công nợ,5.600.000,Trang,CT TNHH XK & NK AN PHÚ (HSX 55 MỄ TRÌ),KL,TK Dung,,20251031-023,
31/10/2025,Chi,Chi phí nguyên vật liệu,TT công nợ chị Ngân hòn xẹn,1.328.000,Trang,NCC CHỊ NGÂN - HÒN XỆN,NCC,TK Dung,,20251031-024,
31/10/2025,Thu,Doanh thu Bán hàng,Anh Hải Triều thanh toán công nợ,1.300.000,Trang,MR HẢI TRIỀU - Q10 - SG,KL,TK Dung,,20251031-025,
31/10/2025,Thu,Doanh thu Bán hàng,Thơm Vua Biển thanh toán công nợ,4.500.000,Trang,MS THƠM - NT,KL,Tk Ni,,20251031-026,
30/10/2025,Chi,Chuyển nội bộ,Rút tiền tk công ty,20.000.000,Trang,Nội Bộ,Nội Bộ,TCB CTY,,20251030-001,
30/10/2025,Thu,Doanh thu Bán hàng,CT TNHH TM DV SUSHITO chuyen tien s hd 1057 công nợ,10.869.915,Trang,HKD SUSHITO (NHÀ KHO)- SG,NH,TCB CTY,,20251030-002,
30/10/2025,Chi,Chi phí khác,thanh toan hoa don 85 cho Nguyen Van Ngo: mua đá dải đường đoạn vào xưởng,1.042.910,Trang,Khác,Khác,TCB CTY,,20251030-003,
30/10/2025,Thu,Doanh thu Bán hàng,5 kg vem MaXis LQD công nợ,525.000,Trang,NH MAXI - NHA TRANG,NH,TCB CTY,,20251030-004,
30/10/2025,Thu,Doanh thu Bán hàng,OCEAN LINK VIET NHAT chuyen tien công nợ,100.000.000,Trang,CT TNHH OCEAN LINK VIỆT NHẬT,NPP,TCB CTY,,20251030-005,
30/10/2025,Chi,Chi phí nguyên vật liệu,thanh toan tien mua hang cho Nguyen Thi Hong Son TT công nợ,5.367.000,Trang,NCC NHUM - SON - NINH HÒA,NCC,TCB CTY,,20251030-006,
30/10/2025,Thu,Doanh thu Bán hàng,ATABLE Ca ngu Eco Organic 110925 công nợ,3.150.000,Trang,CT TNHH TM VÀ DV ATABLE VN,KL,TCB CTY,,20251030-007,
30/10/2025,Thu,Doanh thu Bán hàng,PHAN XUAN LOC chuyen công nợ,1.965.600,Trang,ANH LỘC - ĐÔNG NAI,NH,TCB CTY,,20251030-008,
30/10/2025,Chi,Lãi vay,Tiền lãi khoản vay tín dụng tháng 10/2025,4.219.095,Trang,Techcombank,Ngân hàng,TCB CTY,,20251030-009,
30/10/2025,Chi,Thuế,Nộp thuế GTGT Q3/2025,253.607.772,Trang,Khác,Khác,Vay tin dung,,20251030-010,
30/10/2025,Chi,Chi phí khác,Mua dầu ăn cho xưởng,129.000,Trang,Khác,Khác,Tiền mặt,,20251030-011,
30/10/2025,Chi,Chi phí khác,Đổi bình gas,310.000,Trang,Khác,Khác,Tiền mặt,,20251030-012,
30/10/2025,Chi,Vận chuyển,Gửi 2 thùng xe cont cho Phương HN,500.000,Trang,Khác,Khác,Tiền mặt,,20251030-013,
30/10/2025,Chi,Chi phí nguyên vật liệu,Nhận 5 thùng nhum nguyên con chị Phúc gửi,500.000,Trang,Khác,Khác,Tiền mặt,,20251030-014,
30/10/2025,Chi,Vận chuyển,Gửi 2 thùng cho Vạn Quang phú quốc,500.000,Trang,Khác,Khác,Tiền mặt,,20251030-015,
30/10/2025,Chi,Vận chuyển,Gửi 5thùng DPN + 1 t cho anh Toàn ĐN,550.000,Trang,Khác,Khác,Tiền mặt,,20251030-016,
30/10/2025,Thu,Doanh thu Bán hàng,Thanh Thảo thanh toán công nợ,2.600.000,Trang,MS THANH THẢO- SG,KL,Tiền mặt,,20251030-017,
30/10/2025,Chi,Chi phí nguyên vật liệu,TT công nợ chị Hoa,2.600.000,Trang,NCC CHỊ HOA - HÒN RỚ,NCC,Tiền mặt,,20251030-018,
30/10/2025,Thu,Chuyển nội bộ,Rút tiền tk công ty,20.000.000,Trang,Nội Bộ,Nội Bộ,Tiền mặt,,20251030-019,
30/10/2025,Chi,Vận chuyển,Thanh toán tiền Grab a Trãi 3 đơn,210.000,Trang,Khác,Khác,Tiền mặt,,20251030-020,
30/10/2025,Chi,Vận chuyển,Gửi 1 thùng tài thắng cho Phương HN,250.000,Trang,Khác,Khác,Tiền mặt,,20251030-021,
30/10/2025,Chi,Vận chuyển,Gửi 3 thùng cho Vạn Quang phú quốc,750.000,Trang,Khác,Khác,Tiền mặt,,20251030-022,
30/10/2025,Chi,Chi phí nguyên vật liệu,Nhận 6 thùng bt chị PHạm Thị Lợi gửi,1.100.000,Trang,Khác,Khác,Tiền mặt,,20251030-023,
30/10/2025,Chi,Vận chuyển,Gửi 1 thùng Vạn Quang vĩnh long,150.000,Trang,Khác,Khác,Tiền mặt,,20251030-024,
30/10/2025,Chi,Vận chuyển,Gửi 2 thùng DPN,200.000,Trang,Khác,Khác,Tiền mặt,,20251030-025,
30/10/2025,Thu,Doanh thu Bán hàng,Phan duy van tt công nợ,2.400.000,Trang,"MR DUY - VĂN CAO, HN",KL,TK Dung,,20251030-026,
30/10/2025,Thu,Doanh thu Bán hàng,Phan duy van tt công nợ,4.350.000,Trang,"MR DUY - VĂN CAO, HN",KL,TK Dung,,20251030-027,
30/10/2025,Thu,Doanh thu Bán hàng,Mr Hai HN tt công nợ,1.596.000,Trang,MR HẢI- HN,KL,TK Dung,,20251030-028,
30/10/2025,Thu,Doanh thu Bán hàng,Ms Đình Phong tt công nợ,140.000,Trang,MS ĐÌNH PHONG - HN,KL,TK Dung,,20251030-029,
30/10/2025,Thu,Doanh thu Bán hàng,Ms Thủy Tiên tt công nợ bill 30/10,1.343.000,Trang,MS THỦY TIÊN - HN,KL,TK Dung,,20251030-030,
30/10/2025,Thu,Doanh thu Bán hàng,Chị Tuyền thủ đức thanh toán công nợ,1.574.640,Trang,MS TUYỀN- THỦ ĐỨC,KL,TK Dung,,20251030-031,
30/10/2025,Thu,Doanh thu Bán hàng,Big Sushi - Lê Nhã thanh toán công nợ,3.900.000,Trang,BIG SUSHI - LÊ NHÃ - ĐN,NH,TK Dung,,20251030-032,
30/10/2025,Thu,Doanh thu Bán hàng,Anh Thái tt công nợ,973.000,Trang,MR THÁI - HN,KL,TK Dung,,20251030-033,
30/10/2025,Thu,Doanh thu Bán hàng,Nagi thanh toán tiền vận chuyển công nợ,50.000,Trang,NH NAGI 2 - GÒ VẤP,NH,TK Dung,,20251030-034,
30/10/2025,Chi,Chi phí nguyên vật liệu,TT công nợ chị Kim Loan,7.477.000,Trang,NCC NHUM - KIM LOAN - NINH THUẬN,NCC,TK Sơn,,20251030-035,
30/10/2025,Chi,Chi phí nguyên vật liệu,TT công nợ chị Phạm Thị Lợi,59.197.000,Trang,NCC PHẠM THỊ LỢI - PHÚ QUÝ,NCC,Tk Ni,,20251030-036,
30/10/2025,Chi,Chi phí khác,Thanh toán tiền anh sushi O Ba ck dư công nợ,248.500,Trang,SUSHI O BA,NH,Tk Ngợi,,20251030-037,
30/10/2025,KN,Doanh thu bán hàng,Giao hàng Sò Lông Nửa Mảnh + Hải Sâm + Nhum nguyên con (đvt: con),1.343.000,Trang,MS THỦY TIÊN - HN,KL,TK KN,,20251030-038,
30/10/2025,KN,Doanh thu bán hàng,Giao hàng Trứng Nhum Gai khay 200g,140.000,Trang,MS ĐÌNH PHONG - HN,KL,TK KN,,20251030-039,
30/10/2025,KN,Doanh thu bán hàng,Giao hàng Bạch tuộc tako,12.400.000,Trang,CT TNHH TP NHẬT KOTO (MR KIÊN- HL),NPP,TK KN,,20251030-040,
30/10/2025,KN,Doanh thu bán hàng,Giao hàng Mực nang nút 9-10,22.579.200,Trang,CT TNHH MTV TM DV HH TP PHÚ QUỐC (ANH THỰC-PQ),NPP,TK KN,,20251030-041,
30/10/2025,KN,Doanh thu bán hàng,Giao hàng Cá Cờ Kiếm Saku + Bạch tuộc tako + Nang roll + Tuna Saku A,3.013.600,Trang,CT TNHH NH NAM SAN F&B (SUSHI NOWZOON),NH,TK KN,,20251030-042,
30/10/2025,KN,Doanh thu bán hàng,Giao hàng Lườn kiếm sashimi,1.596.000,Trang,MR HẢI- HN,KL,TK KN,,20251030-043,
30/10/2025,KN,Doanh thu bán hàng,Giao hàng Bạch tuộc tako,13.361.328,Trang,CT TNHH NGUYÊN PHƯƠNG,NPP,TK KN,,20251030-044,
30/10/2025,KN,Doanh thu bán hàng,Giao hàng Vẹm Xanh Tách Vỏ ( PE),525.000,Trang,NH MAXI - NHA TRANG,NH,TK KN,,20251030-045,
30/10/2025,KN,Doanh thu bán hàng,Giao hàng phí vận chuyển + Chả cá + Tuna loin 3-5 + tuna saku,26.305.365,Trang,CT TNHH VẠN QUANG FOOD,NPP,TK KN,,20251030-046,
30/10/2025,KN,Doanh thu bán hàng,Giao hàng Tuna đầu đuôi portion,4.500.000,Trang,MS THƠM - NT,KL,TK KN,,20251030-047,
30/10/2025,KN,Doanh thu bán hàng,Giao hàng Tuna Saku A,3.900.000,Trang,BIG SUSHI - LÊ NHÃ - ĐN,NH,TK KN,,20251030-048,
30/10/2025,KN,Doanh thu bán hàng,Giao hàng Tuna Saku A + Bạch tuộc tươi,23.500.500,Trang,CT TNHH PGF ASIA- SG,NPP,TK KN,,20251030-049,
30/10/2025,KN,Doanh thu bán hàng,Giao hàng Lườn kiếm sashimi,973.000,Trang,MR THÁI - HN,KL,TK KN,,20251030-050,
30/10/2025,KN,Doanh thu bán hàng,Giao hàng Tuna loin 3-5,9.157.500,Trang,CT THỰC PHẨM NGÀY MỚI,NPP,TK KN,,20251030-051,
30/10/2025,KN,Doanh thu bán hàng,Giao hàng Chả Cá Viên + Mực Nang 500-800 + Chả cá,12.136.400,Trang,CT TNHH MTV ĐẠT PHÚ NGUYÊN,NPP,TK KN,,20251030-052,
30/10/2025,KN,Doanh thu bán hàng,Giao hàng phí vận chuyển + Chả cá,4.491.600,Trang,CT TNHH VẠN QUANG FOOD,NPP,TK KN,,20251030-053,
30/10/2025,Nợ NCC,Chi phí nguyên vật liệu,Nhập hàng Bạch tuộc tươi (hàng đỏ) + Bạch tuộc tươi,4.963.000,Trang,NCC CHỊ GÁI - VĨNH TRƯỜNG,NCC,TK Nợ NCC,,20251030-054,
30/10/2025,Nợ NCC,Chi phí nguyên vật liệu,Nhập hàng Bạch tuộc tươi size 1up + Bạch tuộc tươi,59.197.500,Trang,NCC PHẠM THỊ LỢI - PHÚ QUÝ,NCC,TK Nợ NCC,,20251030-055,
29/10/2025,KN,Doanh thu bán hàng,Giao hàng Bạch tuộc tako + Râu bạch tuộc,21.853.000,Trang,CT TNHH TM TP SH (SH FOODS),NPP,TK KN,,20251029-001,
29/10/2025,KN,Doanh thu bán hàng,Giao hàng Tuna Saku A,2.940.000,Trang,MR HÙNG- MAI HẮC ĐẾ - HN,KL,TK KN,,20251029-002,
29/10/2025,KN,Doanh thu bán hàng,Giao hàng Cá tai + Cá Hồng Biển,3.205.900,Trang,"CT TNHH TISM & CO ( MR NAM- LA THÀNH,HN)",NH,TK KN,,20251029-003,
29/10/2025,KN,Doanh thu bán hàng,"Giao hàng Cá Hồng Biển + Sò Lông Nửa Mảnh + Cá Bè (Cá Khế, Cá Giấy, cá viễn)",2.971.500,Trang,CT TNHH PGF ASIA- HN,NPP,TK KN,,20251029-004,
29/10/2025,KN,Doanh thu bán hàng,"Giao hàng Cá Bè (Cá Khế, Cá Giấy, cá viễn)",1.291.250,Trang,MR HÙNG- MAI HẮC ĐẾ - HN,KL,TK KN,,20251029-005,
29/10/2025,KN,Doanh thu bán hàng,Giao hàng phí vận chuyển + Chả cá,9.183.200,Trang,CT TNHH VẠN QUANG FOOD,NPP,TK KN,,20251029-006,
29/10/2025,KN,Doanh thu bán hàng,Giao hàng Mực Nang sushi Sashimi đông khay (200g/ khay) + Bạch tuộc tako slice (160 gram/khay) + Bạch tuộc tako,22.265.000,Trang,CT TNHH MEAT AND FISH,NPP,TK KN,,20251029-007,
29/10/2025,KN,Doanh thu bán hàng,Giao hàng Tuna rẻo CO + Bạch tuộc tako,6.586.000,Trang,MR TRƯỜNG SSM - PY,KL,TK KN,,20251029-008,
29/10/2025,KN,Doanh thu bán hàng,Giao hàng Râu bạch tuộc,3.300.000,Trang,CT TNHH MTV TM NAM ANH FOODS (MR VINH- ĐÀ NẴNG),KL,TK KN,,20251029-009,
29/10/2025,KN,Doanh thu bán hàng,Giao hàng phí vận chuyển + Trứng Nhum AA 200g/khay,6.350.000,Trang,MR TOÀN - ĐÀ NẴNG,KL,TK KN,,20251029-010,
29/10/2025,KN,Doanh thu bán hàng,Giao hàng Mực Nang 500-800 + Kiếm steak + chả cá hấp + Chả cá,21.450.800,Trang,CT TNHH MTV ĐẠT PHÚ NGUYÊN,NPP,TK KN,,20251029-011,
29/10/2025,Nợ NCC,Chi phí nguyên vật liệu,Nhập hàng Nhum hũ + Bạch tuộc tươi size 1up + Bạch tuộc tươi,5.367.000,Trang,NCC NHUM - SON - NINH HÒA,NCC,TK Nợ NCC,,20251029-012,
29/10/2025,Nợ NCC,Chi phí nguyên vật liệu,Nhập hàng Bạch tuộc tươi + Nhum nguyên con (đvt: con),13.544.000,Trang,NCC NHUM ĐEN - NGUYỄN THỊ PHÚC,NCC,TK Nợ NCC,,20251029-013,
29/10/2025,Nợ NCC,Chi phí nguyên vật liệu,"Nhập hàng phí vận chuyển + Cá tai + Cá Bè (Cá Khế, Cá Giấy, cá viễn) + Cá Hồng Biển",5.194.800,Trang,NCC MR TRƯỜNG SSM - PY ,NCC,TK Nợ NCC,,20251029-014,
29/10/2025,Nợ NCC,Chi phí nguyên vật liệu,Nhập hàng Chả cá + Chả Cá Viên,18.400.000,Trang,NCC CHẢ CÁ - CHỊ TUYẾT SƯƠNG - PY,NCC,TK Nợ NCC,,20251029-015,
28/10/2025,Thu,Doanh thu Bán hàng,Nagi thanh toán công nợ,539.700,Trang,NH NAGI 2 - GÒ VẤP,NH,TCB CTY,,20251028-001,
28/10/2025,Thu,Doanh thu Bán hàng,QUAN MUI DACN DNTN XD LONG PHUOC) TT TIEN HAI SAN HD 1128 Anh Chánh tt công nợ,8.230.950,Trang,CN DNTN XD LONG PHƯỚC (MR CHÁNH-VT),NH,TCB CTY,,20251028-002,
28/10/2025,Thu,Doanh thu Bán hàng,CONG TY TNHH DAU TU NTP TT CA NGU 2 010: anh Tình tt công nợ,2.047.500,Trang,CT TNHH ĐT NGỌC THỊNH PHÁT (MR TÌNH),NH,TCB CTY,,20251028-003,
28/10/2025,Thu,Doanh thu Bán hàng,FBC Sai Gon thanh toan công nợ than g 9/2025,8.505.000,Trang,GOFOOD-SG (CT TNHH FBC SÀI GÒN),NH,TCB CTY,,20251028-004,
28/10/2025,Chi,Khác,Eco góp vốn vào dự án nhum (thanh toan hoa don 83 cho Nguyen Van Ngo),898.200,Trang,Khác,Khác,TCB CTY,,20251028-005,
28/10/2025,Thu,Doanh thu Bán hàng,CONG TY TNHH THUONG MAI THUC PHAM SH tt công nợ,32.073.840,Trang,CT TNHH TM TP SH (SH FOODS),NPP,TCB CTY,,20251028-006,
28/10/2025,Chi,Chi phí nguyên vật liệu,thanh toan hoa don 642 cho cty Duong Tuan Phat TT công nợ,60.556.125,Trang,CT DƯƠNG TUẤN PHÁT - TAM QUAN (THÚY),NCC,TCB CTY,,20251028-007,
28/10/2025,Thu,Doanh thu Bán hàng,TRAN THI THAO TRANG chuyen tien Kin sushi tt công nợ,4.490.850,Trang,KIN SUSHI - LÂM ĐỒNG,KL,TCB CTY,,20251028-008,
28/10/2025,Thu,Doanh thu Bán hàng,Go Food HN thanh toán công nợ t9,25.628.400,Trang,GOFOOD- HN,NH,VRN CTY,,20251028-009,
28/10/2025,Thu,Doanh thu Bán hàng,Phiphi sushi thanh toán công nợ,1.477.700,Trang,CT TNHH MTV ISHIGA (PHIPHI SS)- ĐÀ NẴNG,NH,VRN CTY,,20251028-010,
28/10/2025,Chi,Hoa hồng,Hoa hồng bếp trưởng Buzza tháng 8/2025,700.000,Trang,Khác,Khác,Tiền mặt,,20251028-011,
28/10/2025,Thu,Doanh thu khác,Thu tiền bán giấy phế liệu,150.000,Trang,Khác,Khác,Tiền mặt,,20251028-012,
28/10/2025,Chi,Chi phí khác,Gửi 200 bộ khay nhum ra PHú Quý cho Tham Võ,92.000,Trang,Khác,Khác,Tiền mặt,,20251028-013,
28/10/2025,Thu,Doanh thu Bán hàng,Uni thanh toán công nợ từ 19/10-25/10,9.056.600,Trang,NH UNI SUSHI,NH,Tiền mặt,,20251028-014,
28/10/2025,Chi,Chi phí nguyên vật liệu,TT công nợ Marusei DN,4.200.000,Trang,NCC MARUSEI- ĐÀ NẴNG,NCC,Tiền mặt,,20251028-015,
28/10/2025,Chi,Chi phí nguyên vật liệu,TT công nợ Trí,4.856.600,Trang,NCC CHẢ CÁ - TRÍ - PY,NCC,Tiền mặt,,20251028-016,
28/10/2025,Thu,Doanh thu Bán hàng,NBQN CS1 thanh toán công nợ,5.259.500,Trang,NH QUẢNG NINH-CS1,NH,Tiền mặt,,20251028-017,
28/10/2025,Chi,Chi phí nguyên vật liệu,TT công nợ Bé Tân,5.259.500,Trang,NCC BÉ TÂN - VĨNH LƯƠNG,NCC,Tiền mặt,,20251028-018,
28/10/2025,Thu,Doanh thu Bán hàng,Hây sushi thanh toán công nợ,1.892.000,Trang,HÂY SUSHI - CẦN THƠ,NH,Tiền mặt,,20251028-019,
28/10/2025,Chi,Chi phí nguyên vật liệu,TT công nợ Trí,1.892.000,Trang,NCC CHẢ CÁ - TRÍ - PY,NCC,Tiền mặt,,20251028-020,
28/10/2025,Thu,Doanh thu Bán hàng,TP ngày mới tt công nợ,28.075.000,Trang,CT THỰC PHẨM NGÀY MỚI,NPP,Tiền mặt,,20251028-021,
28/10/2025,Chi,Chi phí nguyên vật liệu,TT công nợ Trí,28.075.000,Trang,NCC CHẢ CÁ - TRÍ - PY,NCC,Tiền mặt,,20251028-022,
28/10/2025,Chi,Chi phí nguyên vật liệu,Nhận 6 thùng nhum nguyên con chị Phúc gửi,700.000,Trang,Khác,Khác,Tiền mặt,,20251028-023,
28/10/2025,Chi,Vận chuyển,Gửi 3 thùng cho Vạn Quang phú quốc,750.000,Trang,Khác,Khác,Tiền mặt,,20251028-024,
28/10/2025,Chi,Chi phí khác,Mua đá khói đóng hàng nhum 100g cho Haru,260.000,Trang,Khác,Khác,Tiền mặt,,20251028-025,
28/10/2025,Chi,Chi phí nguyên vật liệu,Xe ba gác chở bt bé tân về xưởng,100.000,Trang,Khác,Khác,Tiền mặt,,20251028-026,
28/10/2025,Chi,Chi phí khác,Đổi bình ga mini,10.000,Trang,Khác,Khác,Tiền mặt,,20251028-027,
28/10/2025,Chi,Vận chuyển,Gửi 4t lớn + 2t nhỏ (70kg nhum) cho Ocean Link DN,500.000,Trang,Khác,Khác,Tiền mặt,,20251028-028,
28/10/2025,Chi,Văn phòng phẩm,Mua 2 ream giấy A4 (IK 70g),100.000,Trang,Khác,Khác,Tiền mặt,,20251028-029,
28/10/2025,Chi,Chi phí nguyên vật liệu,Nhận 5 thùng nang Truyền vũng tàu gửi,750.000,Trang,Khác,Khác,Tiền mặt,,20251028-030,
28/10/2025,Chi,Vận chuyển,Gửi 3 thùng cho vạn Quang phú quốc,750.000,Trang,Khác,Khác,Tiền mặt,,20251028-031,
28/10/2025,Chi,Vận chuyển,Đổ xăng xe tải,800.000,Trang,Khác,Khác,Tiền mặt,,20251028-032,
28/10/2025,Chi,Vận chuyển,Gửi 3 thùng xe cont ra HN cho Phương,700.000,Trang,Khác,Khác,Tiền mặt,,20251028-033,
28/10/2025,Chi,Chi phí Sản xuất chung,Mua 15 bao đá bi ngày 27/10 + 15 bao ngày 28/10,690.000,Trang,Khác,Khác,Tiền mặt,,20251028-034,
28/10/2025,Chi,Chi phí nguyên vật liệu,Nhận 1 thùng nhum khay Đặng lý sơn gửi,170.000,Trang,Khác,Khác,Tiền mặt,,20251028-035,
28/10/2025,Chi,Chi phí nguyên vật liệu,Nhận 1 thùng nang sushi mr Công gửi (tiền bãi xe vũ mập),20.000,Trang,Khác,Khác,Tiền mặt,,20251028-036,
28/10/2025,Chi,Chi phí Sản xuất chung,Tiền thu gom rác 37 bao,370.000,Trang,Khác,Khác,Tiền mặt,,20251028-037,
28/10/2025,Chi,Vận chuyển,Gửi 3 thùng DPN,300.000,Trang,Khác,Khác,Tiền mặt,,20251028-038,
28/10/2025,Chi,Vận chuyển,Gửi 1 thùng cho Lệ sài gòn,100.000,Trang,Khác,Khác,Tiền mặt,,20251028-039,
28/10/2025,Thu,Doanh thu Bán hàng,Trung Daknong + cafe Hoàng Trung Tt công nợ,3.395.000,Trang,MS HUẾ- SG (ANH TRUNG- DAKNONG),KL,TK Dung,,20251028-040,
28/10/2025,Thu,Doanh thu Bán hàng,Quán tanaka Tei thanh toán công nợ,1.020.000,Trang,QUÁN TANAKEI - SG,KL,TK Dung,,20251028-041,
28/10/2025,Chi,Chi phí nguyên vật liệu,Nhận 4 thùng nhum cô Thủy 4*12*950k công nợ,45.600.000,Trang,HOÀNG THỊ THÚY - HÒN RỚ (CÔ THỦY),NCC,TK Sơn,,20251028-042,
28/10/2025,Thu,Doanh thu Bán hàng,Hanna Sushi Thái Bình tt công nợ,2.077.700,Trang,HANA SS- THÁI BÌNH,NH,Tk Ngợi,,20251028-043,
28/10/2025,Chi,Khác,"Eco góp vốn vào dự án nhum (mua cá, sò, ... của anh Ngọ Cát Lợi, ck Vo Thi Kim Thao)",2.290.000,Trang,Khác,Khác,Tk Ngợi,,20251028-044,
28/10/2025,Chi,Chi phí nguyên vật liệu,Thanh toán nhum nguyên con của Bùi Thị Quanh,1.850.000,Trang,NCC NHUM ĐEN - QUANH BÙI,NCC,Tk Ngợi,,20251028-045,
28/10/2025,KN,Doanh thu bán hàng,Giao hàng Râu bạch tuộc,5.433.750,Trang,NH QUẢNG NINH- CS2,NH,TK KN,,20251028-046,
28/10/2025,KN,Doanh thu bán hàng,Giao hàng Trứng nhum AA 100g/khay + tuna steak,18.000.000,Trang,CT TNHH DG GROUP (HARU - Q12),NH,TK KN,,20251028-047,
28/10/2025,KN,Doanh thu bán hàng,Giao hàng Trứng Nhum AA 200g/khay,6.250.000,Trang,CT MARUSEI - SG,NPP,TK KN,,20251028-048,
28/10/2025,KN,Doanh thu bán hàng,Giao hàng Trứng nhum AB 200g/khay + Trứng nhum AB 200g/khay,81.500.000,Trang,CT TNHH OCEAN LINK VIỆT NHẬT,NPP,TK KN,,20251028-049,
28/10/2025,KN,Doanh thu bán hàng,Giao hàng Mực Nang sushi Sashimi (160g/ khay),1.050.000,Trang,"MR DUY - VĂN CAO, HN",KL,TK KN,,20251028-050,
28/10/2025,KN,Doanh thu bán hàng,Giao hàng Mực Nang sushi Sashimi (160g/ khay),1.354.500,Trang,CT MARUSEI - HN,NPP,TK KN,,20251028-051,
28/10/2025,KN,Doanh thu bán hàng,Giao hàng Tuna Saku A + Bạch tuộc tako,1.961.000,Trang,HANA SS- THÁI BÌNH,NH,TK KN,,20251028-052,
28/10/2025,KN,Doanh thu bán hàng,Giao hàng Trứng nhum AA 100g/khay + Tuna Saku A,4.490.850,Trang,KIN SUSHI - LÂM ĐỒNG,KL,TK KN,,20251028-053,
28/10/2025,KN,Doanh thu bán hàng,Giao hàng Tuna Saku A,2.047.500,Trang,CT TNHH ĐT NGỌC THỊNH PHÁT (MR TÌNH),NH,TK KN,,20251028-054,
28/10/2025,KN,Doanh thu bán hàng,Giao hàng Rẻo cá cờ kiếm,2.280.000,Trang,MR GIANG- VẠN GIÃ,KL,TK KN,,20251028-055,
28/10/2025,KN,Doanh thu bán hàng,Giao hàng Nhum nguyên con (đvt: con) + Chả cá,13.110.000,Trang,CT TNHH MTV ĐẠT PHÚ NGUYÊN,NPP,TK KN,,20251028-056,
28/10/2025,KN,Doanh thu bán hàng,Giao hàng Bạch tuộc tako,31.155.000,Trang,CT TNHH ĐT TS PHÚ THỊNH,NPP,TK KN,,20251028-057,
28/10/2025,Nợ NCC,Chi phí nguyên vật liệu,Nhập hàng Mực Nang 500-800,6.690.800,Trang,CT HẢI SẢN LINH LINH,NCC,TK Nợ NCC,,20251028-058,
28/10/2025,Nợ NCC,Chi phí nguyên vật liệu,Nhập hàng Chả cá,18.000.000,Trang,NCC CHẢ CÁ - CHỊ TUYẾT SƯƠNG - PY,NCC,TK Nợ NCC,,20251028-059,
28/10/2025,Nợ NCC,Chi phí nguyên vật liệu,Nhập hàng Nhum hũ,19.514.998,Trang,NCC NHUM - ĐẶNG - LÝ SƠN,NCC,TK Nợ NCC,,20251028-060,
28/10/2025,Nợ NCC,Chi phí nguyên vật liệu,Nhập hàng Mực Nang 500-800 + Mực nang nút 9-10,47.740.000,Trang,CT HOÀN TRUYỀN,NCC,TK Nợ NCC,,20251028-061,
28/10/2025,Nợ NCC,Chi phí nguyên vật liệu,Nhập hàng Mực Nang sushi Sashimi đông khay (200g/ khay),15.960.000,Trang,CT GO FOOD - KIÊN GIANG (MR CÔNG),NCC,TK Nợ NCC,,20251028-062,
27/10/2025,Chi,Chi phí khác,Thanh toan hoa don 156 lần 1 cho cty Go Food (họ ck lại tk cá nhân sau khi trừ VAT),89.444.000,Trang,Việt Nga - VRN,Ngân hàng,Vay tin dung,,20251027-001,
27/10/2025,KN,Doanh thu bán hàng,Giao hàng Tuna Saku A,8.230.950,Trang,CN DNTN XD LONG PHƯỚC (MR CHÁNH-VT),NH,TK KN,,20251027-002,
27/10/2025,KN,Doanh thu bán hàng,Giao hàng Râu bạch tuộc + Tuna Saku A,1.890.000,Trang,MR HIỆP- BẮC GIANG,KL,TK KN,,20251027-003,
27/10/2025,KN,Doanh thu bán hàng,Giao hàng Mực Nang sushi Sashimi (160g/ khay),1.102.500,Trang,"CT TNHH TISM & CO ( MR NAM- LA THÀNH,HN)",NH,TK KN,,20251027-004,
27/10/2025,KN,Doanh thu bán hàng,Giao hàng Bạch tuộc tươi,9.625.000,Trang,CT TNHH PGF ASIA- HN,NPP,TK KN,,20251027-005,
27/10/2025,KN,Doanh thu bán hàng,Giao hàng Sò Lông Nửa Mảnh,650.000,Trang,MR QUỐC HOÀN - HN,KL,TK KN,,20251027-006,
27/10/2025,KN,Doanh thu bán hàng,Giao hàng Tako mix,2.600.000,Trang,MS THANH THẢO- SG,KL,TK KN,,20251027-007,
27/10/2025,KN,Doanh thu bán hàng,Giao hàng Bạch tuộc tako + Bạch tuộc tako,28.623.132,Trang,CT TNHH NGUYÊN PHƯƠNG,NPP,TK KN,,20251027-008,
27/10/2025,KN,Doanh thu bán hàng,Giao hàng Lườn kiếm sashimi,1.892.100,Trang,HÂY SUSHI - CẦN THƠ,NH,TK KN,,20251027-009,
27/10/2025,KN,Doanh thu bán hàng,Giao hàng Bạch tuộc tako + Bạch Tuộc Tako nhỏ,7.049.000,Trang,MR TRƯỜNG SSM - PY,KL,TK KN,,20251027-010,
27/10/2025,KN,Doanh thu bán hàng,Giao hàng Kiếm steak,5.722.500,Trang,CT TNHH MTV TM DV HH TP PHÚ QUỐC (ANH THỰC-PQ),NPP,TK KN,,20251027-011,
27/10/2025,KN,Doanh thu bán hàng,Giao hàng tuna saku + Chả cá + phí vận chuyển + Tuna loin 3-5 + Bạch tuộc tako,34.563.120,Trang,CT TNHH VẠN QUANG FOOD,NPP,TK KN,,20251027-012,
27/10/2025,Nợ NCC,Chi phí nguyên vật liệu,Nhập hàng Bạch tuộc tươi (hàng đỏ) + Bạch tuộc tươi,7.005.000,Trang,NCC BÉ TÂN - VĨNH LƯƠNG,NCC,TK Nợ NCC,,20251027-013,
27/10/2025,Nợ NCC,Chi phí nguyên vật liệu,Nhập hàng Nhum nguyên con (đvt: con),12.300.000,Trang,NCC NHUM ĐEN - NGUYỄN THỊ PHÚC,NCC,TK Nợ NCC,,20251027-014,
27/10/2025,Nợ NCC,Chi phí nguyên vật liệu,Nhập hàng Chả cá,19.908.000,Trang,NCC CHẢ CÁ - TRÍ - PY,NCC,TK Nợ NCC,,20251027-015,
27/10/2025,Nợ NCC,Chi phí nguyên vật liệu,Nhập hàng Bạch tuộc tươi (hàng đỏ) + Bạch tuộc tươi,25.483.500,Trang,NCC BÉ TÂN - VĨNH LƯƠNG,NCC,TK Nợ NCC,,20251027-016,
27/10/2025,Nợ NCC,Chi phí nguyên vật liệu,Nhập hàng Nhum hũ,45.600.000,Trang,HOÀNG THỊ THÚY - HÒN RỚ (CÔ THỦY),NCC,TK Nợ NCC,,20251027-017,
26/10/2025,KN,Doanh thu bán hàng,Giao hàng phí vận chuyển + Loin kiếm,3.457.000,Trang,CT TNHH UMEYAKIA (MR NHÂN- THE VIEW ĐÀ NẴNG),NH,TK KN,,20251026-001,
26/10/2025,KN,Doanh thu bán hàng,Giao hàng Kiếm steak + Mực Nang 500-800,18.640.400,Trang,CT TNHH MTV ĐẠT PHÚ NGUYÊN,NPP,TK KN,,20251026-002,
26/10/2025,KN,Doanh thu bán hàng,Giao hàng Tuna Saku A + Râu bạch tuộc,2.520.000,Trang,FAMILY SUSHI  - QNAM,KL,TK KN,,20251026-003,
25/10/2025,Chi,Chi phí nguyên vật liệu,thanh toan hoa don 257 va 289 cho cty Hoan Truyen TT công nợ,123.091.500,Trang,CT HOÀN TRUYỀN,NCC,TCB CTY,,20251025-001,
25/10/2025,Chi,Chi phí nguyên vật liệu,thanh toan hoa don so 3 lan 1 cho Le Thi Suong Tuyet TT công nợ,109.294.000,Trang,NCC CHẢ CÁ - CHỊ TUYẾT SƯƠNG - PY,NCC,TCB CTY,,20251025-002,
25/10/2025,Chi,Chi phí nguyên vật liệu,thanh toan hoa don 34 cho Tran Thi Dung TT công nợ,20.682.000,Trang,NCC VẸM - DŨNG  - CR,NCC,TCB CTY,,20251025-003,
25/10/2025,Chi,Chi phí nguyên vật liệu,thanh toan hoa don 309 cho cty Viet Organic TT công nợ,37.553.250,Trang,CT VIỆT ORGANIC - TAM QUAN,NCC,TCB CTY,,20251025-004,
25/10/2025,Chi,Chi phí nguyên vật liệu,thanh toan hoa don 197 cho cty TS Hong Ngoc TT công nợ,28.570.920,Trang,NCC LƯỜN KIẾM - CHỊ PHƯƠNG DUNG - PY,NCC,TCB CTY,,20251025-005,
25/10/2025,Chi,Chi phí Sản xuất chung,"thanh toan hoa don 1512, 1593, 1692 cho cty Nam Thinh Long",12.360.500,Trang,Khác,Khác,TCB CTY,,20251025-006,
25/10/2025,Chi,Chi phí Sản xuất chung,thanh toan hoa don 260 cho cty BB Sang Trong,13.608.000,Trang,Khác,Khác,TCB CTY,,20251025-007,
25/10/2025,Chi,Chi phí nguyên vật liệu,thanh toan hoa don 10 cho cty EBT SG TT công nợ,24.393.600,Trang,CÔNG TY TNHH EBT SÀI GÒN,NCC,TCB CTY,,20251025-008,
25/10/2025,Chi,Vận chuyển,thanh toan hoa don 2802 cho cty Phuong Nam,2.060.000,Trang,Khác,Khác,TCB CTY,,20251025-009,
25/10/2025,Chi,Lãi vay,Thu nợ thu lãi vay mua 2 xe,3.115.068,Trang,Việt Nga - VRN,Ngân hàng,VRN CTY,,20251025-010,
25/10/2025,Chi,Lãi vay,Thu nợ thu gốc vay mua 2 xe,9.000.000,Trang,Việt Nga - VRN,Ngân hàng,VRN CTY,,20251025-011,
25/10/2025,Chi,Chi phí nguyên vật liệu,Nhận 10 thùng sò lông + nhum,1.210.000,Trang,Khác,Khác,Tiền mặt,,20251025-012,
25/10/2025,Chi,Vận chuyển,Gửi 3 thùng Phú Quốc cho vạn quang và baba,700.000,Trang,Khác,Khác,Tiền mặt,,20251025-013,
25/10/2025,Chi,Vận chuyển,Gửi 1 thùng cho Mai Trinh dn,50.000,Trang,Khác,Khác,Tiền mặt,,20251025-014,
25/10/2025,Chi,Vận chuyển,Gửi 4 thùng tài thắng cho Phương HN,1.000.000,Trang,Khác,Khác,Tiền mặt,,20251025-015,
25/10/2025,Chi,Hoa hồng,Hoa hồng a Bùi văn tuấn nha trang,297.000,Trang,Khác,Khác,Tiền mặt,,20251025-016,
25/10/2025,Chi,Hoa hồng,Hoa hồng a Vũ Quang DN (the View và the One) T8,2.200.000,Trang,Khác,Khác,Tiền mặt,,20251025-017,
25/10/2025,Chi,Hoa hồng,Hoa hồng anh Khanh Hadu T9,720.000,Trang,Khác,Khác,Tiền mặt,,20251025-018,
25/10/2025,Chi,Chi phí khác,Đưa cô Dư tiền ăn tuần tiếp,2.520.000,Trang,Khác,Khác,Tiền mặt,,20251025-019,
25/10/2025,Thu,Doanh thu Bán hàng,Anh Lượng bắc ninh thanh toán công nợ,8.544.000,Trang,MR LƯỢNG - BẮC NINH,NH,Tiền mặt,,20251025-020,
25/10/2025,Chi,Chi phí nguyên vật liệu,TT công nợ chị Hoa,8.544.000,Trang,NCC CHỊ HOA - HÒN RỚ,NCC,Tiền mặt,,20251025-021,
25/10/2025,Thu,Doanh thu Bán hàng,Thảo PY thanh toán công nợ,7.185.000,Trang,KIM THẢO - PY,KL,Tiền mặt,,20251025-022,
25/10/2025,Chi,Chi phí nguyên vật liệu,TT công nợ chả cá Trí,7.185.000,Trang,NCC CHẢ CÁ - TRÍ - PY,NCC,Tiền mặt,,20251025-023,
25/10/2025,Thu,Doanh thu Bán hàng,Trường SSM thanh toán công nợ đến hết 25/10,23.647.000,Trang,MR TRƯỜNG SSM - PY,KL,Tiền mặt,,20251025-024,
25/10/2025,Chi,Chi phí nguyên vật liệu,TT công nợ chị Gái vĩnh trường,23.647.000,Trang,NCC CHỊ GÁI - VĨNH TRƯỜNG,NCC,Tiền mặt,,20251025-025,
25/10/2025,Thu,Doanh thu Bán hàng,Sushi O Ba thanh toán công nợ,19.514.000,Trang,SUSHI O BA,NH,Tiền mặt,,20251025-026,
25/10/2025,Chi,Chi phí nguyên vật liệu,TT công nợ bt Bé Tân,19.514.000,Trang,NCC BÉ TÂN - VĨNH LƯƠNG,NCC,Tiền mặt,,20251025-027,
25/10/2025,Thu,Doanh thu Bán hàng,NBQN cs2 thanh toán công nợ,12.075.000,Trang,NH QUẢNG NINH- CS2,NH,Tiền mặt,,20251025-028,
25/10/2025,Chi,Chi phí nguyên vật liệu,TT công nợ bt Bé Tân,12.075.000,Trang,NCC BÉ TÂN - VĨNH LƯƠNG,NCC,Tiền mặt,,20251025-029,
25/10/2025,Chi,Vận chuyển,Gửi 1 thùng cho a Nhân đn,50.000,Trang,Khác,Khác,Tiền mặt,,20251025-030,
25/10/2025,Chi,Vận chuyển,Đổ xăng xe máy,20.000,Trang,Khác,Khác,Tiền mặt,,20251025-031,
25/10/2025,Chi,Vận chuyển,Gửi 3 thùng DPN,300.000,Trang,Khác,Khác,Tiền mặt,,20251025-032,
25/10/2025,Chi,Chi phí khác,Mua đồ đơm,95.000,Trang,Khác,Khác,Tiền mặt,,20251025-033,
25/10/2025,Chi,Vận chuyển,Thanh toán phí ship kvsg 08-14/10/2025,2.285.000,Trang,Khác,Khác,TK Lệ,,20251025-034,
25/10/2025,Thu,Doanh thu Bán hàng,Anh Lee Minh Heo thanh toán công nợ,229.824,Trang,MR LEE MINH HEO - HN,KL,TK Dung,,20251025-035,
25/10/2025,Thu,Doanh thu Bán hàng,Chef Hồng (Moca) thanh toán công nợ,2.891.200,Trang,CHEF HỒNG - HN,KL,TK Dung,,20251025-036,
25/10/2025,Thu,Doanh thu Bán hàng,Anh Đông phú quốc thanh toán công nợ,2.021.000,Trang,MR ĐÔNG - PHÚ QUỐC,NH,TK Linh,,20251025-037,
25/10/2025,Thu,Doanh thu Bán hàng,Khách của Ngân TH thanh toán bill lườn kiếm nướng,700.000,Trang,KHÁCH LẺ,KL,TK Sơn,,20251025-038,
25/10/2025,Chi,Vận chuyển,Thanh toán phí vc kv Hn 10-20/10,2.714.000,Trang,Khác,Khác,TK Sơn,,20251025-039,
25/10/2025,Chi,Chi phí nguyên vật liệu,TT công nợ bt chị Nga phú yên,10.433.000,Trang,NCC BT - CHỊ NGA - PY,NCC,TK Sơn,,20251025-040,
25/10/2025,Chi,Chi phí nguyên vật liệu,TT công nợ chị Hồng Châu (hết),20.165.000,Trang,NCC CHỊ HỒNG CHÂU - HÒN RỚ,NCC,TK Sơn,,20251025-041,
25/10/2025,Chi,Chi phí nguyên vật liệu,TT công nợ chị Phúc (nhum + sò lông),40.800.000,Trang,NCC NHUM ĐEN - NGUYỄN THỊ PHÚC,NCC,TK Sơn,,20251025-042,
25/10/2025,Chi,Chi phí nguyên vật liệu,Thanh toán tiền cá tươi chị Xuân Phương,269.000,Trang,NCC CÁ TƯƠI - CHỊ XUÂN PHƯƠNG - QN,NCC,Tk Ngợi,,20251025-043,
25/10/2025,Chi,Chi phí Sản xuất chung,Mr Hoàn mua 2 quạt tại Toàn Ngọc + vat 8%,3.024.000,Trang,Khác,Khác,Tk Ngợi,,20251025-044,
25/10/2025,Thu,Doanh thu Bán hàng,CT TNHH SON MAI VI BIEN thanh toan công nợ,33.810.000,Trang,CT TNHH SƠN MAI VỊ BIỂN (MR NGỌC-NHA TRANG),NPP,TCB CTY,,20251025-045,
25/10/2025,Thu,Doanh thu Bán hàng,"Sushi To thanh toán công nợ Chuyen khoan shd 1092, 1093",24.937.920,Trang,HKD SUSHITO (NHÀ KHO)- SG,NH,TCB CTY,,20251025-046,
25/10/2025,KN,Doanh thu bán hàng,Giao hàng Kiếm vỉ nướng + Trứng nhum AA 100g/khay + Bánh Takoyaki + Hàu Nhật Hyogo đông lạnh nguyên vỏ size M (9-11 con/kg) + Bạch tuộc LSNC 30-50 + Tuna Saku A + Mực Ống,2.994.000,Trang,NH UNI SUSHI,NH,TK KN,,20251025-047,
25/10/2025,KN,Doanh thu bán hàng,Giao hàng Tuna rẻo CO + Bạch tuộc tako,11.216.000,Trang,MR TRƯỜNG SSM - PY,KL,TK KN,,20251025-048,
25/10/2025,KN,Doanh thu bán hàng,Giao hàng Tuna Saku A,2.016.000,Trang,HKD Y SA BI (MS GIA HÂN- TRÀ VINH),NH,TK KN,,20251025-049,
25/10/2025,KN,Doanh thu bán hàng,Giao hàng Bạch tuộc tako + Tuna Saku A + Nang roll,2.738.200,Trang,CT TNHH NH NAM SAN F&B (SUSHI NOWZOON),NH,TK KN,,20251025-050,
25/10/2025,KN,Doanh thu bán hàng,Giao hàng Tuna Saku A,4.042.500,Trang,MR THỦY- NGHỆ AN (FUJIMO),NH,TK KN,,20251025-051,
25/10/2025,KN,Doanh thu bán hàng,Giao hàng Bạch tuộc tako + Nang roll,582.000,Trang,MR THUẬN- SG (NOWZOON),KL,TK KN,,20251025-052,
25/10/2025,KN,Doanh thu bán hàng,Giao hàng Tuna Saku A,1.872.000,Trang,ANH LỘC - ĐÔNG NAI,NH,TK KN,,20251025-053,
25/10/2025,KN,Doanh thu bán hàng,Giao hàng Tuna Saku A,2.020.200,Trang,MR ĐÔNG - PHÚ QUỐC,NH,TK KN,,20251025-054,
25/10/2025,KN,Doanh thu bán hàng,Giao hàng Bào Ngư,440.000,Trang,MS LINH - HN,KL,TK KN,,20251025-055,
25/10/2025,KN,Doanh thu bán hàng,Giao hàng Trứng nhum AA 100g/khay,3.300.000,Trang,DOAN TAM KICCHOU - HN,KL,TK KN,,20251025-056,
25/10/2025,Nợ NCC,Chi phí nguyên vật liệu,Nhập hàng Chả cá,7.200.000,Trang,NCC CHẢ CÁ - CHỊ TUYẾT SƯƠNG - PY,NCC,TK Nợ NCC,,20251025-057,
24/10/2025,KN,Doanh thu bán hàng,Giao hàng Bạch tuộc tako,12.757.500,Trang,CT TNHH GINKAKU ( MS THIÊN TRANG),NH,TK KN,,20251024-001,
24/10/2025,KN,Doanh thu bán hàng,Giao hàng Bào Ngư + Tuna Saku A + Loin kiếm + Loin kiếm + Sò Lông Nửa Mảnh + Sò Lông Nửa Mảnh,7.578.500,Trang,SUSHI O BA,NH,TK KN,,20251024-002,
24/10/2025,KN,Doanh thu bán hàng,Giao hàng Tako mix,2.600.000,Trang,MS LÌ - SÀI GÒN,KL,TK KN,,20251024-003,
24/10/2025,KN,Doanh thu bán hàng,Giao hàng Râu bạch tuộc,1.800.000,Trang,"MS MINH TRANG- 81/2 HOÀNG DIỆU, NHA TRANG",KL,TK KN,,20251024-004,
24/10/2025,KN,Doanh thu bán hàng,Giao hàng Tuna Saku A,3.937.500,Trang,CT TNHH SAKURA SUSHI,NH,TK KN,,20251024-005,
24/10/2025,KN,Doanh thu bán hàng,Giao hàng Bạch tuộc tươi,3.080.000,Trang,CT TNHH KIWAMI VN - MR TUẤN - NT,KL,TK KN,,20251024-006,
24/10/2025,KN,Doanh thu bán hàng,Giao hàng Bạch tuộc tako,12.323.599,Trang,CT TNHH NGUYÊN PHƯƠNG,NPP,TK KN,,20251024-007,
24/10/2025,KN,Doanh thu bán hàng,Giao hàng Bạch tuộc tako,6.313.500,Trang,CN CT CP TM VÀ DV VIET DELI - NHA TRANG,NH,TK KN,,20251024-008,
24/10/2025,KN,Doanh thu bán hàng,Giao hàng phí vận chuyển + Chả cá + Tuna loin 3-5,11.900.075,Trang,CT TNHH VẠN QUANG FOOD,NPP,TK KN,,20251024-009,
24/10/2025,KN,Doanh thu bán hàng,Giao hàng Sò Lông Nửa Mảnh + phí vận chuyển + Bạch tuộc tako + tuna saku,11.206.425,Trang,NH BABABA-PHÚ QUỐC,NH,TK KN,,20251024-010,
24/10/2025,KN,Doanh thu bán hàng,Giao hàng Râu Tako A,229.824,Trang,MR LEE MINH HEO - HN,KL,TK KN,,20251024-011,
24/10/2025,KN,Doanh thu bán hàng,Giao hàng Vẹm Xanh Tách Vỏ ( PE),3.440.000,Trang,CT TNHH SƠN MAI VỊ BIỂN (MR NGỌC-NHA TRANG),NPP,TK KN,,20251024-012,
24/10/2025,KN,Doanh thu bán hàng,Giao hàng Sò Lông Nửa Mảnh + Vẹm Xanh Tách Vỏ ( PE) + Nhum nguyên con (đvt: con),2.750.000,Trang,MR TRƯỜNG - SG,KL,TK KN,,20251024-013,
24/10/2025,KN,Doanh thu bán hàng,Giao hàng Cá Hồng Biển,1.148.400,Trang,CT CP DV TM HADU,NH,TK KN,,20251024-014,
24/10/2025,KN,Doanh thu bán hàng,"Giao hàng Cá Bè (Cá Khế, Cá Giấy, cá viễn)",2.891.200,Trang,CHEF HỒNG - HN,KL,TK KN,,20251024-015,
24/10/2025,KN,Doanh thu bán hàng,"Giao hàng Cá Bè (Cá Khế, Cá Giấy, cá viễn)",834.250,Trang,CT TNHH PGF ASIA- HN,NPP,TK KN,,20251024-016,
24/10/2025,KN,Doanh thu bán hàng,Giao hàng Bạch tuộc tako,8.928.000,Trang,"MR BẮC - TRƯƠNG ĐỊNH, HN",KL,TK KN,,20251024-017,
24/10/2025,KN,Doanh thu bán hàng,Giao hàng phí vận chuyển + Trứng nhum AA 100g/khay + Bạch Tuộc Tako nhỏ,2.591.000,Trang,MS MAI TRINH- ĐÀ NẴNG,KL,TK KN,,20251024-018,
24/10/2025,Nợ NCC,Chi phí nguyên vật liệu,Nhập hàng Bạch tuộc tươi size 1up + Bạch tuộc tươi,2.917.000,Trang,NCC KIM DUNG - NINH HÒA,NCC,TK Nợ NCC,,20251024-019,
24/10/2025,Nợ NCC,Chi phí nguyên vật liệu,"Nhập hàng phí vận chuyển + Cá Bè (Cá Khế, Cá Giấy, cá viễn) + Cá Hồng Biển",3.523.450,Trang,NCC MR TRƯỜNG SSM - PY ,NCC,TK Nợ NCC,,20251024-020,
24/10/2025,Nợ NCC,Chi phí nguyên vật liệu,Nhập hàng Sò Lông nguyên liệu + Nhum nguyên con (đvt: con),28.800.000,Trang,NCC NHUM ĐEN - NGUYỄN THỊ PHÚC,NCC,TK Nợ NCC,,20251024-021,
23/10/2025,Thu,Doanh thu Bán hàng,KYOTO-ECO-231025 tt công nợ,5.872.650,Trang,CT KYOTO YAKINIKU - A CHÂU - DN,KL,TCB CTY,,20251023-001,
23/10/2025,Chi,Khác,Eco góp vốn vào dự án nhum (thanh toan hoa don 73 cho Nguyen Van Ngo),1.956.080,Trang,Khác,Khác,TCB CTY,,20251023-002,
23/10/2025,Thu,Doanh thu Bán hàng,NAGI-ECO-HD1103-231025 công nợ,539.700,Trang,NH NAGI 2 - GÒ VẤP,NH,TCB CTY,,20251023-003,
23/10/2025,Thu,Khác,"Anh Minh Anh thanh toán lại tiền thừa (hđ so với phát sinh thực tế hàng mục làm tầng 2 cho xưởng: hóa đơn: 244,684,000, thực tế phát sinh là: 197,141,385)
",47.542.615,Trang,Khác,Khác,Tiền mặt,,20251023-004,
23/10/2025,Chi,Chi phí nguyên vật liệu,TT công nợ chị Gái vĩnh trường,47.542.615,Trang,NCC CHỊ GÁI - VĨNH TRƯỜNG,NCC,Tiền mặt,,20251023-005,
23/10/2025,Thu,Doanh thu Bán hàng,Mr Trung hà tĩnh tt công nợ,20.845.500,Trang,CT TNHH TP TS SẠCH HÀ TĨNH (TRUNG-HÀ TĨNH),NPP,Tiền mặt,,20251023-006,
23/10/2025,Chi,Chi phí nguyên vật liệu,TT công nợ chị Bé Tân,20.845.500,Trang,NCC BÉ TÂN - VĨNH LƯƠNG,NCC,Tiền mặt,,20251023-007,
23/10/2025,Thu,Doanh thu Bán hàng,Chị Trinh Q7 thanh toán công nợ,2.600.000,Trang,MS TRINH- QUẬN 7,KL,Tiền mặt,,20251023-008,
23/10/2025,Chi,Chi phí nguyên vật liệu,TT công nợ chị Hoa,2.600.000,Trang,NCC CHỊ HOA - HÒN RỚ,NCC,Tiền mặt,,20251023-009,
23/10/2025,Thu,Doanh thu Bán hàng,Thiên Trang tt công nợ,50.000.000,Trang,CT TNHH GINKAKU ( MS THIÊN TRANG),NH,Tiền mặt,,20251023-010,
23/10/2025,Chi,Chi phí nguyên vật liệu,TT công nợ chị Hoa,50.000.000,Trang,NCC CHỊ HOA - HÒN RỚ,NCC,Tiền mặt,,20251023-011,
23/10/2025,Thu,Doanh thu Bán hàng,Chị Giang cần thơ thanh toán công nợ,11.022.000,Trang,MS GIANG- CẦN THƠ,KL,Tiền mặt,,20251023-012,
23/10/2025,Chi,Chi phí nguyên vật liệu,TT công nợ chị Hoa,11.022.000,Trang,NCC CHỊ HOA - HÒN RỚ,NCC,Tiền mặt,,20251023-013,
23/10/2025,Chi,Vận chuyển,Thanh toán tiền Grab ĐN: giao 7t Viet Nhat + 1t Marusei + 1t Kyoto,490.000,Trang,Khác,Khác,Tiền mặt,,20251023-014,
23/10/2025,Chi,Chi phí Sản xuất chung,Mua 15 bao đá bi,345.000,Trang,Khác,Khác,Tiền mặt,,20251023-015,
23/10/2025,Chi,Chi phí nguyên vật liệu,Nhận 1 thùng kiếm steak Trường Thảo gửi,80.000,Trang,Khác,Khác,Tiền mặt,,20251023-016,
23/10/2025,Chi,Vận chuyển,Gửi 8 thùng DPN,800.000,Trang,Khác,Khác,Tiền mặt,,20251023-017,
23/10/2025,Thu,Doanh thu Bán hàng,Omasake tt công nợ,4.050.000,Trang,NH HÀN QUỐC OMAKASE,NH,TK Dung,,20251023-018,
23/10/2025,Thu,Doanh thu Bán hàng,Anh Long Thịnh Liệt thanh toán công nợ,750.000,Trang,MR LONG - THỊNH LIỆT - HN,KL,TK Dung,,20251023-019,
23/10/2025,Thu,Doanh thu Bán hàng,Nagi thanh toán tiền vận chuyển,50.000,Trang,NH NAGI 2 - GÒ VẤP,NH,TK Dung,,20251023-020,
23/10/2025,Chi,Chi phí nguyên vật liệu,TT công nợ bt chị Ngân,5.643.000,Trang,NCC CHỊ NGÂN - HÒN XỆN,NCC,Tk Ni,,20251023-021,
23/10/2025,Chi,Chi phí nguyên vật liệu,TT công nợ bt Út Trần,6.202.000,Trang,NCC TRẦN THỊ ÚT - PHÚ YÊN,NCC,Tk Ni,,20251023-022,
23/10/2025,KN,Doanh thu bán hàng,Giao hàng Bạch tuộc tako,1.574.640,Trang,MR NGUYỄN ANH - LINH ĐÀM - HN,NH,TK KN,,20251023-023,
23/10/2025,KN,Doanh thu bán hàng,Giao hàng Bạch tuộc tako,9.440.000,Trang,"MR BẮC - TRƯƠNG ĐỊNH, HN",KL,TK KN,,20251023-024,
23/10/2025,KN,Doanh thu bán hàng,Giao hàng Tuna Saku A,2.047.500,Trang,CT TNHH ĐT NGỌC THỊNH PHÁT (MR TÌNH),NH,TK KN,,20251023-025,
23/10/2025,KN,Doanh thu bán hàng,Giao hàng Sò Lông Nửa Mảnh,750.000,Trang,MR LONG - THỊNH LIỆT - HN,KL,TK KN,,20251023-026,
23/10/2025,KN,Doanh thu bán hàng,Giao hàng Lườn kiếm nướng,700.000,Trang,KHÁCH LẺ,KL,TK KN,,20251023-027,
23/10/2025,KN,Doanh thu bán hàng,Giao hàng Mực Ống,290.000,Trang,NH UNI SUSHI,NH,TK KN,,20251023-028,
23/10/2025,KN,Doanh thu bán hàng,Giao hàng Chả cá + chả cá hấp + Mực Nang 500-800,40.792.600,Trang,CT TNHH MTV ĐẠT PHÚ NGUYÊN,NPP,TK KN,,20251023-029,
23/10/2025,KN,Doanh thu bán hàng,Giao hàng Râu bạch tuộc,3.250.000,Trang,CT TNHH TM THỰC PHẨM VÕ GIA (MR THỐNG),NH,TK KN,,20251023-030,
23/10/2025,KN,Doanh thu bán hàng,Giao hàng Bạch tuộc tako,9.302.500,Trang,CT THỰC PHẨM NGÀY MỚI,NPP,TK KN,,20251023-031,
23/10/2025,Nợ NCC,Chi phí nguyên vật liệu,Nhập hàng Nhum nguyên con (đvt: con),1.800.000,Trang,NCC NHUM ĐEN - QUANH BÙI,NCC,TK Nợ NCC,,20251023-032,
23/10/2025,Nợ NCC,Chi phí nguyên vật liệu,Nhập hàng Kiếm steak,4.760.000,Trang,CT TRƯỜNG THẢO - PY (TRƯỜNG),NCC,TK Nợ NCC,,20251023-033,
23/10/2025,Nợ NCC,Chi phí nguyên vật liệu,Nhập hàng Bạch tuộc tươi,6.202.000,Trang,NCC TRẦN THỊ ÚT - PHÚ YÊN,NCC,TK Nợ NCC,,20251023-034,
23/10/2025,Nợ NCC,Chi phí nguyên vật liệu,Nhập hàng Chả cá,10.800.000,Trang,NCC CHẢ CÁ - CHỊ TUYẾT SƯƠNG - PY,NCC,TK Nợ NCC,,20251023-035,
23/10/2025,Nợ NCC,Chi phí nguyên vật liệu,Nhập hàng Chả cá,20.384.000,Trang,NCC CHẢ CÁ - TRÍ - PY,NCC,TK Nợ NCC,,20251023-036,
23/10/2025,Nợ NCC,Chi phí nguyên vật liệu,Nhập hàng phí vận chuyển + Mực Ống,5.560.000,Trang,NCC LỢI THU - PHÚ QUÝ,NCC,TK Nợ NCC,,20251023-037,
22/10/2025,Chi,Chuyển nội bộ,Rút tiền tk công ty,20.000.000,Trang,Nội Bộ,Nội Bộ,TCB CTY,,20251022-001,
22/10/2025,Thu,Doanh thu Bán hàng,Cty TP Phu Quoc TT Cty Eco ORGANIC tt công nợ,66.182.662,Trang,CT TNHH MTV TM DV HH TP PHÚ QUỐC (ANH THỰC-PQ),NPP,TCB CTY,,20251022-002,
22/10/2025,Thu,Doanh thu Bán hàng,Lê Gia (CA KIEM T8-220925-09:41:09 374523) tt công nợ,2.881.200,Trang,CT LÊ GIA (MINORI CS2),NH,TCB CTY,,20251022-003,
22/10/2025,Chi,Chi phí khác,Góp cổ phần dự án nuôi nhum (thanh toan tien mua hang cho Cty Thanh Dat),10.219.620,Trang,Khác,Khác,TCB CTY,,20251022-004,
22/10/2025,Chi,"Chi phí Sửa chữa, Bảo trì",thanh toan lan 3 hoa don so 6 cho cty Dai Viet công nợ,94.684.000,Trang,Khác,Khác,TCB CTY,,20251022-005,
22/10/2025,Chi,Chi phí khác,Mua đồ cúng,290.000,Trang,Khác,Khác,Tiền mặt,,20251022-006,
22/10/2025,Chi,Chi phí nguyên vật liệu,Nhận thùng 10kg hàu nhật Marusei DN gửi,40.000,Trang,Khác,Khác,Tiền mặt,,20251022-007,
22/10/2025,Thu,Chuyển nội bộ,Rút tiền tk công ty,20.000.000,Trang,Nội Bộ,Nội Bộ,Tiền mặt,,20251022-008,
22/10/2025,Thu,Khác,Go Food ck trả lại hđ  152 đã unc (sau khi trừ đi phần tiền VAT),227.200.000,Trang,Khác,Khác,Tiền mặt,,20251022-009,
22/10/2025,Chi,Chi phí nguyên vật liệu,TT công nợ chị Gái vĩnh trường,227.200.000,Trang,NCC CHỊ GÁI - VĨNH TRƯỜNG,NCC,Tiền mặt,,20251022-010,
22/10/2025,Chi,Chi phí khác,Dự án nhum: mua đồ cúng,230.000,Trang,Khác,Khác,Tiền mặt,,20251022-011,
22/10/2025,Thu,Doanh thu Bán hàng,Phú Thịnh thanh toán công nợ,38.589.000,Trang,CT TNHH ĐT TS PHÚ THỊNH,NPP,Tiền mặt,,20251022-012,
22/10/2025,Chi,Chi phí nguyên vật liệu,TT công nợ chị Bé Tân,38.589.000,Trang,NCC BÉ TÂN - VĨNH LƯƠNG,NCC,Tiền mặt,,20251022-013,
22/10/2025,Thu,Doanh thu Bán hàng,Thiệu thanh toán công nợ,5.092.000,Trang,MR THIỆU - NHA TRANG (CÁ NHÂN),KL,Tiền mặt,,20251022-014,
22/10/2025,Chi,Chi phí nguyên vật liệu,TT công nợ ncc Lợi Thu,5.092.000,Trang,NCC LỢI THU - PHÚ QUÝ,NCC,Tiền mặt,,20251022-015,
22/10/2025,Chi,Vận chuyển,Gửi 3 thùng DPN ,300.000,Trang,Khác,Khác,Tiền mặt,,20251022-016,
22/10/2025,Thu,Doanh thu Bán hàng,Anh Thái hn tt công nợ,521.500,Trang,MR THÁI - HN,KL,TK Dung,,20251022-017,
22/10/2025,Thu,Doanh thu Bán hàng,yakiyum Nguyễn văn lộc tt công nợ,1.278.000,Trang,NH YAKI YUM - NGUYỄN VĂN LỘC,NH,TK Dung,,20251022-018,
22/10/2025,Thu,Doanh thu Bán hàng,Định thanh toán công nợ,5.874.000,Trang,MR ĐỊNH- NHA TRANG,KL,Tk Ni,,20251022-019,
22/10/2025,KN,Doanh thu bán hàng,Giao hàng Tuna Saku A,3.650.000,Trang,CT TNHH PGF ASIA- HN,NPP,TK KN,,20251022-020,
22/10/2025,KN,Doanh thu bán hàng,Giao hàng Bạch tuộc tako,23.399.280,Trang,CT TNHH NGUYÊN PHƯƠNG,NPP,TK KN,,20251022-021,
22/10/2025,KN,Doanh thu bán hàng,Giao hàng Tuna Saku XK + Bạch tuộc tako,6.022.275,Trang,CT CP QL KS VÀ KND LYNN TIMES (MR ĐINH ĐỒNG),NH,TK KN,,20251022-022,
22/10/2025,KN,Doanh thu bán hàng,Giao hàng Xương cá cờ kiếm + sụn xương cá kiếm,5.835.000,Trang,KIM THẢO - PY,KL,TK KN,,20251022-023,
22/10/2025,KN,Doanh thu bán hàng,Giao hàng Mực Nang sushi Sashimi (160g/ khay),1.050.000,Trang,"MR DUY - VĂN CAO, HN",KL,TK KN,,20251022-024,
22/10/2025,KN,Doanh thu bán hàng,Giao hàng Kiếm vỉ nướng + Bạch tuộc LSNC 30-50 + Tuna Saku A + Bánh Takoyaki,1.200.000,Trang,NH UNI SUSHI,NH,TK KN,,20251022-025,
22/10/2025,KN,Doanh thu bán hàng,Giao hàng phí vận chuyển + Trứng Nhum AA 200g/khay,564.000,Trang,NH NAGI 2 - GÒ VẤP,NH,TK KN,,20251022-026,
22/10/2025,KN,Doanh thu bán hàng,Giao hàng Trứng Nhum AA 200g/khay,2.400.000,Trang,CT CP DV TM HADU,NH,TK KN,,20251022-027,
22/10/2025,KN,Doanh thu bán hàng,Giao hàng Trứng Nhum AA 200g/khay,4.050.000,Trang,NH HÀN QUỐC OMAKASE,NH,TK KN,,20251022-028,
22/10/2025,KN,Doanh thu bán hàng,Giao hàng Chả cá + Mực Nang 500-800,16.281.600,Trang,CT TNHH MTV ĐẠT PHÚ NGUYÊN,NPP,TK KN,,20251022-029,
22/10/2025,KN,Doanh thu bán hàng,Giao hàng Vẹm Xanh Tách Vỏ ( PE),10.200.000,Trang,CT TNHH ĐT TS PHÚ THỊNH,NPP,TK KN,,20251022-030,
22/10/2025,Nợ NCC,Chi phí nguyên vật liệu,Nhập hàng Hàu Nhật Hyogo đông lạnh nguyên vỏ size M (9-11 con/kg),2.000.000,Trang,NCC MARUSEI- ĐÀ NẴNG,NCC,TK Nợ NCC,,20251022-031,
22/10/2025,Nợ NCC,Chi phí nguyên vật liệu,Nhập hàng Chả cá,18.000.000,Trang,NCC CHẢ CÁ - CHỊ TUYẾT SƯƠNG - PY,NCC,TK Nợ NCC,,20251022-032,
21/10/2025,Chi,Khác,Thanh toan hoa don 152 cho cty Go Food (họ ck lại tk cá nhân sau khi trừ VAT),238.560.000,Trang,Khác,Khác,Vay tin dung,,20251021-001,
21/10/2025,Thu,Doanh thu Bán hàng,NAM SAN TT ECO T8.25 CL-211025 công nợ,13.561.284,Trang,CT TNHH NH NAM SAN F&B (SUSHI NOWZOON),NH,TCB CTY,,20251021-002,
21/10/2025,Chi,Chi phí khác,Góp cổ phần Dự án nhum (thanh toan tien mua hang cho Pham Thi Nga: mua hóa chất),3.350.030,Trang,Khác,Khác,TCB CTY,,20251021-003,
21/10/2025,Thu,Doanh thu Bán hàng,DAO HAI SAN thanh toan Eco Organic Nha Trang theo HD 893 công nợ,23.436.000,Trang,CT TNHH ĐẢO HẢI SẢN,NPP,TCB CTY,,20251021-004,
21/10/2025,Chi,Vận chuyển,Gửi 1 thùng tài thắng cho Phương HN,250.000,Trang,Khác,Khác,Tiền mặt,,20251021-005,
21/10/2025,Chi,Chi phí nguyên vật liệu,Nhận 4 thùng sò lông chị Phúc gửi,500.000,Trang,Khác,Khác,Tiền mặt,,20251021-006,
21/10/2025,Chi,Vận chuyển,Gửi 2 thùng cho Vạn Quang pq,500.000,Trang,Khác,Khác,Tiền mặt,,20251021-007,
21/10/2025,Chi,Chi phí nguyên vật liệu,Nhận 1 thùng tuna saku 4A Trường py gửi,80.000,Trang,Khác,Khác,Tiền mặt,,20251021-008,
21/10/2025,Chi,Chi phí Sản xuất chung,Tiền thu gom rác 56 bao,560.000,Trang,Khác,Khác,Tiền mặt,,20251021-009,
21/10/2025,Chi,Vận chuyển,gửi 1 thùng cho Vạn Quang vĩnh long,150.000,Trang,Khác,Khác,Tiền mặt,,20251021-010,
21/10/2025,Chi,Vận chuyển,Gửi 16 thùng ĐN: DPN + Ocean + Kyoto,1.550.000,Trang,Khác,Khác,Tiền mặt,,20251021-011,
21/10/2025,Chi,Vận chuyển,Gửi 2 thùng xe cont cho Phương HN,500.000,Trang,Khác,Khác,Tiền mặt,,20251021-012,
21/10/2025,Thu,Doanh thu Bán hàng,Khách Thanh Thủy bình định thanh toán công nợ,1.300.000,Trang,Khác,Khác,Tiền mặt,,20251021-013,
21/10/2025,Chi,Chi phí nguyên vật liệu,TT công nợ chị Bé Tân,1.300.000,Trang,NCC BÉ TÂN - VĨNH LƯƠNG,NCC,Tiền mặt,,20251021-014,
21/10/2025,Thu,Doanh thu Bán hàng,Hadu thanh toán công nợ T9 phần tk cá nhân,4.768.600,Trang,CT CP DV TM HADU,NH,Tiền mặt,,20251021-015,
21/10/2025,Chi,Chi phí nguyên vật liệu,TT công nợ chị Bé Tân,4.768.600,Trang,NCC BÉ TÂN - VĨNH LƯƠNG,NCC,Tiền mặt,,20251021-016,
21/10/2025,Chi,Chi phí Sản xuất chung,Mua 1 bao 25kg phụ gia bạch tuộc Thái (vì phụ gia nhật không về kịp),7.000.000,Trang,Khác,Khác,TK Sơn,,20251021-017,
21/10/2025,Thu,Doanh thu Bán hàng,Anh Hoàng thanh toán công nợ,248.000,Trang,MR HOÀNG - NHA TRANG,KL,Tk Ni,,20251021-018,
21/10/2025,Thu,Doanh thu Bán hàng,Huyền Trang thanh toán công nợ,2.550.000,Trang,MS HUYỀN TRANG - NT,KL,Tk Ni,,20251021-019,
21/10/2025,Thu,Doanh thu Bán hàng,(tran thi thao trang) Kin sushi thanh toán công nợ,4.135.950,Trang,KIN SUSHI - LÂM ĐỒNG,KL,Tk Ni,,20251021-020,
21/10/2025,Thu,Doanh thu Bán hàng,Anh Bắc Trương Định tt công nợ 26/9+13/10,13.422.800,Trang,"MR BẮC - TRƯƠNG ĐỊNH, HN",KL,Tk Ni,,20251021-021,
21/10/2025,Thu,Doanh thu Bán hàng,Anh Hợp đà nẵng thanh toán bill công nợ,3.900.000,Trang,MR HỢP - ĐÀ NẴNG,KL,Tk Ni,,20251021-022,
21/10/2025,KN,Doanh thu bán hàng,Giao hàng phí vận chuyển + Tuna Saku A,11.022.000,Trang,MS GIANG- CẦN THƠ,KL,TK KN,,20251021-023,
21/10/2025,KN,Doanh thu bán hàng,Giao hàng Vẹm Xanh Tách Vỏ ( PE),4.760.000,Trang,CT TNHH ĐT TS PHÚ THỊNH,NPP,TK KN,,20251021-024,
21/10/2025,KN,Doanh thu bán hàng,Giao hàng Bạch tuộc tako + phí vận chuyển,1.574.600,Trang,MS TUYỀN- THỦ ĐỨC,KL,TK KN,,20251021-025,
21/10/2025,KN,Doanh thu bán hàng,Giao hàng Mực Ống + Bạch tuộc tako + Tuna Saku A + Râu bạch tuộc + Tôm Thẻ Lột + Bạch tuộc LSNC 30-50 + Vẹm Xanh Tách Vỏ ( PE) + Cá Cờ Kiếm Saku,2.792.600,Trang,NH UNI SUSHI,NH,TK KN,,20251021-026,
21/10/2025,KN,Doanh thu bán hàng,Giao hàng Bạch tuộc tako + Nang roll + Tuna Saku A,2.426.300,Trang,CT TNHH NH NAM SAN F&B (SUSHI NOWZOON),NH,TK KN,,20251021-027,
21/10/2025,KN,Doanh thu bán hàng,Giao hàng Bạch tuộc tươi + Chả cá,13.792.350,Trang,CT TNHH MTV TM DV HH TP PHÚ QUỐC (ANH THỰC-PQ),NPP,TK KN,,20251021-028,
21/10/2025,KN,Doanh thu bán hàng,Giao hàng phí vận chuyển + Chả cá + Tuna loin 3-5,10.373.450,Trang,CT TNHH VẠN QUANG FOOD,NPP,TK KN,,20251021-029,
21/10/2025,KN,Doanh thu bán hàng,Giao hàng sụn xương cá kiếm,1.350.000,Trang,KIM THẢO - PY,KL,TK KN,,20251021-030,
21/10/2025,KN,Doanh thu bán hàng,Giao hàng Tuna Saku A,3.900.000,Trang,MR HỢP - ĐÀ NẴNG,KL,TK KN,,20251021-031,
21/10/2025,KN,Doanh thu bán hàng,Giao hàng Tuna Saku A + tuna saku + Bạch tuộc tako,2.100.000,Trang,MS DƯƠNG MINH LÝ- QUẢNG NINH,KL,TK KN,,20251021-032,
21/10/2025,KN,Doanh thu bán hàng,Giao hàng Mực Nang sushi Sashimi (160g/ khay) + Bạch tuộc tako,2.017.026,Trang,"CT TNHH TISM & CO ( MR NAM- LA THÀNH,HN)",NH,TK KN,,20251021-033,
21/10/2025,KN,Doanh thu bán hàng,Giao hàng phí vận chuyển + Chả cá,4.491.600,Trang,CT TNHH VẠN QUANG FOOD,NPP,TK KN,,20251021-034,
21/10/2025,KN,Doanh thu bán hàng,Giao hàng Tako mix,3.125.000,Trang,NH TAKO IKA- SG,NH,TK KN,,20251021-035,
21/10/2025,KN,Doanh thu bán hàng,Giao hàng phí vận chuyển + Loin kiếm,3.692.000,Trang,CT KYOTO YAKINIKU - A CHÂU - DN,KL,TK KN,,20251021-036,
21/10/2025,KN,Doanh thu bán hàng,Giao hàng Tuna Saku A + Bạch tuộc tươi + Bạch tuộc tươi,21.705.500,Trang,CT TNHH PGF ASIA- SG,NPP,TK KN,,20251021-037,
21/10/2025,KN,Doanh thu bán hàng,Giao hàng Tuna loin 3-5 + tuna saku + Bạch tuộc tako + Mực Nang 500-800 + Kiếm steak + Chả cá,64.955.700,Trang,CT TNHH MTV ĐẠT PHÚ NGUYÊN,NPP,TK KN,,20251021-038,
21/10/2025,KN,Doanh thu bán hàng,Giao hàng Trứng nhum AB 200g/khay + Trứng nhum AB 200g/khay,116.100.000,Trang,CT TNHH OCEAN LINK VIỆT NHẬT,NPP,TK KN,,20251021-039,
21/10/2025,Nợ NCC,Chi phí nguyên vật liệu,Nhập hàng Sò Lông nguyên liệu,12.000.000,Trang,NCC NHUM ĐEN - NGUYỄN THỊ PHÚC,NCC,TK Nợ NCC,,20251021-040,
21/10/2025,Nợ NCC,Chi phí nguyên vật liệu,Nhập hàng tuna saku,16.195.000,Trang,CT TRƯỜNG THẢO - PY (TRƯỜNG),NCC,TK Nợ NCC,,20251021-041,
20/10/2025,Thu,Doanh thu Bán hàng,CTY SHIZEN FOOD TT TIEN HANG T10/2025 (TT công nợ),23.436.000,Trang,CT TNHH MTV SHIZEN FOOD,NPP,TCB CTY,,20251020-001,
20/10/2025,Thu,Doanh thu Bán hàng,Meat And Fish ck tien coc nhim bien (TT công nợ),98.640.000,Trang,CT TNHH MEAT AND FISH,NPP,TCB CTY,,20251020-002,
20/10/2025,Thu,Doanh thu Bán hàng,"Marusei thanh toan Eco HD 1034, 1060, 1076 (tt công nợ)",20.148.840,Trang,CT MARUSEI - SG,NPP,TCB CTY,,20251020-003,
20/10/2025,Thu,Doanh thu Bán hàng,Vạn Quang TT công nợ tháng 9 phần unc,112.947.420,Trang,CT TNHH VẠN QUANG FOOD,NPP,TCB CTY,,20251020-004,
20/10/2025,Thu,Doanh thu Bán hàng,NTP TT CA NGU 1 110 1310 (Anh Tình tt công nợ),4.095.000,Trang,CT TNHH ĐT NGỌC THỊNH PHÁT (MR TÌNH),NH,TCB CTY,,20251020-005,
20/10/2025,Chi,Lương thưởng,"Quà 20/10 cho chị em phụ nữ xưởng: 100k/người: Trang, Hiền, Sa, Ly, Duyên, Lý, Phượng, Dư, Nở, Thảo, Hiền, Luyến, Bình, Thy, Thủy,  Ngợi, Lệ, Trâm Anh, Phương",1.900.000,Trang,Khác,Khác,Tiền mặt,,20251020-006,
20/10/2025,Chi,Vận chuyển,Thanh toán tiền ship khu vực HN 01-09/10,1.841.000,Trang,Khác,Khác,Tiền mặt,,20251020-007,
20/10/2025,Thu,Doanh thu Bán hàng,A Thống võ gia tt công nợ,7.781.000,Trang,CT TNHH TM THỰC PHẨM VÕ GIA (MR THỐNG),NH,Tiền mặt,,20251020-008,
20/10/2025,Chi,Chi phí nguyên vật liệu,TT công nợ chị Bé Tân,7.781.000,Trang,NCC BÉ TÂN - VĨNH LƯƠNG,NCC,Tiền mặt,,20251020-009,
20/10/2025,Chi,Vận chuyển,Đổ xăng xe tải,840.017,Trang,Khác,Khác,Tiền mặt,,20251020-010,
20/10/2025,Thu,Doanh thu Bán hàng,Võ Cảnh thanh toán công nợ,2.838.000,Trang,CT TNHH TM THỰC PHẨM VÕ GIA (MR THỐNG),NH,Tiền mặt,,20251020-011,
20/10/2025,Chi,Chi phí nguyên vật liệu,TT công nợ chả cá Trí,2.838.000,Trang,NCC CHẢ CÁ - TRÍ - PY,NCC,Tiền mặt,,20251020-012,
20/10/2025,Thu,Doanh thu Bán hàng,Uni sushi thanh toán công nợ đến hết 18/10,4.814.000,Trang,NH UNI SUSHI,NH,Tiền mặt,,20251020-013,
20/10/2025,Chi,Chi phí nguyên vật liệu,TT công nợ chả cá Trí,4.814.000,Trang,NCC CHẢ CÁ - TRÍ - PY,NCC,Tiền mặt,,20251020-014,
20/10/2025,Thu,Doanh thu Bán hàng,Chị Lan nha trang thanh toán công nợ,1.480.000,Trang,MS LAN - NT,KL,Tiền mặt,,20251020-015,
20/10/2025,Chi,Chi phí nguyên vật liệu,TT công nợ chả cá Trí,1.480.000,Trang,NCC CHẢ CÁ - TRÍ - PY,NCC,Tiền mặt,,20251020-016,
20/10/2025,Thu,Doanh thu Bán hàng,Vạn quang thanh toán công nợ t9 phần cá nhân,5.329.718,Trang,CT TNHH VẠN QUANG FOOD,NPP,Tiền mặt,,20251020-017,
20/10/2025,Chi,Chi phí nguyên vật liệu,Nhận 2 thùng nhum con + 3  thùng sò lông NL chị Phúc gưi,650.000,Trang,Khác,Khác,Tiền mặt,,20251020-018,
20/10/2025,Chi,Vận chuyển,Gửi 2 thùng xe tài thắng cho Phương HN,500.000,Trang,Khác,Khác,Tiền mặt,,20251020-019,
20/10/2025,Chi,Chi phí Sản xuất chung,Mua 15 bao đá bi,345.000,Trang,Khác,Khác,Tiền mặt,,20251020-020,
20/10/2025,Chi,Chi phí nguyên vật liệu,Nhận 8 thùng bạch tuộc chị Phạm Thị Lợi gửi,1.150.000,Trang,Khác,Khác,Tiền mặt,,20251020-021,
20/10/2025,Chi,Chi phí nguyên vật liệu,Xe ba gác chở 8 thùng tuộc từ xe về xưởng,70.000,Trang,Khác,Khác,Tiền mặt,,20251020-022,
20/10/2025,Chi,Vận chuyển,Gửi 1 thùng cho chị Giang CT,150.000,Trang,Khác,Khác,Tiền mặt,,20251020-023,
20/10/2025,Chi,Vận chuyển,Gửi 10 thùng cho DPN,1.000.000,Trang,Khác,Khác,Tiền mặt,,20251020-024,
20/10/2025,Thu,Doanh thu Bán hàng,Sushi Garden Nguyễn Trãi tt công nợ,1.440.000,Trang,SS GARDEN NGUYỄN TRÃI,NH,TK Dung,,20251020-025,
20/10/2025,Chi,Chi phí nguyên vật liệu,TT công nợ chị PHạm Thị Lợi,75.655.000,Trang,NCC PHẠM THỊ LỢI - PHÚ QUÝ,NCC,TK Sơn,,20251020-026,
20/10/2025,Chi,Chi phí nguyên vật liệu,TT công nợ chị Võ Thị Thắm - phú quý,19.000.000,Trang,NCC VÕ THỊ THẮM - PHÚ QUÝ,NCC,TK Sơn,,20251020-027,
20/10/2025,Chi,Chi phí Sản xuất chung,Sơn Mua đá gel,1.575.000,Trang,Khác,Khác,TK Sơn,,20251020-028,
20/10/2025,Chi,Chi phí nguyên vật liệu,TT công nợ chị Phúc,20.150.000,Trang,NCC NHUM ĐEN - NGUYỄN THỊ PHÚC,NCC,TK Sơn,,20251020-029,
20/10/2025,Chi,Chi phí nguyên vật liệu,CK tiền mua tôm: 15*175+3*140,3.045.000,Trang,Khác,Khác,Tk Ngợi,,20251020-030,
20/10/2025,Chi,Chi phí khác,Thanh toán tiền anh Thi sửa kho,800.000,Trang,Khác,Khác,Tk Ngợi,,20251020-031,
20/10/2025,KN,Doanh thu bán hàng,Giao hàng Trứng Nhum AA 200g/khay,6.250.000,Trang,CT MARUSEI - SG,NPP,TK KN,,20251020-032,
20/10/2025,KN,Doanh thu bán hàng,Giao hàng Trứng Nhum AA 200g/khay,6.250.000,Trang,CT MARUSEI - ĐN,NPP,TK KN,,20251020-033,
20/10/2025,KN,Doanh thu bán hàng,Giao hàng Bạch tuộc tako,4.823.600,Trang,CT DELMAR VN - (C HƯƠNG VOV),KL,TK KN,,20251020-034,
20/10/2025,KN,Doanh thu bán hàng,Giao hàng Bạch tuộc tako,5.888.000,Trang,"MR BẮC - TRƯƠNG ĐỊNH, HN",KL,TK KN,,20251020-035,
20/10/2025,KN,Doanh thu bán hàng,Giao hàng Mực Nang sushi Sashimi (160g/ khay),1.050.000,Trang,"MR DUY - VĂN CAO, HN",KL,TK KN,,20251020-036,
20/10/2025,KN,Doanh thu bán hàng,Giao hàng Tuna Saku A,2.047.500,Trang,CT TNHH ĐT NGỌC THỊNH PHÁT (MR TÌNH),NH,TK KN,,20251020-037,
20/10/2025,KN,Doanh thu bán hàng,Giao hàng Cá Cờ Kiếm Saku + Râu bạch tuộc + Tuna Saku A + Hàu Nhật Hyogo đông lạnh nguyên vỏ size M (9-11 con/kg) + Bạch tuộc LSNC 30-50 + Vẹm Xanh Tách Vỏ ( PE),1.780.000,Trang,NH UNI SUSHI,NH,TK KN,,20251020-038,
20/10/2025,KN,Doanh thu bán hàng,Giao hàng Bạch tuộc tako,9.398.268,Trang,CT TNHH NGUYÊN PHƯƠNG,NPP,TK KN,,20251020-039,
20/10/2025,KN,Doanh thu bán hàng,Giao hàng Tuna Saku A,3.937.500,Trang,CT TNHH SAKURA SUSHI,NH,TK KN,,20251020-040,
20/10/2025,KN,Doanh thu bán hàng,Giao hàng Tuna Saku A,2.250.000,Trang,MR THIÊN SS- NHA TRANG,NH,TK KN,,20251020-041,
20/10/2025,KN,Doanh thu bán hàng,Giao hàng Vẹm Xanh Tách Vỏ ( PE),5.332.000,Trang,CT TNHH SƠN MAI VỊ BIỂN (MR NGỌC-NHA TRANG),NPP,TK KN,,20251020-042,
20/10/2025,KN,Doanh thu bán hàng,Giao hàng Râu bạch tuộc,1.440.000,Trang,SS GARDEN NGUYỄN TRÃI,NH,TK KN,,20251020-043,
20/10/2025,KN,Doanh thu bán hàng,Giao hàng Râu bạch tuộc,1.440.000,Trang,SS GARDEN NGUYỄN TRÃI,NH,TK KN,,20251020-044,
20/10/2025,KN,Doanh thu bán hàng,Giao hàng Râu bạch tuộc,3.622.500,Trang,NH QUẢNG NINH- CS2,NH,TK KN,,20251020-045,
20/10/2025,KN,Doanh thu bán hàng,Giao hàng Cá Cờ Kiếm Saku,521.500,Trang,MR THÁI - HN,KL,TK KN,,20251020-046,
20/10/2025,KN,Doanh thu bán hàng,Giao hàng Nhum nguyên con (đvt: con) + Kiếm steak + Chả cá + Mực Nang 500-800,54.115.200,Trang,CT TNHH MTV ĐẠT PHÚ NGUYÊN,NPP,TK KN,,20251020-047,
20/10/2025,Nợ NCC,Chi phí nguyên vật liệu,Nhập hàng Bạch tuộc tươi size 1up + Bạch tuộc tươi,75.655.000,Trang,NCC PHẠM THỊ LỢI - PHÚ QUÝ,NCC,TK Nợ NCC,,20251020-048,
20/10/2025,Nợ NCC,Chi phí nguyên vật liệu,Nhập hàng Nhum hũ,19.040.000,Trang,NCC VÕ THỊ THẮM - PHÚ QUÝ,NCC,TK Nợ NCC,,20251020-049,
19/10/2025,KN,Doanh thu bán hàng,Giao hàng phí vận chuyển + Kiếm steak + Cá Cờ Kiếm Saku,2.594.500,Trang,CT TNHH DV TOTORO VN (MS HẰNG - ĐÀ NẴNG),NH,TK KN,,20251019-001,
19/10/2025,KN,Doanh thu bán hàng,Giao hàng Bạch tuộc tako,15.655.000,Trang,CT TNHH TM THỰC PHẨM VÕ GIA (MR THỐNG),NH,TK KN,,20251019-002,
19/10/2025,KN,Doanh thu bán hàng,Giao hàng Râu bạch tuộc + Tuna Saku A,2.345.000,Trang,MR HIỆP- BẮC GIANG,KL,TK KN,,20251019-003,
19/10/2025,Nợ NCC,Chi phí nguyên vật liệu,Nhập hàng Sò Lông nguyên liệu + Nhum nguyên con (đvt: con),14.150.000,Trang,NCC NHUM ĐEN - NGUYỄN THỊ PHÚC,NCC,TK Nợ NCC,,20251019-004,
18/10/2025,Thu,Doanh thu Bán hàng,"Namsan TT công nợ T8,2025",10.000.000,Trang,CT TNHH NH NAM SAN F&B (SUSHI NOWZOON),NH,TCB CTY,,20251018-001,
18/10/2025,Thu,Doanh thu Bán hàng,CT TNHH KIWAMI VIET NAM chuyen tien thanh toan hd 1079 công nợ,3.417.750,Trang,CT TNHH KIWAMI VN - MR TUẤN - NT,KL,TCB CTY,,20251018-002,
18/10/2025,Thu,Doanh thu Bán hàng,Naked Foods thanh toan nguyen lieu Eco công nợ,2.331.000,Trang,NAKED FOODS QUẬN 3,NH,TCB CTY,,20251018-003,
18/10/2025,Thu,Doanh thu Bán hàng,CTY VO GIA TT HD 1031 CHO CTY ECO O RGANIC-181025 công nợ,8.370.000,Trang,CT TNHH TM THỰC PHẨM VÕ GIA (MR THỐNG),NH,TCB CTY,,20251018-004,
18/10/2025,Chi,Chi phí Sản xuất chung,Mua nước rửa chén + Vim vệ sinh cho xưởng,158.000,Trang,Khác,Khác,Tiền mặt,,20251018-005,
18/10/2025,Chi,Chi phí khác,Mua 25 đôi găng tay cao su,295.000,Trang,Khác,Khác,Tiền mặt,,20251018-006,
18/10/2025,Chi,Chi phí nguyên vật liệu,Nhận 3 thùng nang Truyền gửi xe Ngọc Phát,420.000,Trang,Khác,Khác,Tiền mặt,,20251018-007,
18/10/2025,Thu,Doanh thu Bán hàng,Anh Đỗ Xuân Nha Trang thanh toán công nợ,18.566.000,Trang,CT TNHH SX-TM THIÊN ÂN PHÁT (MR ĐỖ XUÂN-NT),KL,Tiền mặt,,20251018-008,
18/10/2025,Chi,Chi phí nguyên vật liệu,TT công nợ chị Hoa,18.566.000,Trang,NCC CHỊ HOA - HÒN RỚ,NCC,Tiền mặt,,20251018-009,
18/10/2025,Thu,Doanh thu Bán hàng,Chị Giang cần thơ thanh toán công nợ,11.460.000,Trang,MS GIANG- CẦN THƠ,KL,Tiền mặt,,20251018-010,
18/10/2025,Chi,Chi phí nguyên vật liệu,TT công nợ chị Hoa,11.460.000,Trang,NCC CHỊ HOA - HÒN RỚ,NCC,Tiền mặt,,20251018-011,
18/10/2025,Thu,Doanh thu Bán hàng,Anh Hiệp bắc giang tt công nợ,4.690.000,Trang,MR HIỆP- BẮC GIANG,KL,Tiền mặt,,20251018-012,
18/10/2025,Chi,Chi phí nguyên vật liệu,TT công nợ chị Hoa,4.690.000,Trang,NCC CHỊ HOA - HÒN RỚ,NCC,Tiền mặt,,20251018-013,
18/10/2025,Thu,Doanh thu Bán hàng,Anh Hiệp bắc giang tt công nợ,2.345.000,Trang,MR HIỆP- BẮC GIANG,KL,Tiền mặt,,20251018-014,
18/10/2025,Chi,Chi phí nguyên vật liệu,TT công nợ chị Hoa,2.345.000,Trang,NCC CHỊ HOA - HÒN RỚ,NCC,Tiền mặt,,20251018-015,
18/10/2025,Chi,Chi phí khác,Thanh toán tiền mr Hoàn + Sơn tiếp khách DPN tại nhà hàng Bé Tân,1.456.707,Trang,Khác,Khác,Tiền mặt,,20251018-016,
18/10/2025,Chi,Vận chuyển,Thanh toán tiền Grab 4t * 70k + 5t Việt Nhật *50k,630.000,Trang,Khác,Khác,Tiền mặt,,20251018-017,
18/10/2025,Chi,Chi phí nguyên vật liệu,Nhận 2 thùng nhum nguyên con chị Phúc gửi,300.000,Trang,Khác,Khác,Tiền mặt,,20251018-018,
18/10/2025,Chi,Chi phí nguyên vật liệu,"ngày 6/10, Sơn nhận 1 thùng nhum nguyên con chị Phúc gửi 600 con",60.000,Trang,Khác,Khác,Tiền mặt,,20251018-019,
18/10/2025,Chi,Chi phí khác,Sơn mua đá gel: 22kg *5k,110.000,Trang,Khác,Khác,Tiền mặt,,20251018-020,
18/10/2025,Chi,Chi phí khác,Đưa cô Dư tiền ăn tuần tiếp theo,1.500.000,Trang,Khác,Khác,Tiền mặt,,20251018-021,
18/10/2025,Chi,Chi phí Sản xuất chung,Mua 16 bao đá bi,368.000,Trang,Khác,Khác,Tiền mặt,,20251018-022,
18/10/2025,Chi,Chi phí Sản xuất chung,Mua 15 bao đá bi (chiều),345.000,Trang,Khác,Khác,Tiền mặt,,20251018-023,
18/10/2025,Chi,Vận chuyển,Gửi 1 thùng cho chị Hằng DN,50.000,Trang,Khác,Khác,Tiền mặt,,20251018-024,
18/10/2025,Chi,Vận chuyển,Gửi 1 thùng cho Marusei DN,50.000,Trang,Khác,Khác,Tiền mặt,,20251018-025,
18/10/2025,Chi,Chi phí nguyên vật liệu,Gửi 1 thùng vỏ khay nhum cho Đặng lý sơn,120.000,Trang,Khác,Khác,Tiền mặt,,20251018-026,
18/10/2025,Chi,Chi phí nguyên vật liệu,TT công nợ chị Phúc,38.500.000,Trang,NCC NHUM ĐEN - NGUYỄN THỊ PHÚC,NCC,TK Sơn,,20251018-027,
18/10/2025,Thu,Doanh thu Bán hàng,Anh Hợp đà nẵng thanh toán bill công nợ,3.900.000,Trang,MR HỢP - ĐÀ NẴNG,KL,Tk Ni,,20251018-028,
18/10/2025,Thu,Doanh thu Bán hàng,Anh Hoàng Vũ thanh toán công nợ,3.770.000,Trang,MR HOÀNG VŨ - SG,KL,Tk Ni,,20251018-029,
18/10/2025,Thu,Doanh thu Bán hàng,Anh Đô thanh toán công nợ,10.237.500,Trang,MR ĐÔ - SG,KL,Tk Ni,,20251018-030,
18/10/2025,KN,Doanh thu bán hàng,Giao hàng Bạch tuộc tako + Bạch tuộc tako,3.287.600,Trang,CT DELMAR VN - (C HƯƠNG VOV),KL,TK KN,,20251018-031,
18/10/2025,KN,Doanh thu bán hàng,Giao hàng Bạch tuộc tako,3.623.025,Trang,NH QUẢNG NINH-CS3,NH,TK KN,,20251018-032,
18/10/2025,Nợ NCC,Chi phí nguyên vật liệu,Nhập hàng Mực Nang 500-800,25.726.000,Trang,CT HOÀN TRUYỀN,NCC,TK Nợ NCC,,20251018-033,
18/10/2025,Nợ NCC,Chi phí nguyên vật liệu,Nhập hàng Bạch tuộc tươi + Bạch tuộc tươi (hàng đỏ),112.550.000,Trang,NCC CHỊ GÁI - VĨNH TRƯỜNG,NCC,TK Nợ NCC,,20251018-034,
18/10/2025,KN,Doanh thu bán hàng,Giao hàng Loin kiếm,5.924.500,Trang,CT TNHH UMEYAKIA (MR NHÂN- THE VIEW ĐÀ NẴNG),NH,TK KN,,20251018-035,
18/10/2025,KN,Doanh thu bán hàng,Giao hàng phí vận chuyển + Loin kiếm,6.089.000,Trang,CT TNHH TM DV ONE MOREANH (MR TUẤN NGHĨA- ĐÀ NẴNG),NH,TK KN,,20251018-036,
18/10/2025,KN,Doanh thu bán hàng,Giao hàng Tuna loin 3-5,7.936.500,Trang,CT THỰC PHẨM NGÀY MỚI,NPP,TK KN,,20251018-037,
18/10/2025,KN,Doanh thu bán hàng,Giao hàng Bạch tuộc tươi,10.237.500,Trang,MR ĐÔ - SG,KL,TK KN,,20251018-038,
18/10/2025,KN,Doanh thu bán hàng,Giao hàng Trứng nhum AB 200g/khay + Trứng nhum AB 200g/khay,116.100.000,Trang,CT TNHH OCEAN LINK VIỆT NHẬT,NPP,TK KN,,20251018-039,
18/10/2025,KN,Doanh thu bán hàng,Giao hàng Chả cá,2.550.000,Trang,MS HUYỀN TRANG - NT,KL,TK KN,,20251018-040,
18/10/2025,KN,Doanh thu bán hàng,Giao hàng Bạch tuộc tako,3.080.500,Trang,CT CP TẬP ĐOÀN DU THUYỀN- NHA TRANG,NH,TK KN,,20251018-041,
18/10/2025,KN,Doanh thu bán hàng,Giao hàng Râu bạch tuộc + Tuna Saku A + Bánh Takoyaki + Bạch tuộc LSNC 30-50,1.650.000,Trang,NH UNI SUSHI,NH,TK KN,,20251018-042,
18/10/2025,KN,Doanh thu bán hàng,Giao hàng Râu bạch tuộc + Tuna Saku A + Bánh Takoyaki + Bạch tuộc LSNC 30-50,1.650.000,Trang,NH UNI SUSHI,NH,TK KN,,20251018-043,
18/10/2025,KN,Doanh thu bán hàng,Giao hàng Cá Cờ Kiếm Saku + Nang roll + Tuna Saku A + Bạch tuộc tako,2.884.700,Trang,CT TNHH NH NAM SAN F&B (SUSHI NOWZOON),NH,TK KN,,20251018-044,
18/10/2025,KN,Doanh thu bán hàng,Giao hàng phí vận chuyển + Trứng Nhum AA 200g/khay,564.000,Trang,NH NAGI 2 - GÒ VẤP,NH,TK KN,,20251018-045,
18/10/2025,KN,Doanh thu bán hàng,Giao hàng Tuna Saku A,3.900.000,Trang,MR HỢP - ĐÀ NẴNG,KL,TK KN,,20251018-046,
18/10/2025,KN,Doanh thu bán hàng,Giao hàng Cá Cờ Kiếm Saku + Tuna Saku A,489.500,Trang,MR THUẬN- SG (NOWZOON),KL,TK KN,,20251018-047,
18/10/2025,KN,Doanh thu bán hàng,Giao hàng Bạch tuộc tako,6.200.000,Trang,CT DELMAR VN - (C HƯƠNG VOV),KL,TK KN,,20251018-048,
18/10/2025,Nợ NCC,Chi phí nguyên vật liệu,Nhập hàng Bạch tuộc tươi size 1up + Bạch tuộc tươi,5.050.500,Trang,NCC KIM DUNG - NINH HÒA,NCC,TK Nợ NCC,,20251018-049,
18/10/2025,Nợ NCC,Chi phí nguyên vật liệu,Nhập hàng Nhum nguyên con (đvt: con),6.000.000,Trang,NCC NHUM ĐEN - NGUYỄN THỊ PHÚC,NCC,TK Nợ NCC,,20251018-050,
18/10/2025,Nợ NCC,Chi phí nguyên vật liệu,Nhập hàng Chả cá,16.800.000,Trang,NCC CHẢ CÁ - TRÍ - PY,NCC,TK Nợ NCC,,20251018-051,
18/10/2025,Nợ NCC,Chi phí nguyên vật liệu,Nhập hàng Phí gia công + Tuna loin 5up + Tuna loin 3-5,128.343.600,Trang,CÔNG TY TNHH EBT SÀI GÒN,NCC,TK Nợ NCC,,20251018-052,
17/10/2025,Chi,Chi phí nguyên vật liệu,TT công nợ EBT SG nhập loin 5up (hđ số 6),103.950.000,Trang,CÔNG TY TNHH EBT SÀI GÒN,NCC,Vay tin dung,,20251017-001,
17/10/2025,Chi,Chuyển nội bộ,Rút tiền tk công ty,20.000.000,Trang,Nội Bộ,Nội Bộ,TCB CTY,,20251017-002,
17/10/2025,Chi,Chi phí khác,Cty Eco Organic thanh toan Thaco Khánh hòa: tiền bảo dưỡng xe Mazda,2.005.521,Trang,Khác,Khác,TCB CTY,,20251017-003,
17/10/2025,Thu,Doanh thu Bán hàng,PHAM XUAN THANH chuyen tien trung nhum công nợ,1.417.500,Trang,CT TNHH SƠN BA (MR THÀNH VIN),KL,TCB CTY,,20251017-004,
17/10/2025,Chi,Chi phí nguyên vật liệu,thanh toan tien mua hang cho Nguyen Thi Hong Son TT công nợ,4.154.000,Trang,NCC NHUM - SON - NINH HÒA,NCC,TCB CTY,,20251017-005,
17/10/2025,Chi,Chi phí khác,Góp vốn vào dự án nuôi nhum (thanh toan hoa don so 66 cho Nguyen Van Ngo),5.933.110,Trang,Khác,Khác,TCB CTY,,20251017-006,
17/10/2025,Chi,Chi phí nguyên vật liệu,thanh toan tien mua hang cho Nguyen Thi Kim Dung TT công nợ,48.815.000,Trang,NCC KIM DUNG - NINH HÒA,NCC,TCB CTY,,20251017-007,
17/10/2025,Thu,Doanh thu Bán hàng,Nam anh foods ck hd 1083 công nợ,10.527.840,Trang,CT TNHH MTV TM NAM ANH FOODS (MR VINH- ĐÀ NẴNG),KL,TCB CTY,,20251017-008,
17/10/2025,Thu,Doanh thu Bán hàng,Delmar VN TT tien hang Cty Eco Orga nic Nha Trang công nợ,11.584.080,Trang,CT DELMAR VN - (C HƯƠNG VOV),KL,TCB CTY,,20251017-009,
17/10/2025,Chi,Chi phí khác,Gửi hợp đồng cho Lê Công và Meat,30.000,Trang,Khác,Khác,Tiền mặt,,20251017-010,
17/10/2025,Thu,Chuyển nội bộ,Rút tiền tk công ty,20.000.000,Trang,Nội Bộ,Nội Bộ,Tiền mặt,,20251017-011,
17/10/2025,Chi,Chi phí khác,Thanh toán tiền lãi khoản vay 250tr tên mr Hoàn,2.500.000,Trang,Khác,Khác,Tiền mặt,,20251017-012,
17/10/2025,Thu,Doanh thu Bán hàng,Thanh Thảo thanh toán công nợ,2.600.000,Trang,MS THANH THẢO- SG,KL,Tiền mặt,,20251017-013,
17/10/2025,Chi,Chi phí nguyên vật liệu,TT công nợ chị Hoa hòn rớ,2.600.000,Trang,NCC CHỊ HOA - HÒN RỚ,NCC,Tiền mặt,,20251017-014,
17/10/2025,Chi,Vận chuyển,Gửi 2 thùng cho Phương Hn xe tài thắng,500.000,Trang,Khác,Khác,Tiền mặt,,20251017-015,
17/10/2025,Chi,Chi phí nguyên vật liệu,Nhận 3 thùng sò lông chị Phúc gửi,300.000,Trang,Khác,Khác,Tiền mặt,,20251017-016,
17/10/2025,Chi,Vận chuyển,Gửi 2 thùng cho Vạn Quang phú quốc và 1 thùng cho Baba PQ,750.000,Trang,Khác,Khác,Tiền mặt,,20251017-017,
17/10/2025,Chi,Vận chuyển,xăng xe máy,50.000,Trang,Khác,Khác,Tiền mặt,,20251017-018,
17/10/2025,Chi,Chi phí nguyên vật liệu,Nhận 1 thùng bt chị Nga phú yên gửi,50.000,Trang,Khác,Khác,Tiền mặt,,20251017-019,
17/10/2025,Chi,Chi phí nguyên vật liệu,Nhận 1 thùng tuna saku 4A Trường py gửi,80.000,Trang,Khác,Khác,Tiền mặt,,20251017-020,
17/10/2025,Chi,Vận chuyển,Gửi 5t DPN + 7t Việt Nhật +1t A Nhân + 1t A Nghĩa,1.300.000,Trang,Khác,Khác,Tiền mặt,,20251017-021,
17/10/2025,Thu,Doanh thu Bán hàng,Lee Minh Heo thanh toán công nợ,368.600,Trang,MR LEE MINH HEO - HN,KL,TK Dung,,20251017-022,
17/10/2025,Chi,Chi phí nguyên vật liệu,Nhận 5 thùng nhum cô Thủy: 5*12*950k TT công nợ ,57.000.000,Trang,HOÀNG THỊ THÚY - HÒN RỚ (CÔ THỦY),NCC,TK Sơn,,20251017-023,
17/10/2025,Thu,Doanh thu Bán hàng,Khác lẻ thanh toán công nợ lườn tuna CÔNG NỢ,1.066.000,Trang,KHÁCH LẺ,KL,Tk Ni,,20251017-024,
17/10/2025,Chi,Chi phí khác,Thanh toán tiền lưu kho Ốc chị Minh hết lô xuất ngày 16/10,12.003.000,Trang,Khác,Khác,Tk Ni,,20251017-025,
17/10/2025,Thu,Doanh thu Bán hàng,Anh Thủy - Vinh thanh toán công nợ,4.042.500,Trang,MR THỦY- NGHỆ AN (FUJIMO),NH,Tk Ngợi,,20251017-026,
17/10/2025,KN,Doanh thu bán hàng,Giao hàng Bạch tuộc tako,9.607.500,Trang,CT TNHH GINKAKU ( MS THIÊN TRANG),NH,TK KN,,20251017-027,
17/10/2025,KN,Doanh thu bán hàng,Giao hàng Bạch tuộc tako,10.784.000,Trang,"MR BẮC - TRƯƠNG ĐỊNH, HN",KL,TK KN,,20251017-028,
17/10/2025,KN,Doanh thu bán hàng,Giao hàng Trứng Nhum AA 200g/khay + VAT,1.417.500,Trang,CT TNHH SƠN BA (MR THÀNH VIN),KL,TK KN,,20251017-029,
17/10/2025,KN,Doanh thu bán hàng,Giao hàng Trứng Nhum AA 200g/khay,2.500.000,Trang,CT MARUSEI - HN,NPP,TK KN,,20251017-030,
17/10/2025,KN,Doanh thu bán hàng,"Giao hàng Cá Bè (Cá Khế, Cá Giấy, cá viễn) + Tuna Saku XK",3.250.000,Trang,CT TNHH PGF ASIA- HN,NPP,TK KN,,20251017-031,
17/10/2025,KN,Doanh thu bán hàng,Giao hàng Tako mix,3.770.000,Trang,MR HOÀNG VŨ - SG,KL,TK KN,,20251017-032,
17/10/2025,KN,Doanh thu bán hàng,Giao hàng tuna saku + Vẹm Xanh Tách Vỏ ( PE) + Vẹm Xanh Tách Vỏ ( PE) + Bạch tuộc tako,39.411.500,Trang,CT TNHH ĐT TS PHÚ THỊNH,NPP,TK KN,,20251017-033,
17/10/2025,KN,Doanh thu bán hàng,Giao hàng phí vận chuyển + Bạch tuộc tako + tuna saku,13.890.000,Trang,NH BABABA-PHÚ QUỐC,NH,TK KN,,20251017-034,
17/10/2025,KN,Doanh thu bán hàng,Giao hàng phí vận chuyển + Chả cá + tuna saku,12.167.660,Trang,CT TNHH VẠN QUANG FOOD,NPP,TK KN,,20251017-035,
17/10/2025,KN,Doanh thu bán hàng,Giao hàng Bạch tuộc tako,7.378.000,Trang,MR TRƯỜNG SSM - PY,KL,TK KN,,20251017-036,
17/10/2025,KN,Doanh thu bán hàng,Giao hàng Râu Tako A,368.600,Trang,MR LEE MINH HEO - HN,KL,TK KN,,20251017-037,
17/10/2025,KN,Doanh thu bán hàng,Giao hàng Râu bạch tuộc + Bạch tuộc tako + Bạch tuộc tako,39.129.480,Trang,CT TNHH NGUYÊN PHƯƠNG,NPP,TK KN,,20251017-038,
17/10/2025,KN,Doanh thu bán hàng,Giao hàng sụn xương cá kiếm,1.480.000,Trang,MS LAN - NT,KL,TK KN,,20251017-039,
17/10/2025,KN,Doanh thu bán hàng,Giao hàng Lườn tuna,1.066.000,Trang,KHÁCH LẺ,KL,TK KN,,20251017-040,
17/10/2025,KN,Doanh thu bán hàng,Giao hàng Chả cá + Nhum nguyên con (đvt: con) + tuna saku + Tuna loin 3-5,37.212.400,Trang,CT TNHH MTV ĐẠT PHÚ NGUYÊN,NPP,TK KN,,20251017-041,
17/10/2025,KN,Doanh thu bán hàng,Giao hàng Trứng Nhum AA 200g/khay + Bạch tuộc tako slice (160 gram/khay),9.339.000,Trang,CT TNHH MEAT AND FISH,NPP,TK KN,,20251017-042,
17/10/2025,KN,Doanh thu bán hàng,Giao hàng Bạch tuộc tako,3.317.000,Trang,CT DELMAR VN - (C HƯƠNG VOV),KL,TK KN,,20251017-043,
17/10/2025,KN,Doanh thu bán hàng,Giao hàng phí vận chuyển + Loin kiếm,5.924.500,Trang,CT TNHH UMEYAKIA (MR NHÂN- THE VIEW ĐÀ NẴNG),NH,TK KN,,20251017-044,
17/10/2025,KN,Doanh thu bán hàng,Giao hàng phí vận chuyển + Loin kiếm,6.089.000,Trang,CT TNHH TM DV ONE MOREANH (MR TUẤN NGHĨA- ĐÀ NẴNG),NH,TK KN,,20251017-045,
17/10/2025,KN,Doanh thu bán hàng,Giao hàng Tuna loin 3-5,7.936.500,Trang,CT THỰC PHẨM NGÀY MỚI,NPP,TK KN,,20251017-046,
17/10/2025,KN,Doanh thu bán hàng,Giao hàng Bạch tuộc tươi,10.237.500,Trang,MR ĐÔ - SG,KL,TK KN,,20251017-047,
17/10/2025,KN,Doanh thu bán hàng,Giao hàng Trứng nhum AB 200g/khay + Trứng nhum AB 200g/khay,116.100.000,Trang,CT TNHH OCEAN LINK VIỆT NHẬT,NPP,TK KN,,20251017-048,
17/10/2025,KN,Doanh thu bán hàng,Giao hàng Chả cá,2.550.000,Trang,MS HUYỀN TRANG - NT,KL,TK KN,,20251017-049,
17/10/2025,Nợ NCC,Chi phí nguyên vật liệu,Nhập hàng Sò Lông nguyên liệu,8.000.000,Trang,NCC NHUM ĐEN - NGUYỄN THỊ PHÚC,NCC,TK Nợ NCC,,20251017-050,
17/10/2025,Nợ NCC,Chi phí nguyên vật liệu,Nhập hàng Loin kiếm,13.585.000,Trang,CT DƯƠNG TUẤN PHÁT - TAM QUAN (THÚY),NCC,TK Nợ NCC,,20251017-051,
17/10/2025,Nợ NCC,Chi phí nguyên vật liệu,Nhập hàng Bạch tuộc tươi (hàng đỏ) + Bạch tuộc tươi,131.799.000,Trang,NCC CHỊ GÁI - VĨNH TRƯỜNG,NCC,TK Nợ NCC,,20251017-052,
17/10/2025,Nợ NCC,Chi phí nguyên vật liệu,Nhập hàng tuna saku,16.400.000,Trang,CT TRƯỜNG THẢO - PY (TRƯỜNG),NCC,TK Nợ NCC,,20251017-053,
17/10/2025,Nợ NCC,Chi phí nguyên vật liệu,Nhập hàng Bạch tuộc tươi + Bạch tuộc tươi (hàng đỏ),37.343.500,Trang,NCC CHỊ HOA - HÒN RỚ,NCC,TK Nợ NCC,,20251017-054,
16/10/2025,Thu,Doanh thu Bán hàng,THANH TOAN SHD 1087 công nợ TP ngày mới,9.526.650,Trang,CT TNHH TM TP SH (SH FOODS),NPP,TCB CTY,,20251016-001,
16/10/2025,Thu,Doanh thu Bán hàng,Naked Foods thanh toan nguyen lieu Eco công nợ,3.200.400,Trang,NAKED FOODS QUẬN 1,NH,TCB CTY,,20251016-002,
16/10/2025,Chi,Khác,Góp cổ phần bên dự án nhum (tiền thầy mua đồ cúng cho bên xưởng nuôi),810.000,Trang,Khác,Khác,Tiền mặt,,20251016-003,
16/10/2025,Chi,Khác,Góp cổ phần bên dự án nhum (tiền phong bì đưa thầy cúng cho bên xưởng nuôi),2.000.000,Trang,Khác,Khác,Tiền mặt,,20251016-004,
16/10/2025,Chi,Chi phí nguyên vật liệu,Nhận 7 thùng bt chị PHạm Thị Lợi gửi,1.050.000,Trang,NCC PHẠM THỊ LỢI - PHÚ QUÝ,NCC,Tiền mặt,,20251016-005,
16/10/2025,Chi,Chi phí nguyên vật liệu,Nhận 1 thùng nhum khay Đặng lý sơn gửi,220.000,Trang,Khác,Khác,Tiền mặt,,20251016-006,
16/10/2025,Chi,Chi phí nguyên vật liệu,Nhận 3 thùng sò lông chị Phúc gửi,300.000,Trang,NCC NHUM ĐEN - NGUYỄN THỊ PHÚC,NCC,Tiền mặt,,20251016-007,
16/10/2025,Chi,Chi phí khác,Tiền xe Vương + Trung từ kho chị Minh xuất ốc về xưởng,100.000,Trang,Khác,Khác,Tiền mặt,,20251016-008,
16/10/2025,Chi,Vận chuyển,Gửi 6 thùng DPN,600.000,Trang,Khác,Khác,Tiền mặt,,20251016-009,
16/10/2025,Chi,Lương thưởng,"Tạm ứng lương T10,2025 cho Vương",3.000.000,Trang,Khác,Khác,Tiền mặt,,20251016-010,
16/10/2025,Chi,Lương thưởng,"Tạm ứng lương T10,2025 cho C Dư",2.000.000,Trang,Khác,Khác,Tiền mặt,,20251016-011,
16/10/2025,Chi,Lương thưởng,"Tạm ứng lương T10,2025 cho Thủy",2.000.000,Trang,Khác,Khác,Tiền mặt,,20251016-012,
16/10/2025,Thu,Doanh thu Bán hàng,Lee Minh Heo thanh toán công nợ,315.000,Trang,MR LEE MINH HEO - HN,KL,TK Dung,,20251016-013,
16/10/2025,Thu,Doanh thu Bán hàng,Khách thanh toán tiếp Ốc thành phẩm,174.600.000,Trang,Khác,Khác,TK Sơn,,20251016-014,
16/10/2025,Thu,Doanh thu Bán hàng,Nguyễn thị thuỳ trang thanh toán công nợ (yaki yum nguyễn văn lộc),1.314.000,Trang,NH YAKI YUM - NGUYỄN VĂN LỘC,NH,Tk Ngợi,,20251016-015,
16/10/2025,Thu,Doanh thu Bán hàng,Dương Minh Lý thanh toán công nợ,1.756.800,Trang,MS DƯƠNG MINH LÝ- QUẢNG NINH,KL,Tk Ngợi,,20251016-016,
16/10/2025,Thu,Doanh thu Bán hàng,81/2 Hoàng Diệu thanh toán công nợ,1.800.000,Trang,"MS MINH TRANG- 81/2 HOÀNG DIỆU, NHA TRANG",KL,Tk Ngợi,,20251016-017,
16/10/2025,Thu,Doanh thu Bán hàng,Anh Hùng mai hắc đế thanh toán công nợ (sau khi tự trừ hoa hồng),2.730.000,Trang,MR HÙNG- MAI HẮC ĐẾ - HN,KL,Tk Ngợi,,20251016-018,
16/10/2025,KN,Doanh thu bán hàng,Giao hàng Bạch tuộc tako,2.602.950,Trang,NH QUẢNG NINH-CS1,NH,TK KN,,20251016-019,
16/10/2025,KN,Doanh thu bán hàng,Giao hàng Râu Tako A,315.400,Trang,MR LEE MINH HEO - HN,KL,TK KN,,20251016-020,
16/10/2025,KN,Doanh thu bán hàng,Giao hàng Tuna Saku A + Cá Cờ Kiếm Saku + Sò Lông Nửa Mảnh + Bạch tuộc tươi,13.996.000,Trang,CT TNHH PGF ASIA- HN,NPP,TK KN,,20251016-021,
16/10/2025,KN,Doanh thu bán hàng,Giao hàng phí vận chuyển + Cá Cờ Kiếm Saku + Tuna Saku A,2.957.650,Trang,NH SUSHI MINH - SG,NH,TK KN,,20251016-022,
16/10/2025,KN,Doanh thu bán hàng,Giao hàng Bạch tuộc tako + Tuna Saku A,1.733.900,Trang,CT TNHH NH NAM SAN F&B (SUSHI NOWZOON),NH,TK KN,,20251016-023,
16/10/2025,KN,Doanh thu bán hàng,Giao hàng Nhum nguyên con (đvt: con) + Kiếm steak + chả cá hấp + Mực Nang 500-800,35.837.800,Trang,CT TNHH MTV ĐẠT PHÚ NGUYÊN,NPP,TK KN,,20251016-024,
16/10/2025,Nợ NCC,Chi phí nguyên vật liệu,Nhập hàng Nhum nguyên con (đvt: con) + Bạch tuộc tươi,5.868.000,Trang,NCC KIM DUNG - NINH HÒA,NCC,TK Nợ NCC,,20251016-025,
16/10/2025,Nợ NCC,Chi phí nguyên vật liệu,Nhập hàng Bạch tuộc tươi size 1up + Bạch tuộc tươi,73.717.000,Trang,NCC PHẠM THỊ LỢI - PHÚ QUÝ,NCC,TK Nợ NCC,,20251016-026,
15/10/2025,Chi,Chuyển nội bộ,Rút tiền tk công ty,80.000.000,Trang,Nội Bộ,Nội Bộ,TCB CTY,,20251015-001,
15/10/2025,Chi,Chi phí khác,thanh toan tien kiem mau cho Case,800.100,Trang,Khác,Khác,TCB CTY,,20251015-002,
15/10/2025,Thu,Doanh thu Bán hàng,Ikusachi thanh toán công nợ,3.325.000,Trang,SS IKUSACHI- SG,NH,TCB CTY,,20251015-003,
15/10/2025,Thu,Doanh thu Bán hàng,PGF THANH TOAN TIEN MUA THANG 08.20 25 công nợ,68.747.800,Trang,CT TNHH PGF ASIA- HN,NPP,TCB CTY,,20251015-004,
15/10/2025,Thu,Doanh thu Bán hàng,PGF THANH TOAN TIEN MUA HANG THANG 09.25 công nợ,66.144.930,Trang,CT TNHH PGF ASIA- SG,NPP,TCB CTY,,20251015-005,
15/10/2025,Chi,Vận chuyển,thanh toan hoa don 2720 cho cty Phuong Nam,1.650.000,Trang,Khác,Khác,TCB CTY,,20251015-006,
15/10/2025,Chi,Chi phí nguyên vật liệu,thanh toan hoa don 171 va 190 cho Cty Go Food TT công nợ,44.156.858,Trang,CT GO FOOD - KIÊN GIANG (MR CÔNG),NCC,TCB CTY,,20251015-007,
15/10/2025,Chi,Chi phí nguyên vật liệu,thanh toan tien mua nhum cho Nguyen Thi Dang TT công nợ,18.907.000,Trang,NCC NHUM - ĐẶNG - LÝ SƠN,NCC,TCB CTY,,20251015-008,
15/10/2025,Thu,Doanh thu Bán hàng,CTY GREENGOOD THANH TOAN HD1024v1030 công nợ,33.647.400,Trang,CT GREENGOOD,NPP,TCB CTY,,20251015-009,
15/10/2025,Thu,Doanh thu Bán hàng,CONG TY TNHH DAU TU NTP TT CA NGU 0 410 công nợ,2.047.500,Trang,CT TNHH ĐT NGỌC THỊNH PHÁT (MR TÌNH),NH,TCB CTY,,20251015-010,
15/10/2025,Thu,Doanh thu Bán hàng,VIETDELI TT CONG NO BACH TUOC NHAT NCC ECO T09 2025 công nợ,13.373.640,Trang,CN CT CP TM VÀ DV VIET DELI - NHA TRANG,NH,TCB CTY,,20251015-011,
15/10/2025,Chi,Chi phí Sản xuất chung,Mua đồ đơm,80.000,Trang,Khác,Khác,Tiền mặt,,20251015-012,
15/10/2025,Thu,Chuyển nội bộ,Rút tiền tk công ty,80.000.000,Trang,Nội Bộ,Nội Bộ,Tiền mặt,,20251015-013,
15/10/2025,Chi,Chi phí nguyên vật liệu,Thanh toán công nợ chị Kim Loan,49.615.000,Trang,NCC NHUM - KIM LOAN - NINH THUẬN,NCC,Tiền mặt,,20251015-014,
15/10/2025,Chi,Chi phí khác,Phí gửi tiền ngân hàng,29.000,Trang,Techcombank,Ngân hàng,Tiền mặt,,20251015-015,
15/10/2025,Chi,Chi phí nguyên vật liệu,TT công nợ anh Tới,16.994.000,Trang,NCC BT - ANH TỚI - PHÚ QUÝ,NCC,Tiền mặt,,20251015-016,
15/10/2025,Chi,Chi phí nguyên vật liệu,TT công nợ chị Phúc,7.964.000,Trang,NCC NHUM ĐEN - NGUYỄN THỊ PHÚC,NCC,Tiền mặt,,20251015-017,
15/10/2025,Chi,Chi phí khác,Thanh toán tiền ship 5 can dầu chiên,100.000,Trang,Khác,Khác,Tiền mặt,,20251015-018,
15/10/2025,Thu,Doanh thu Bán hàng,Trần Quốc Ý thanh toán công nợ,448.000,Trang,MR TRẦN QUỐC Ý - NT,KL,Tiền mặt,,20251015-019,
15/10/2025,Thu,Doanh thu khác,Tiền bán phế liệu,150.000,Trang,Khác,Khác,Tiền mặt,,20251015-020,
15/10/2025,Chi,Chi phí khác,Mua 1 kẹp chiên chả cá,40.000,Trang,Khác,Khác,Tiền mặt,,20251015-021,
15/10/2025,Chi,Chi phí Sản xuất chung,Mua 15 bao đá bi,345.000,Trang,Khác,Khác,Tiền mặt,,20251015-022,
15/10/2025,Chi,Chi phí khác,Mua 1 thùng nước suối tiếp khách,70.000,Trang,Khác,Khác,Tiền mặt,,20251015-023,
15/10/2025,Chi,Chi phí nguyên vật liệu,Nhận 5 thùng sò lông + 3 thùng nhum nguyên con chị Phúc gửi,1.200.000,Trang,Khác,Khác,Tiền mặt,,20251015-024,
15/10/2025,Chi,Chi phí khác,Xăng xe máy + căng dây xích xe máy,60.000,Trang,Khác,Khác,Tiền mặt,,20251015-025,
15/10/2025,Chi,Chi phí khác,Mua 10 cây nhíp làm nhum,75.000,Trang,Khác,Khác,Tiền mặt,,20251015-026,
15/10/2025,Chi,Chi phí nguyên vật liệu,Nhận 2 thùng loin kiếm Thúy gửi,300.000,Trang,Khác,Khác,Tiền mặt,,20251015-027,
15/10/2025,Chi,Vận chuyển,Gửi 1 thùng cho Lệ sài gòn,100.000,Trang,Khác,Khác,Tiền mặt,,20251015-028,
15/10/2025,Chi,Vận chuyển,Gửi 1 thùng cho DPN,100.000,Trang,Khác,Khác,Tiền mặt,,20251015-029,
15/10/2025,Chi,Chi phí khác,Mua hộp lá xếp khay hàng sushi,205.000,Trang,Khác,Khác,Tiền mặt,,20251015-030,
15/10/2025,Thu,Doanh thu Bán hàng,Lee Minh Heo thanh toán công nợ,1.350.000,Trang,MR LEE MINH HEO - HN,KL,TK Dung,,20251015-031,
15/10/2025,Thu,Doanh thu Bán hàng,"Go Food chuyển khoản trả lại tk cá nhân 1 hóa đơn dịch vụ đã trừ thuế, đã unc cho họ (hđ 144)",249.680.000,Trang,CT GO FOOD - KIÊN GIANG (MR CÔNG),NCC,TK Sơn,,20251015-032,
15/10/2025,Chi,Chi phí nguyên vật liệu,Thanh toán bt chị Phạm Thị Lợi TT công nợ,73.717.000,Trang,NCC PHẠM THỊ LỢI - PHÚ QUÝ,NCC,TK Sơn,,20251015-033,
15/10/2025,Thu,Doanh thu Bán hàng,Baba PQ thanh toán tiền vận chuyển công nơ,900.000,Trang,NH BABABA-PHÚ QUỐC,NH,Tk Ni,,20251015-034,
15/10/2025,KN,Doanh thu bán hàng,Giao hàng Bạch tuộc tako,1.290.816,Trang,"CT TNHH TISM & CO ( MR NAM- LA THÀNH,HN)",NH,TK KN,,20251015-035,
15/10/2025,KN,Doanh thu bán hàng,Giao hàng Mực Nang sushi Sashimi đông khay (200g/ khay),1.200.000,Trang,"MR DUY - VĂN CAO, HN",KL,TK KN,,20251015-036,
15/10/2025,KN,Doanh thu bán hàng,Giao hàng Cá Cờ Kiếm Saku + Bạch tuộc tako,1.882.700,Trang,MR QUANG THẤT - HN,KL,TK KN,,20251015-037,
15/10/2025,KN,Doanh thu bán hàng,Giao hàng Trứng Nhum AA 200g/khay,1.350.000,Trang,MR LEE MINH HEO - HN,KL,TK KN,,20251015-038,
15/10/2025,KN,Doanh thu bán hàng,Giao hàng Râu bạch tuộc,1.800.000,Trang,"MS MINH TRANG- 81/2 HOÀNG DIỆU, NHA TRANG",KL,TK KN,,20251015-039,
15/10/2025,KN,Doanh thu bán hàng,Giao hàng Kiếm vỉ nướng + Hàu Nhật Hyogo đông lạnh nguyên vỏ size M (9-11 con/kg) + Tuna Saku A,1.015.000,Trang,NH UNI SUSHI,NH,TK KN,,20251015-040,
15/10/2025,KN,Doanh thu bán hàng,Giao hàng Tako mix,2.600.000,Trang,MS TRINH- QUẬN 7,KL,TK KN,,20251015-041,
15/10/2025,KN,Doanh thu bán hàng,Giao hàng Lườn kiếm sashimi,9.073.000,Trang,CT THỰC PHẨM NGÀY MỚI,NPP,TK KN,,20251015-042,
15/10/2025,KN,Doanh thu bán hàng,Giao hàng Mực Ống,5.092.000,Trang,MR THIỆU - NHA TRANG (CÁ NHÂN),KL,TK KN,,20251015-043,
15/10/2025,KN,Doanh thu bán hàng,Giao hàng Trứng nhum AB 200g/khay + tuna saku,14.405.000,Trang,CT TNHH MTV ĐẠT PHÚ NGUYÊN,NPP,TK KN,,20251015-044,
15/10/2025,KN,Doanh thu bán hàng,Giao hàng Trứng Nhum AA 200g/khay,12.600.000,Trang,CT TNHH DG GROUP (HARU - Q12),NH,TK KN,,20251015-045,
15/10/2025,Nợ NCC,Chi phí nguyên vật liệu,Nhập hàng Chả cá,2.500.000,Trang,NCC CHẢ CÁ - CHỊ TUYẾT SƯƠNG - PY,NCC,TK Nợ NCC,,20251015-046,
15/10/2025,Nợ NCC,Chi phí nguyên vật liệu,Nhập hàng Bạch tuộc tươi,3.550.500,Trang,NCC CHỊ NGÂN - HÒN XỆN,NCC,TK Nợ NCC,,20251015-047,
15/10/2025,Nợ NCC,Chi phí nguyên vật liệu,Nhập hàng Nhum nguyên con (đvt: con) + Bạch tuộc tươi,5.346.000,Trang,NCC KIM DUNG - NINH HÒA,NCC,TK Nợ NCC,,20251015-048,
15/10/2025,Nợ NCC,Chi phí nguyên vật liệu,Nhập hàng Chả cá,10.080.000,Trang,NCC CHẢ CÁ - TRÍ - PY,NCC,TK Nợ NCC,,20251015-049,
15/10/2025,Nợ NCC,Chi phí nguyên vật liệu,Nhập hàng Nhum hũ,18.907.160,Trang,NCC NHUM - ĐẶNG - LÝ SƠN,NCC,TK Nợ NCC,,20251015-050,
15/10/2025,Nợ NCC,Chi phí nguyên vật liệu,Nhập hàng Nhum nguyên con (đvt: con) + Sò Lông nguyên liệu,22.500.000,Trang,NCC NHUM ĐEN - NGUYỄN THỊ PHÚC,NCC,TK Nợ NCC,,20251015-051,
15/10/2025,Nợ NCC,Chi phí nguyên vật liệu,Nhập hàng Bạch tuộc tươi (hàng đỏ) + Bạch tuộc tươi,87.180.500,Trang,NCC CHỊ GÁI - VĨNH TRƯỜNG,NCC,TK Nợ NCC,,20251015-052,
15/10/2025,Nợ NCC,Chi phí nguyên vật liệu,Nhập hàng Nhum hũ + Sò Lông nguyên liệu + Nhum hũ,37.495.000,Trang,NCC NHUM - KIM LOAN - NINH THUẬN,NCC,TK Nợ NCC,,20251015-053,
15/10/2025,Nợ NCC,Chi phí nguyên vật liệu,Nhập hàng Bạch tuộc tươi size 1up + Bạch tuộc tươi + Bạch tuộc tươi (hàng đỏ),4.154.250,Trang,NCC NHUM - SON - NINH HÒA,NCC,TK Nợ NCC,,20251015-054,
14/10/2025,Chi,Chi phí nguyên vật liệu,thanh toan hoa don 60 cho Vo Thi Y (TT Công nợ),35.245.200,Trang,NCC VÕ THỊ Ý - TAM QUAN,NCC,TCB CTY,,20251014-001,
14/10/2025,Chi,Chi phí nguyên vật liệu,thanh toan hoa don so 32 cho Tran Thi Dung (TT Công nợ),20.385.000,Trang,NCC VẸM - DŨNG  - CR,NCC,TCB CTY,,20251014-002,
14/10/2025,Chi,Chi phí nguyên vật liệu,thanh toan hoa don 61 cho Cty TT Khanh Hoa (TT công nợ Thiệu) (TT Công nợ),110.250.000,Trang,NCC THIỆU - CHỊ TÂM ,NCC,TCB CTY,,20251014-003,
14/10/2025,Chi,Chi phí nguyên vật liệu,thanh toan tien mua hang cho Nguyen Thi Hong Son (TT Công nợ),8.428.500,Trang,NCC NHUM - SON - NINH HÒA,NCC,TCB CTY,,20251014-004,
14/10/2025,Chi,Chi phí nguyên vật liệu,thanh toan het hoa don 272 cho cty Viet Organic (TT Công nợ),20.000.000,Trang,CT VIỆT ORGANIC - TAM QUAN,NCC,TCB CTY,,20251014-005,
14/10/2025,Chi,Chi phí khác,thanh toan phi internet 12 thang bên trại thuê (góp vốn vào Dự án nhum),2.520.000,Trang,Khác,Khác,TCB CTY,,20251014-006,
14/10/2025,Thu,Doanh thu Bán hàng,Y SA BI chuyen tien (Gia Hân tt công nợ),10.482.360,Trang,HKD Y SA BI (MS GIA HÂN- TRÀ VINH),NH,TCB CTY,,20251014-007,
14/10/2025,Thu,Doanh thu Bán hàng,NGUYEN VAN TAM chuyen tien (Baba PQ tt công nợ),37.316.185,Trang,NH BABABA-PHÚ QUỐC,NH,TCB CTY,,20251014-008,
14/10/2025,Chi,Chi phí nguyên vật liệu,thanh toan hoa don 144 cho cty Go Food,262.164.000,Trang,CT GO FOOD - KIÊN GIANG (MR CÔNG),NCC,TCB CTY,,20251014-009,
14/10/2025,Thu,Doanh thu Bán hàng,HADU thanh toan công nợ cua Cty CP Thuc Pham Eco Organic Nha Trang tha ng 9/2025,13.909.350,Trang,CT CP DV TM HADU,NH,TCB CTY,,20251014-010,
14/10/2025,Thu,Doanh thu Bán hàng,Chị Trinh Q7 thanh toán công nợ,2.600.000,Trang,MS TRINH- QUẬN 7,KL,Tiền mặt,,20251014-011,
14/10/2025,Chi,Chi phí nguyên vật liệu,TT công nợ chị Hoa,2.600.000,Trang,NCC CHỊ HOA - HÒN RỚ,NCC,Tiền mặt,,20251014-012,
14/10/2025,Thu,Doanh thu Bán hàng,Anh Hiếu Hn thanh toán công nợ bill nhum 13/10,1.300.000,Trang,MR HIẾU - HN (61 BÁT SỨ),KL,Tiền mặt,,20251014-013,
14/10/2025,Chi,Chi phí nguyên vật liệu,TT công nợ chả cá Trí,1.300.000,Trang,NCC CHẢ CÁ - TRÍ - PY,NCC,Tiền mặt,,20251014-014,
14/10/2025,Thu,Doanh thu Bán hàng,Anh Hiếu vũng tàu thanh toán công nợ,3.848.000,Trang,MR HIẾU- VŨNG TÀU,KL,Tiền mặt,,20251014-015,
14/10/2025,Chi,Chi phí nguyên vật liệu,TT công nợ chị Bé Tân,3.848.000,Trang,NCC BÉ TÂN - VĨNH LƯƠNG,NCC,Tiền mặt,,20251014-016,
14/10/2025,Chi,Vận chuyển,Gửi 4 thùng cho DPN + 1 thùng cho khách mới DN A Châu,450.000,Trang,Khác,Khác,Tiền mặt,,20251014-017,
14/10/2025,Chi,Chi phí Sản xuất chung,Mua 20 bao đá bi ngày 13/10+15 bao đá bi ngày 14/10,805.000,Trang,Khác,Khác,Tiền mặt,,20251014-018,
14/10/2025,Chi,Chi phí nguyên vật liệu,Tiền xe ba gác bé tân chở bt đến xưởng,95.000,Trang,Khác,Khác,Tiền mặt,,20251014-019,
14/10/2025,Chi,Vận chuyển,Gửi 4 thùng xe tài thắng cho Phương HN,1.000.000,Trang,Khác,Khác,Tiền mặt,,20251014-020,
14/10/2025,Chi,Chi phí khác,Tiền thu gom rác 51 bao,510.000,Trang,Khác,Khác,Tiền mặt,,20251014-021,
14/10/2025,Chi,Chi phí nguyên vật liệu,Nhận 2 thùng sò lông chị Phúc gửi,200.000,Trang,Khác,Khác,Tiền mặt,,20251014-022,
14/10/2025,Thu,Doanh thu Bán hàng,Chị Hồng thanh toán công nợ,1.950.000,Trang,MS HỒNG- CHỢ MỚI LONG THÀNH ĐỒNG NAI,KL,TK Lệ,,20251014-023,
14/10/2025,Thu,Doanh thu Bán hàng,CT TNHH KAKINOKI (MS PHƯƠNG -SG) tt công nợ,1.365.000,Trang,CT TNHH KAKINOKI (MS PHƯƠNG -SG),KL,TK Lệ,,20251014-024,
14/10/2025,Chi,Vận chuyển,Thanh toán phí ship kvsg 01-07/10/2025,800.000,Trang,Khác,Khác,TK Lệ,,20251014-025,
14/10/2025,Chi,Chi phí nguyên vật liệu,TT công nợ cá tươi chị Xuân Phương,7.772.000,Trang,NCC CÁ TƯƠI - CHỊ XUÂN PHƯƠNG - QN,NCC,TK Dung,,20251014-026,
14/10/2025,Chi,Chi phí nguyên vật liệu,TT công nợ cá tươi chị Xuân Phương,1.814.000,Trang,NCC CÁ TƯƠI - CHỊ XUÂN PHƯƠNG - QN,NCC,TK Dung,,20251014-027,
14/10/2025,Chi,Chi phí khác,TT tiền cho Mr Cường (Cường gắn Lại điện trở cho Lò luộc.. chi phí tổng hết 2.9tr ),2.900.000,Trang,Khác,Khác,TK Dung,,20251014-028,
14/10/2025,Chi,Chi phí khác,TT lại tiền dư hóa đơn so với thực tế của chị Hương Anh Vũ,6.123.750,Trang,Khác,Khác,TK Dung,,20251014-029,
14/10/2025,Thu,Doanh thu Bán hàng,Anh Thái hn tt công nợ,1.683.500,Trang,MR THÁI - HN,KL,TK Dung,,20251014-030,
14/10/2025,Thu,Doanh thu Bán hàng,Anh Long thanh toán công nợ,252.000,Trang,MR LONG - CẦU GIẤY - HN,KL,TK Dung,,20251014-031,
14/10/2025,Thu,Doanh thu Bán hàng,Anh Hợp ĐN thanh toán công nợ,6.051.000,Trang,MR HỢP - ĐÀ NẴNG,KL,Tk Ni,,20251014-032,
14/10/2025,Nợ NCC,Chi phí nguyên vật liệu,Nhập hàng Bạch tuộc tươi size 1up + Bạch tuộc tươi (hàng đỏ) + Bạch tuộc tươi,5.430.800,Trang,NCC BT - ANH TỚI - PHÚ QUÝ,NCC,TK Nợ NCC,,20251014-033,
14/10/2025,Nợ NCC,Chi phí nguyên vật liệu,Nhập hàng Sò Lông nguyên liệu,5.544.000,Trang,NCC NHUM ĐEN - NGUYỄN THỊ PHÚC,NCC,TK Nợ NCC,,20251014-034,
14/10/2025,Nợ NCC,Chi phí nguyên vật liệu,Nhập hàng Bạch tuộc tươi,12.125.000,Trang,NCC NHUM - KIM LOAN - NINH THUẬN,NCC,TK Nợ NCC,,20251014-035,
14/10/2025,Nợ NCC,Chi phí nguyên vật liệu,Nhập hàng Bạch tuộc tươi (hàng đỏ) + Bạch tuộc tươi,27.121.500,Trang,NCC BÉ TÂN - VĨNH LƯƠNG,NCC,TK Nợ NCC,,20251014-036,
14/10/2025,KN,Doanh thu bán hàng,Giao hàng Bạch tuộc tako,2.961.000,Trang,MR LONG - CẦU GIẤY - HN,KL,TK KN,,20251014-037,
14/10/2025,KN,Doanh thu bán hàng,Giao hàng Tako mix,2.600.000,Trang,MS THANH THẢO- SG,KL,TK KN,,20251014-038,
14/10/2025,KN,Doanh thu bán hàng,Giao hàng Tuna Saku A,2.940.000,Trang,MR HÙNG- MAI HẮC ĐẾ - HN,KL,TK KN,,20251014-039,
14/10/2025,KN,Doanh thu bán hàng,Giao hàng Bạch tuộc tako,5.984.000,Trang,"MR BẮC - TRƯƠNG ĐỊNH, HN",KL,TK KN,,20251014-040,
14/10/2025,Thu,Doanh thu bán hàng,Giao hàng Sò Lông Nửa Mảnh + Cá Hồng Biển,0,Trang,MS GIANG - 54 VŨ HUY TÂN - HN,KL,,,20251014-041,
14/10/2025,KN,Doanh thu bán hàng,Giao hàng phí vận chuyển + Trứng Nhum AA 200g/khay,1.300.000,Trang,MR HIẾU - HN (61 BÁT SỨ),KL,TK KN,,20251014-042,
14/10/2025,KN,Doanh thu bán hàng,Giao hàng phí vận chuyển + Tuna Saku A,2.000.000,Trang,MS CHÂU TO - SG,KL,TK KN,,20251014-043,
14/10/2025,KN,Doanh thu bán hàng,Giao hàng Cá Cờ Kiếm Saku,1.683.500,Trang,MR THÁI - HN,KL,TK KN,,20251014-044,
14/10/2025,KN,Doanh thu bán hàng,Giao hàng Bạch tuộc tươi,3.255.000,Trang,CT TNHH KIWAMI VN - MR TUẤN - NT,KL,TK KN,,20251014-045,
14/10/2025,KN,Doanh thu bán hàng,Giao hàng Bạch tuộc tako,448.000,Trang,MR TRẦN QUỐC Ý - NT,KL,TK KN,,20251014-046,
14/10/2025,KN,Doanh thu bán hàng,Giao hàng Bạch tuộc tako + Chả cá + Mực nang nút 9-10,28.247.760,Trang,CT TNHH MTV TM DV HH TP PHÚ QUỐC (ANH THỰC-PQ),NPP,TK KN,,20251014-047,
14/10/2025,KN,Doanh thu bán hàng,Giao hàng Tuna Saku A + Bạch Tuộc Tako nhỏ,6.051.000,Trang,MR HỢP - ĐÀ NẴNG,KL,TK KN,,20251014-048,
14/10/2025,KN,Doanh thu bán hàng,Giao hàng Bạch tuộc tako,15.500.000,Trang,CT GREENGOOD,NPP,TK KN,,20251014-049,
14/10/2025,KN,Doanh thu bán hàng,Giao hàng Tuna loin 3-5 + Chả cá,21.107.200,Trang,CT TNHH MTV ĐẠT PHÚ NGUYÊN,NPP,TK KN,,20251014-050,
14/10/2025,KN,Doanh thu bán hàng,Giao hàng Tako mix,1.020.000,Trang,QUÁN TANAKEI - SG,KL,TK KN,,20251014-051,
14/10/2025,KN,Doanh thu bán hàng,Giao hàng Tuna Saku A,3.939.000,Trang,KIN SUSHI - LÂM ĐỒNG,KL,TK KN,,20251014-052,
14/10/2025,KN,Doanh thu bán hàng,Giao hàng Mực Ống SS khay 200g + Tuna Saku A + Mực Nang sushi Sashimi (160g/ khay) + Mực Ống,11.687.000,Trang,SUSHI O BA,NH,TK KN,,20251014-053,
14/10/2025,KN,Doanh thu bán hàng,Giao hàng Mực Nang sushi Sashimi đông khay (200g/ khay),12.000.000,Trang,HKD SUSHITO (NHÀ KHO)- SG,NH,TK KN,,20251014-054,
13/10/2025,Thu,Doanh thu Bán hàng,CONG TY TNHH SAKURA SUSHI Chuyen khoan hoa don 1009 (công nợ),27.012.825,Trang,CT TNHH SAKURA SUSHI,NH,TCB CTY,,20251013-001,
13/10/2025,Thu,Doanh thu Bán hàng,CONG TY ONE MORE THANH TOAN TIEN HA NG,29.461.298,Trang,CT TNHH TM DV ONE MOREANH (MR TUẤN NGHĨA- ĐÀ NẴNG),NH,TCB CTY,,20251013-002,
13/10/2025,Chi,Chi phí khác,Ủng hộ thiệt hại bão số 10 cho MTTQ phường Bắc Nha Trang,3.000.000,Trang,Khác,Khác,Tiền mặt,,20251013-003,
13/10/2025,Chi,Chi phí khác,Mua đồ đơm,125.000,Trang,Khác,Khác,Tiền mặt,,20251013-004,
13/10/2025,Chi,Chi phí khác,Đưa tiền ăn cho cô Dư tuần tiếp theo,2.375.000,Trang,Khác,Khác,Tiền mặt,,20251013-005,
13/10/2025,Thu,Doanh thu Bán hàng,Haru thanh toán công nợ,34.200.000,Trang,CT TNHH DG GROUP (HARU - Q12),NH,Tiền mặt,,20251013-006,
13/10/2025,Chi,Chi phí nguyên vật liệu,TT công nợ chị Hoa hòn rớ,34.200.000,Trang,NCC CHỊ HOA - HÒN RỚ,NCC,Tiền mặt,,20251013-007,
13/10/2025,Chi,Chi phí nguyên vật liệu,Nhận 3 thùng lườn kiếm ssm chị Phương Dung gửi,300.000,Trang,Khác,Khác,Tiền mặt,,20251013-008,
13/10/2025,Chi,Chi phí nguyên vật liệu,Nhận 3 thùng nang Truyền vũng tàu gửi xe Ngọc Phát,420.000,Trang,Khác,Khác,Tiền mặt,,20251013-009,
13/10/2025,Thu,Doanh thu Bán hàng,Du thuyền thanh toán công nợ tháng 8,9.514.000,Trang,CT CP TẬP ĐOÀN DU THUYỀN- NHA TRANG,NH,Tiền mặt,,20251013-010,
13/10/2025,Thu,Doanh thu Bán hàng,anh Huy yersin thanh toán công nợ,1.200.000,Trang,MR HUY - YERSIN - NT,KL,Tiền mặt,,20251013-011,
13/10/2025,Chi,Vận chuyển,Gửi 4 thùng cho DPN,400.000,Trang,Khác,Khác,Tiền mặt,,20251013-012,
13/10/2025,Chi,Chi phí nguyên vật liệu,Nhận 5 thùng bt chị Lợi gửi + 1thùng a Tới gửi,860.000,Trang,Khác,Khác,Tiền mặt,,20251013-013,
13/10/2025,Chi,Vận chuyển,Tiền xe a Mãi chở 2 chuyến ốc lên gửi kho chị Minh,500.000,Trang,Khác,Khác,Tiền mặt,,20251013-014,
13/10/2025,Chi,Chi phí Sản xuất chung,Mua 20 bao đá bi,460.000,Trang,Khác,Khác,Tiền mặt,,20251013-015,
13/10/2025,Chi,Vận chuyển,Gửi 3 thùng cho Vạn Quang phú quốc,750.000,Trang,Khác,Khác,Tiền mặt,,20251013-016,
13/10/2025,Thu,Doanh thu Bán hàng,Chị Giang cần thơ thanh toán công nợ,20.674.000,Trang,MS GIANG- CẦN THƠ,KL,Tiền mặt,,20251013-017,
13/10/2025,Chi,Chi phí nguyên vật liệu,TT công nợ chị Hoa,20.674.000,Trang,NCC CHỊ HOA - HÒN RỚ,NCC,Tiền mặt,,20251013-018,
13/10/2025,Thu,Doanh thu Bán hàng,Uni sushi thanh toán công nợ đến hết 12/10,17.697.000,Trang,NH UNI SUSHI,NH,Tiền mặt,,20251013-019,
13/10/2025,Chi,Chi phí nguyên vật liệu,TT công nợ chả cá Trí,17.697.000,Trang,NCC CHẢ CÁ - TRÍ - PY,NCC,Tiền mặt,,20251013-020,
13/10/2025,Chi,Chi phí nguyên vật liệu,TT công nợ chị Phạm thị Lợi,25.000.000,Trang,NCC PHẠM THỊ LỢI - PHÚ QUÝ,NCC,TK Dung,,20251013-021,
13/10/2025,Thu,Doanh thu Bán hàng,Anh Thực phú quốc thanh toán công nợ T7 (phần cá nhân),6.719.918,Trang,CT TNHH MTV TM DV HH TP PHÚ QUỐC (ANH THỰC-PQ),NPP,TK Dung,,20251013-022,
13/10/2025,Thu,Doanh thu Bán hàng,Chị Trinh Quận 7 thanh toán công nợ,7.800.000,Trang,MS TRINH- QUẬN 7,KL,TK Dung,,20251013-023,
13/10/2025,Thu,Doanh thu Bán hàng,Quán Ốc 88 thanh toán công nợ,1.350.000,Trang,QUÁN ỐC 88 - HN,KL,TK Dung,,20251013-024,
13/10/2025,Thu,Doanh thu Bán hàng,Anh Long thanh toán công nợ,2.709.000,Trang,MR LONG - CẦU GIẤY - HN,KL,TK Dung,,20251013-025,
13/10/2025,Thu,Doanh thu Bán hàng,Anh Triệt thanh toán công nợ,7.800.000,Trang,MR TRIỆT - TÂY NINH,KL,Tk Ni,,20251013-026,
13/10/2025,Chi,Chi phí nguyên vật liệu,TT công nợ ncc Phạm Thị Lợi,21.303.000,Trang,NCC PHẠM THỊ LỢI - PHÚ QUÝ,NCC,Tk Ngợi,,20251013-027,
13/10/2025,Nợ NCC,Chi phí nguyên vật liệu,Nhập hàng Bạch tuộc tươi size 1up + Bạch tuộc tươi + Nhum hũ,8.428.500,Trang,NCC NHUM - SON - NINH HÒA,NCC,TK Nợ NCC,,20251013-028,
13/10/2025,Nợ NCC,Chi phí nguyên vật liệu,Nhập hàng Nhum nguyên liệu (đvt: con) + Bạch tuộc tươi,9.315.000,Trang,NCC KIM DUNG - NINH HÒA,NCC,TK Nợ NCC,,20251013-029,
13/10/2025,Nợ NCC,Chi phí nguyên vật liệu,Nhập hàng Bạch tuộc tươi size 1.5-2kg + Bạch tuộc tươi size 1up + Bạch tuộc tươi (hàng đỏ) + Bạch tuộc tươi,11.564.000,Trang,NCC BT - ANH TỚI - PHÚ QUÝ,NCC,TK Nợ NCC,,20251013-030,
13/10/2025,Nợ NCC,Chi phí nguyên vật liệu,Nhập hàng Bạch tuộc tươi (hàng đỏ) + Bạch tuộc tươi,12.345.000,Trang,NCC CHỊ HOA - HÒN RỚ,NCC,TK Nợ NCC,,20251013-031,
13/10/2025,Nợ NCC,Chi phí nguyên vật liệu,Nhập hàng Mực nang nút 9-10 + Mực Nang 500-800,25.635.000,Trang,CT HOÀN TRUYỀN,NCC,TK Nợ NCC,,20251013-032,
13/10/2025,Nợ NCC,Chi phí nguyên vật liệu,Nhập hàng Bạch tuộc tươi size 1up + Bạch tuộc tươi,46.304.000,Trang,NCC PHẠM THỊ LỢI - PHÚ QUÝ,NCC,TK Nợ NCC,,20251013-033,
13/10/2025,Nợ NCC,Chi phí nguyên vật liệu,Nhập hàng Lườn kiếm sashimi + Phí Vận Chuyển,27.219.000,Trang,NCC LƯỜN KIẾM - CHỊ PHƯƠNG DUNG - PY,NCC,TK Nợ NCC,,20251013-034,
13/10/2025,KN,Doanh thu bán hàng,Giao hàng Tuna Saku A,2.047.500,Trang,CT TNHH ĐT NGỌC THỊNH PHÁT (MR TÌNH),NH,TK KN,,20251013-035,
13/10/2025,KN,Doanh thu bán hàng,Giao hàng Cá Cờ Kiếm Saku + Tuna Saku A,5.422.725,Trang,CT TNHH SAKURA SUSHI,NH,TK KN,,20251013-036,
13/10/2025,KN,Doanh thu bán hàng,Giao hàng Trứng Nhum AA 200g/khay,6.120.000,Trang,MR HUY - YERSIN - NT,KL,TK KN,,20251013-037,
13/10/2025,KN,Doanh thu bán hàng,Giao hàng Mực Ống + Tuna Saku A + Râu bạch tuộc + Cá Cờ Kiếm Saku + Ngao Bộp Tím nguyên con + Bạch tuộc LSNC 30-50 + Bánh Takoyaki,2.435.000,Trang,NH UNI SUSHI,NH,TK KN,,20251013-038,
13/10/2025,KN,Doanh thu bán hàng,Giao hàng Trứng Nhum AA 200g/khay + Nhum vụn + Cá Hồng Biển + Trứng Nhum AA 200g/khay,7.722.400,Trang,CT CP DV TM HADU,NH,TK KN,,20251013-039,
13/10/2025,KN,Doanh thu bán hàng,Giao hàng Trứng Nhum AA 200g/khay + Tuna Saku A + Bạch tuộc tako,19.682.000,Trang,CT TNHH TP NHẬT KOTO (MR KIÊN- HL),NPP,TK KN,,20251013-040,
13/10/2025,KN,Doanh thu bán hàng,Giao hàng Bạch tuộc tako,9.280.000,Trang,"MR BẮC - TRƯƠNG ĐỊNH, HN",KL,TK KN,,20251013-041,
13/10/2025,KN,Doanh thu bán hàng,Giao hàng Bạch tuộc tako,13.327.416,Trang,CT TNHH NGUYÊN PHƯƠNG,NPP,TK KN,,20251013-042,
13/10/2025,KN,Doanh thu bán hàng,Giao hàng Sò Lông Nửa Mảnh,1.350.000,Trang,QUÁN ỐC 88 - HN,KL,TK KN,,20251013-043,
13/10/2025,KN,Doanh thu bán hàng,Giao hàng phí vận chuyển + Bạch tuộc tako + tuna saku + Chả cá + Tuna loin 3-5,26.271.210,Trang,CT TNHH VẠN QUANG FOOD,NPP,TK KN,,20251013-044,
13/10/2025,KN,Doanh thu bán hàng,Giao hàng Cá Cờ Kiếm Saku + Tuna Saku A,11.460.000,Trang,MS GIANG- CẦN THƠ,KL,TK KN,,20251013-045,
13/10/2025,KN,Doanh thu bán hàng,Giao hàng Trứng nhum tươi,1.732.500,Trang,CT MARUSEI - SG,NPP,TK KN,,20251013-046,
13/10/2025,KN,Doanh thu bán hàng,Giao hàng Mực Nang 500-800 + Kiếm steak + Nhum nguyên con (đvt: con),23.628.800,Trang,CT TNHH MTV ĐẠT PHÚ NGUYÊN,NPP,TK KN,,20251013-047,
13/10/2025,KN,Doanh thu bán hàng,Giao hàng Bạch tuộc tako,15.345.000,Trang,CT GREENGOOD,NPP,TK KN,,20251013-048,
13/10/2025,KN,Doanh thu bán hàng,Giao hàng Lườn kiếm sashimi,3.848.000,Trang,CT TNHH MTV ĐẠI VY (NH MAYONAKA),KL,TK KN,,20251013-049,
13/10/2025,KN,Doanh thu bán hàng,Giao hàng phí vận chuyển + Loin kiếm,2.141.000,Trang,CT KYOTO YAKINIKU - A CHÂU - DN,KL,TK KN,,20251013-050,
13/10/2025,KN,Doanh thu bán hàng,Giao hàng Lườn kiếm sashimi,10.836.000,Trang,CT THỰC PHẨM NGÀY MỚI,NPP,TK KN,,20251013-051,
13/10/2025,KN,Doanh thu bán hàng,Giao hàng Tako mix,7.800.000,Trang,MS TRINH- QUẬN 7,KL,TK KN,,20251013-052,
12/10/2025,Chi,Chi phí nguyên vật liệu,TT công nợ Kim Dung ninh hòa,40.000.000,Trang,NCC KIM DUNG - NINH HÒA,NCC,TCB CTY,,20251012-001,
12/10/2025,Thu,Doanh thu Bán hàng,HanYang thanh toán công nợ,1.995.000,Trang,CT TNHH TM DV HAN YANG,NH,TCB CTY,,20251012-002,
12/10/2025,Chi,Vận chuyển,Gửi 3 thùng cho Vạn Quang phú quốc,750.000,Trang,Khác,Khác,Tiền mặt,,20251012-003,
12/10/2025,Chi,Chi phí nguyên vật liệu,Nhận 2 thùng bt a Tới gửi,300.000,Trang,Khác,Khác,Tiền mặt,,20251012-004,
12/10/2025,Thu,Doanh thu khác,hs Linh Linh ck trả tiền thừa chênh so với hóa đơn đã unc,4.472.000,Trang,CT HẢI SẢN LINH LINH,NCC,TK Linh,,20251012-005,
12/10/2025,Nợ NCC,Chi phí nguyên vật liệu,Nhập hàng phí vận chuyển + Mực Ống,3.211.500,Trang,NCC LỢI THU - PHÚ QUÝ,NCC,TK Nợ NCC,,20251012-006,
12/10/2025,Nợ NCC,Chi phí nguyên vật liệu,Nhập hàng Chả cá,6.664.000,Trang,NCC CHẢ CÁ - TRÍ - PY,NCC,TK Nợ NCC,,20251012-007,
12/10/2025,Nợ NCC,Chi phí nguyên vật liệu,Nhập hàng Bạch tuộc tươi + Nhum nguyên liệu (đvt: con),11.904.000,Trang,NCC KIM DUNG - NINH HÒA,NCC,TK Nợ NCC,,20251012-008,
12/10/2025,Nợ NCC,Chi phí nguyên vật liệu,Nhập hàng Bạch tuộc tươi,20.937.500,Trang,NCC CHỊ GÁI - VĨNH TRƯỜNG,NCC,TK Nợ NCC,,20251012-009,
12/10/2025,KN,Doanh thu bán hàng,Giao hàng Râu bạch tuộc tươi 150g up + Tuna Saku A + Bạch tuộc tươi,22.660.000,Trang,CT TNHH PGF ASIA- SG,NPP,TK KN,,20251012-010,
12/10/2025,KN,Doanh thu bán hàng,Giao hàng phí vận chuyển + Chả cá + Bạch tuộc tako + tuna saku,28.286.640,Trang,CT TNHH VẠN QUANG FOOD,NPP,TK KN,,20251012-011,
12/10/2025,KN,Doanh thu bán hàng,Giao hàng Bạch tuộc tako,1.270.800,Trang,NH YAKI YUM - NGUYỄN VĂN LỘC,NH,TK KN,,20251012-012,
12/10/2025,KN,Doanh thu bán hàng,Giao hàng Bạch tuộc tako,948.672,Trang,"CT TNHH TISM & CO ( MR NAM- LA THÀNH,HN)",NH,TK KN,,20251012-013,
12/10/2025,KN,Doanh thu bán hàng,Giao hàng Bạch tuộc tako,5.425.000,Trang,CT DELMAR VN - (C HƯƠNG VOV),KL,TK KN,,20251012-014,
12/10/2025,KN,Doanh thu bán hàng,Giao hàng Râu bạch tuộc + Bạch tuộc mini 8-13 + Bạch tuộc tako,8.066.000,Trang,CT TNHH PGF ASIA- HN,NPP,TK KN,,20251012-015,
12/10/2025,KN,Doanh thu bán hàng,Giao hàng tuna saku,3.052.000,Trang,CT TNHH GOLDEN FINE FOODS,NH,TK KN,,20251012-016,
12/10/2025,KN,Doanh thu bán hàng,Giao hàng Bạch tuộc tako slice (160 gram/khay),3.250.000,Trang,CT TNHH GINKAKU ( MS THIÊN TRANG),NH,TK KN,,20251012-017,
11/10/2025,Thu,Doanh thu Bán hàng,MR LEE MINH HEO - HN thanh toán công nợ,810.000,Trang,MR LEE MINH HEO - HN,KL,TK Dung,,20251011-001,
11/10/2025,Thu,Doanh thu Bán hàng,ANH HỢP - ĐÀ NẴNG thanh toán công nợ,3.900.000,Trang,MR HỢP - ĐÀ NẴNG,KL,Tk Ni,,20251011-002,
11/10/2025,Thu,Doanh thu Bán hàng,Mitsubishi Thiết bị điện tự động thanh toán công nợ,260.000,Trang,MITSUBITSHI - HN,KL,TK Dung,,20251011-003,
11/10/2025,Chi,Chuyển nội bộ,Rút tiền tk công ty,40.000.000,Trang,Nội Bộ,Nội Bộ,TCB CTY,,20251011-004,
11/10/2025,Chi,Chi phí Sản xuất chung,Tiền điện nước cửa hàng Hn tháng 9/2025,2.096.000,Trang,Khác,Khác,Tiền mặt,,20251011-005,
11/10/2025,Thu,Doanh thu Bán hàng,Hà Dương thanh toán công nợ,2.300.000,Trang,HÀ DƯƠNG FOODS- SG,KL,Tiền mặt,,20251011-006,
11/10/2025,Chi,Chi phí nguyên vật liệu,TT công nợ chả cá Trí,2.300.000,Trang,NCC CHẢ CÁ - TRÍ - PY,NCC,Tiền mặt,,20251011-007,
11/10/2025,Chi,Chi phí nguyên vật liệu,Nhận 2 thùng mắm  + 1 thùng tuộc chị Nga phú yên gửi,150.000,Trang,Khác,Khác,Tiền mặt,,20251011-008,
11/10/2025,Chi,Chi phí Sản xuất chung,Mua 15 bao đá bi,345.000,Trang,Khác,Khác,Tiền mặt,,20251011-009,
11/10/2025,Chi,Chi phí nguyên vật liệu,Nhận 1 thùng sò lông bình thuận,150.000,Trang,Khác,Khác,Tiền mặt,,20251011-010,
11/10/2025,Chi,Chi phí nguyên vật liệu,Nhận 1 thùng saku Trường gửi,80.000,Trang,Khác,Khác,Tiền mặt,,20251011-011,
11/10/2025,Chi,Chi phí nguyên vật liệu,Xe ba gác nhận bt Bé Tân,100.000,Trang,Khác,Khác,Tiền mặt,,20251011-012,
11/10/2025,Chi,Chi phí Sản xuất chung,Mua thêm 15 bao đá bi buổi chiều,345.000,Trang,Khác,Khác,Tiền mặt,,20251011-013,
11/10/2025,Chi,Vận chuyển,Gửi 1 thùng sài gòn cho Lệ,50.000,Trang,Khác,Khác,Tiền mặt,,20251011-014,
11/10/2025,Chi,Vận chuyển,Gửi 1 thùng cho Anh Nhân ĐN,50.000,Trang,Khác,Khác,Tiền mặt,,20251011-015,
11/10/2025,Thu,Chuyển nội bộ,Rút tiền tk công ty,40.000.000,Trang,Nội Bộ,Nội Bộ,Tiền mặt,,20251011-016,
11/10/2025,Chi,Chi phí khác,Thanh toán tiền DPN unc dư tháng 9,29.631.280,Trang,CT TNHH MTV ĐẠT PHÚ NGUYÊN,NPP,Tiền mặt,,20251011-017,
11/10/2025,Chi,Vận chuyển,Gửi 9 thùng cho DPN tối ngày 10/10,900.000,Trang,Khác,Khác,Tiền mặt,,20251011-018,
11/10/2025,Chi,Chi phí nguyên vật liệu,TT công nợ A Tới phú quý,26.759.000,Trang,NCC BT - ANH TỚI - PHÚ QUÝ,NCC,Tiền mặt,,20251011-019,
11/10/2025,Chi,Chi phí Sản xuất chung,Đổ xăng xe tải,630.000,Trang,Khác,Khác,Tiền mặt,,20251011-020,
11/10/2025,Chi,Vận chuyển,Gửi 3 thùng xe cont ra HN cho Phương,700.000,Trang,Khác,Khác,Tiền mặt,,20251011-021,
11/10/2025,Thu,Doanh thu Bán hàng,Anh Tiên cần thơ thanh toán công nợ (Sachi),1.700.000,Trang,ANH TIÊN - CẦN THƠ,KL,TK Linh,,20251011-022,
11/10/2025,Chi,Chi phí nguyên vật liệu,TT công nợ ncc Nguyễn Thị Phúc,15.000.000,Trang,NCC NHUM ĐEN - NGUYỄN THỊ PHÚC,NCC,Tk Ni,,20251011-023,
11/10/2025,Thu,Doanh thu Bán hàng,Anh Hải Triều thanh toán công nợ,1.300.000,Trang,MR HẢI TRIỀU - Q10 - SG,KL,Tk Ni,,20251011-024,
11/10/2025,Thu,Doanh thu Bán hàng,Anh Thêu thanh toán công nợ,1.262.000,Trang,MR THÊU - HN -CS2,KL,Tk Ngợi,,20251011-025,
11/10/2025,Thu,Doanh thu Bán hàng,Chef Hồng thanh toán công nợ,2.522.000,Trang,CHEF HỒNG - HN,KL,Tk Ngợi,,20251011-026,
11/10/2025,Thu,Doanh thu Bán hàng,Anh Hạnh Bắc ninh thanh toán công nợ,2.242.800,Trang,MR HẠNH- BẮC NINH,KL,Tk Ngợi,,20251011-027,
11/10/2025,Thu,Doanh thu Bán hàng,Meat Farm thanh toán công nợ (phần vận chuyển),600.000,Trang,CT TNHH MEAT FARM,NPP,Tk Ngợi,,20251011-028,
11/10/2025,Chi,Chi phí khác,"Trả lại tiền cho Hadu (mua đầu cá hồi giúp mr Hải, mr Hải đã ck)",124.800,Trang,MR HẢI- HN,KL,Tk Ngợi,,20251011-029,
11/10/2025,Thu,Doanh thu Bán hàng,Ngợi thanh toán công nợ,520.000,Trang,MS NGỢI - ECO,KL,Tk Ngợi,,20251011-030,
11/10/2025,Nợ NCC,Chi phí nguyên vật liệu,Nhập hàng Sò Lông nguyên liệu,2.335.500,Trang,NCC NHUM ĐEN - NGUYỄN THỊ PHÚC,NCC,TK Nợ NCC,,20251011-031,
11/10/2025,Nợ NCC,Chi phí nguyên vật liệu,Nhập hàng Bạch tuộc tươi size 1up + Bạch tuộc tươi,6.099.200,Trang,NCC BT - ANH TỚI - PHÚ QUÝ,NCC,TK Nợ NCC,,20251011-032,
11/10/2025,Nợ NCC,Chi phí nguyên vật liệu,Nhập hàng Bạch tuộc tươi + Nhum nguyên liệu (đvt: con),9.771.000,Trang,NCC KIM DUNG - NINH HÒA,NCC,TK Nợ NCC,,20251011-033,
11/10/2025,Nợ NCC,Chi phí nguyên vật liệu,Nhập hàng Loin kiếm,13.376.000,Trang,CT DƯƠNG TUẤN PHÁT - TAM QUAN (THÚY),NCC,TK Nợ NCC,,20251011-034,
11/10/2025,Nợ NCC,Chi phí nguyên vật liệu,Nhập hàng tuna saku,16.400.000,Trang,CT TRƯỜNG THẢO - PY (TRƯỜNG),NCC,TK Nợ NCC,,20251011-035,
11/10/2025,Nợ NCC,Chi phí nguyên vật liệu,Nhập hàng Sushi mực ống 8g + Mực Nang sushi Sashimi đông khay (200g/ khay) + Mực Nang sushi Sashimi (160g/ khay),23.620.800,Trang,CT GO FOOD - KIÊN GIANG (MR CÔNG),NCC,TK Nợ NCC,,20251011-036,
11/10/2025,Nợ NCC,Chi phí nguyên vật liệu,Nhập hàng Bạch tuộc tươi (hàng đỏ) + Bạch tuộc tươi,34.090.500,Trang,NCC BÉ TÂN - VĨNH LƯƠNG,NCC,TK Nợ NCC,,20251011-037,
11/10/2025,Nợ NCC,Chi phí nguyên vật liệu,Nhập hàng Bạch tuộc tươi (hàng đỏ) + Bạch tuộc tươi,87.487.000,Trang,NCC CHỊ HOA - HÒN RỚ,NCC,TK Nợ NCC,,20251011-038,
11/10/2025,Nợ NCC,Chi phí nguyên vật liệu,Nhập hàng Nhum hũ,31.000.000,Trang,NCC NHUM - ĐỖ THỊ ÁNH - PHÚ QUÝ,NCC,TK Nợ NCC,,20251011-039,
11/10/2025,KN,Doanh thu bán hàng,Giao hàng Trứng Nhum AA 200g/khay,750.000,Trang,CT ANH VŨ - HN (C HƯƠNG),NPP,TK KN,,20251011-040,
11/10/2025,KN,Doanh thu bán hàng,Giao hàng Tuna Saku A,2.047.500,Trang,CT TNHH ĐT NGỌC THỊNH PHÁT (MR TÌNH),NH,TK KN,,20251011-041,
11/10/2025,KN,Doanh thu bán hàng,Giao hàng Tuna Saku A,2.000.000,Trang,HKD Y SA BI (MS GIA HÂN- TRÀ VINH),NH,TK KN,,20251011-042,
11/10/2025,KN,Doanh thu bán hàng,Giao hàng Bạch tuộc tako + Tuna Saku A + Cá Cờ Kiếm Saku + Nang roll,3.341.400,Trang,CT TNHH NH NAM SAN F&B (SUSHI NOWZOON),NH,TK KN,,20251011-043,
11/10/2025,KN,Doanh thu bán hàng,Giao hàng Bạch tuộc tako,5.301.000,Trang,CT DELMAR VN - (C HƯƠNG VOV),KL,TK KN,,20251011-044,
11/10/2025,KN,Doanh thu bán hàng,Giao hàng Trứng Nhum AA 200g/khay,810.000,Trang,MR LEE MINH HEO - HN,KL,TK KN,,20251011-045,
11/10/2025,KN,Doanh thu bán hàng,Giao hàng Cá Chim Vây Vàng,258.300,Trang,MITSUBITSHI - HN,KL,TK KN,,20251011-046,
11/10/2025,KN,Doanh thu bán hàng,Giao hàng Tuna Saku A,3.900.000,Trang,MR HỢP - ĐÀ NẴNG,KL,TK KN,,20251011-047,
11/10/2025,KN,Doanh thu bán hàng,Giao hàng Mùn Cưa,352.000,Trang,MR ĐỊNH- NHA TRANG,KL,TK KN,,20251011-048,
11/10/2025,KN,Doanh thu bán hàng,Giao hàng Tako mix,1.300.000,Trang,MR HẢI TRIỀU - Q10 - SG,KL,TK KN,,20251011-049,
11/10/2025,KN,Doanh thu bán hàng,Giao hàng Bạch tuộc LSNC 30-50 + Tuna Saku A,1.150.000,Trang,NH UNI SUSHI,NH,TK KN,,20251011-050,
11/10/2025,KN,Doanh thu bán hàng,Giao hàng phí vận chuyển + Loin kiếm,3.927.000,Trang,CT TNHH UMEYAKIA (MR NHÂN- THE VIEW ĐÀ NẴNG),NH,TK KN,,20251011-051,
10/10/2025,Thu,Doanh thu Bán hàng,Mr Hải thanh toán công nợ,2.161.800,Trang,MR HẢI- HN,KL,Tk Ngợi,,20251010-001,
10/10/2025,Thu,Doanh thu Bán hàng,Meat &Fish TT công nợ tháng 9,41.272.380,Hoàn,CT TNHH MEAT AND FISH,NPP,TCB CTY,,20251010-002,
10/10/2025,Thu,Doanh thu Bán hàng,ANH THÁI thanh toán công nợ,666.600,Trang,MR THÁI - HN,KL,Tk Ngợi,,20251010-003,
10/10/2025,Thu,Doanh thu Bán hàng,Mr Toàn TT Công nợ,6.350.000,Hoàn,MR TOÀN - ĐÀ NẴNG,KL,Tiền mặt,,20251010-004,
10/10/2025,Thu,Doanh thu Bán hàng,Thu Greengood thanh toán công nợ,31.093.000,Trang,CT GREENGOOD,NPP,Tiền mặt,,20251010-005,
10/10/2025,Chi,Chi phí nguyên vật liệu,TT công nợ chả cá Trí,31.093.000,Trang,NCC CHẢ CÁ - TRÍ - Py,NCC,Tiền mặt,,20251010-006,
10/10/2025,Chi,Chi phí nguyên vật liệu,TT công nợ Mr Trí chả cá PY,6.350.000,Hoàn,NCC CHẢ CÁ - TRÍ - Py,NCC,Tiền mặt,,20251010-007,
10/10/2025,Chi,Chi phí nguyên vật liệu,Thanh toán công nợ ncc Quanh Bùi nhum đen,1.700.000,Trang,NCC NHUM ĐEN - QUANH BÙI,NCC,Tiền mặt,,20251010-008,
10/10/2025,Chi,Vận chuyển,Thanh toán tiền grab A Trãi 6 đơn,420.000,Trang,Khác,Khác,Tiền mặt,,20251010-009,
10/10/2025,Chi,Chi phí nguyên vật liệu,Nhận 2 thùng loin kiếm Thúy gửi,300.000,Trang,Khác,Khác,Tiền mặt,,20251010-010,
10/10/2025,Chi,Chi phí nguyên vật liệu,Nhận 1 thùng bt A Tới phú quý gửi (tối ngày 9/10),200.000,Trang,Khác,Khác,Tiền mặt,,20251010-011,
10/10/2025,Chi,Chi phí Sản xuất chung,Mua 15 bao đá bi ngày 9/10 + 15 bao ngày 10/10,805.000,Trang,Khác,Khác,Tiền mặt,,20251010-012,
10/10/2025,Chi,Chi phí nguyên vật liệu,Nhận 2 thùng nhum nguyên con chị Phúc Bình Thuận về (1600 con),200.000,Trang,Khác,Khác,Tiền mặt,,20251010-013,
10/10/2025,Chi,Chi phí nguyên vật liệu,Nhận 2 thùng tuna saku + kiếm steak Trường gửi,160.000,Trang,Khác,Khác,Tiền mặt,,20251010-014,
10/10/2025,Chi,Chi phí Sản xuất chung,Mua nhớt máy hck,120.000,Trang,Khác,Khác,Tiền mặt,,20251010-015,
10/10/2025,Chi,Chi phí nguyên vật liệu,Nhận 1 thùng bt A Tới phú quý gửi tối 10/10,100.000,Trang,Khác,Khác,Tiền mặt,,20251010-016,
10/10/2025,Chi,Vận chuyển,Gửi 1 thùng cho Baba PQ,250.000,Trang,Khác,Khác,Tiền mặt,,20251010-017,
10/10/2025,Thu,Doanh thu Bán hàng,MEAT FARM chuyen tien công nợ,47.948.760,Trang,CT TNHH MEAT FARM,NPP,TCB CTY,,20251010-018,
10/10/2025,Thu,Doanh thu Bán hàng,NAGI-ECO-HD1039 công nợ,539.700,Trang,NH NAGI 2 - GÒ VẤP,NH,TCB CTY,,20251010-019,
10/10/2025,Thu,Doanh thu Bán hàng,CONG TY TNHH SANMARU chuyen tien công nợ,2.782.750,Trang,CT TNHH SANMARU (MR NGỌC- HN),NH,TCB CTY,,20251010-020,
10/10/2025,Thu,Doanh thu Bán hàng,GOLDEN FINE FOODS công nợ,2.828.000,Trang,CT TNHH GOLDEN FINE FOODS,NH,TCB CTY,,20251010-021,
10/10/2025,Chi,Chi phí Sản xuất chung,thanh toan hd 1124 cho cty Ngoc Hong,2.351.700,Trang,Khác,Khác,TCB CTY,,20251010-022,
10/10/2025,Thu,Doanh thu Bán hàng,Nagi thanh toán tiền vận chuyển (công nợ),50.000,Trang,NH NAGI 2 - GÒ VẤP,NH,TK Dung,,20251010-023,
10/10/2025,KN,Doanh thu bán hàng,Giao hàng Mực Nang sushi Sashimi đông khay (200g/ khay),1.200.000,Trang,"MR DUY - VĂN CAO, HN",KL,TK KN,,20251010-024,
10/10/2025,KN,Doanh thu bán hàng,Giao hàng Bạch tuộc tako + Tuna Saku A + Mực Ống,2.037.000,Trang,MR HẢI- HN,KL,TK KN,,20251010-025,
10/10/2025,KN,Doanh thu bán hàng,Giao hàng Tuna Saku XK,13.522.950,Trang,GOFOOD- HN,NH,TK KN,,20251010-026,
10/10/2025,KN,Doanh thu bán hàng,Giao hàng Bạch tuộc tako + Bạch tuộc tako,16.683.840,Trang,CT MARUSEI - HN,NPP,TK KN,,20251010-027,
10/10/2025,KN,Doanh thu bán hàng,Giao hàng Bạch tuộc LSNC 30-50 + Vẹm Xanh Tách Vỏ ( PE),520.000,Trang,MS NGỢI - ECO,KL,TK KN,,20251010-028,
10/10/2025,KN,Doanh thu bán hàng,Giao hàng Mực Ống + Tuna Saku A + Bạch tuộc LSNC 30-50 + Ngao Bộp Tím nguyên con + Cá Cờ Kiếm Saku,1.625.000,Trang,NH UNI SUSHI,NH,TK KN,,20251010-029,
10/10/2025,KN,Doanh thu bán hàng,Giao hàng Râu bạch tuộc + Bạch tuộc tako,3.866.724,Trang,CT TNHH NGUYÊN PHƯƠNG,NPP,TK KN,,20251010-030,
10/10/2025,KN,Doanh thu bán hàng,Giao hàng Tako mix,7.800.000,Trang,MR TRIỆT - TÂY NINH,KL,TK KN,,20251010-031,
10/10/2025,KN,Doanh thu bán hàng,Giao hàng Vẹm Xanh Tách Vỏ ( PE),3.440.000,Trang,CT TNHH SƠN MAI VỊ BIỂN (MR NGỌC-NHA TRANG),NPP,TK KN,,20251010-032,
10/10/2025,KN,Doanh thu bán hàng,Giao hàng phí vận chuyển + Bạch tuộc tako + tuna saku,14.427.500,Trang,NH BABABA-PHÚ QUỐC,NH,TK KN,,20251010-033,
10/10/2025,KN,Doanh thu bán hàng,Giao hàng Mực Nang 500-800 + Tuna loin 3-5 + tuna saku + Chả cá + Sò Lông Nửa Mảnh + Tuna Saku 3A,66.648.100,Trang,CT TNHH MTV ĐẠT PHÚ NGUYÊN,NPP,TK KN,,20251010-034,
10/10/2025,Nợ NCC,Chi phí nguyên vật liệu,Nhập hàng Nhum nguyên con (đvt: con),4.800.000,Trang,NCC NHUM ĐEN - NGUYỄN THỊ PHÚC,NCC,TK Nợ NCC,,20251010-035,
10/10/2025,Nợ NCC,Chi phí nguyên vật liệu,Nhập hàng Loin kiếm + Loin kiếm,20.020.000,Trang,CT DƯƠNG TUẤN PHÁT - TAM QUAN (THÚY),NCC,TK Nợ NCC,,20251010-036,
10/10/2025,Nợ NCC,Chi phí nguyên vật liệu,Nhập hàng Bạch tuộc tươi size 1.5-2kg + Bạch tuộc tươi size 1up + Bạch tuộc tươi (hàng đỏ) + Bạch tuộc tươi,10.204.600,Trang,NCC BT - ANH TỚI - PHÚ QUÝ,NCC,TK Nợ NCC,,20251010-037,
10/10/2025,Nợ NCC,Chi phí nguyên vật liệu,Nhập hàng Bạch tuộc tươi (hàng đỏ) + Bạch tuộc tươi,65.069.000,Trang,NCC BÉ TÂN - VĨNH LƯƠNG,NCC,TK Nợ NCC,,20251010-038,
10/10/2025,Nợ NCC,Chi phí nguyên vật liệu,Nhập hàng Nhum nguyên liệu (đvt: con) + Bạch tuộc tươi,12.510.000,Trang,NCC KIM DUNG - NINH HÒA,NCC,TK Nợ NCC,,20251010-039,
09/10/2025,Thu,Doanh thu Bán hàng,CONG TY TNHH DAU TU NTP TT CA NGU 2 509 (anh Tình tt công nợ),1.774.710,Trang,CT TNHH ĐT NGỌC THỊNH PHÁT (MR TÌNH),NH,TCB CTY,,20251009-001,
09/10/2025,Chi,Chi phí khác,Mua đồ đơm,70.000,Trang,Khác,Khác,Tiền mặt,,20251009-002,
09/10/2025,Chi,Chi phí nguyên vật liệu,Nhận 1 thùng nhum Quanh Bùi  gửi (500 con),50.000,Trang,Khác,Khác,Tiền mặt,,20251009-003,
09/10/2025,Chi,Chi phí nguyên vật liệu,Nhận 2 thùng nhum nguyên con chị Phúc Bình Thuận về (1600 con),250.000,Trang,Khác,Khác,Tiền mặt,,20251009-004,
09/10/2025,Chi,Vận chuyển,Gửi 6 thùng cho DPN,600.000,Trang,Khác,Khác,Tiền mặt,,20251009-005,
09/10/2025,Chi,Vận chuyển,Gửi 2 thùng cho VietArt,200.000,Trang,Khác,Khác,Tiền mặt,,20251009-006,
09/10/2025,Chi,Vận chuyển,Tiền xe a Bình chuyển 2 chuyến Ốc từ xưởng lên gửi kho chị Minh,400.000,Trang,Khác,Khác,Tiền mặt,,20251009-007,
09/10/2025,KN,Doanh thu bán hàng,Giao hàng Tuna Saku XK,8.476.650,Trang,GOFOOD-SG (CT TNHH FBC SÀI GÒN),NH,TK KN,,20251009-008,
09/10/2025,KN,Doanh thu bán hàng,Giao hàng Nhum vụn + Lườn tuna + Trứng Nhum AA 200g/khay + Tuna Saku A,21.740.000,Trang,CT TNHH PGF ASIA- HN,NPP,TK KN,,20251009-009,
09/10/2025,KN,Doanh thu bán hàng,Giao hàng Tuna Saku A + Mực Ống,990.000,Trang,NH UNI SUSHI,NH,TK KN,,20251009-010,
09/10/2025,KN,Doanh thu bán hàng,Giao hàng phí vận chuyển + Trứng Nhum AA 200g/khay,1.470.000,Trang,MR BÙI DANH - SG,KL,TK KN,,20251009-011,
09/10/2025,KN,Doanh thu bán hàng,Giao hàng Loin lườn kiếm,2.384.340,Trang,CT LÊ GiA (MINORI CS2),NH,TK KN,,20251009-012,
09/10/2025,KN,Doanh thu bán hàng,Giao hàng Trứng Nhum AA 200g/khay,1.400.000,Trang,CT MOO JIN (MS HỒNG ÁNH - SG),KL,TK KN,,20251009-013,
09/10/2025,KN,Doanh thu bán hàng,Giao hàng Tuna đầu đuôi portion,17.550.000,Trang,CT TNHH SX-TM THIÊN ÂN PHÁT (MR ĐỖ XUÂN-NT),KL,TK KN,,20251009-014,
09/10/2025,KN,Doanh thu bán hàng,Giao hàng Tuna Saku XK,666.600,Trang,MR THÁI - HN,KL,TK KN,,20251009-015,
09/10/2025,KN,Doanh thu bán hàng,Giao hàng Bạch tuộc tako + Bạch tuộc tako slice (160 gram/khay),12.976.000,Trang,CT TNHH MEAT AND FISH,NPP,TK KN,,20251009-016,
09/10/2025,KN,Doanh thu bán hàng,Giao hàng Trứng Nhum AA 200g/khay,22.320.000,Trang,CT TNHH MTV SHIZEN FOOD,NPP,TK KN,,20251009-017,
09/10/2025,KN,Doanh thu bán hàng,Giao hàng tuna saku + Cá Cờ Kiếm Saku,35.509.000,Trang,CT TNHH VIETART F&B,NH,TK KN,,20251009-018,
09/10/2025,KN,Doanh thu bán hàng,Giao hàng Kiếm steak + chả cá hấp + Chả cá,26.645.000,Trang,CT TNHH MTV ĐẠT PHÚ NGUYÊN,NPP,TK KN,,20251009-019,
09/10/2025,Nợ NCC,Chi phí nguyên vật liệu,Nhập hàng Bạch tuộc tươi + Nhum nguyên liệu (đvt: con),9.660.000,Trang,NCC KIM DUNG - NINH HÒA,NCC,TK Nợ NCC,,20251009-020,
09/10/2025,Nợ NCC,Chi phí nguyên vật liệu,Nhập hàng Bạch tuộc tươi (hàng đỏ) + Bạch tuộc tươi,30.553.500,Trang,NCC BÉ TÂN - VĨNH LƯƠNG,NCC,TK Nợ NCC,,20251009-021,
09/10/2025,Nợ NCC,Chi phí nguyên vật liệu,Nhập hàng Bạch tuộc tươi (hàng đỏ) + Bạch tuộc tươi size 1up + Bạch tuộc tươi,10.455.800,Trang,NCC BT - ANH TỚI - PHÚ QUÝ,NCC,TK Nợ NCC,,20251009-022,
09/10/2025,Nợ NCC,Chi phí nguyên vật liệu,Nhập hàng Nhum nguyên con (đvt: con),1.760.500,Trang,NCC NHUM ĐEN - QUANH BÙI,NCC,TK Nợ NCC,,20251009-023,
09/10/2025,Nợ NCC,Chi phí nguyên vật liệu,Nhập hàng Nhum nguyên con (đvt: con),4.800.000,Trang,NCC NHUM ĐEN - NGUYỄN THỊ PHÚC,NCC,TK Nợ NCC,,20251009-024,
09/10/2025,Thu,Doanh thu Bán hàng,Anh Bùi Danh thanh toán công nợ,1.470.000,Trang,MR BÙI DANH - SG,KL,TK Dung,,20251009-025,
08/10/2025,KN,Doanh thu bán hàng,Giao hàng Bạch tuộc tako,9.450.000,Trang,CT TNHH GINKAKU ( MS THIÊN TRANG),NH,TK KN,,20251008-001,
08/10/2025,Thu,Chuyển nội bộ,Rút tiền tk công ty,100.000.000,Trang,Nội Bộ,Nội Bộ,Tiền mặt,,20251008-002,
08/10/2025,Chi,Chi phí nguyên vật liệu,TT công nợ chị Kim Loan bt ,15.330.000,Trang,NCC NHUM - KIM LOAN - NINH THUẬN,NCC,Tiền mặt,,20251008-003,
08/10/2025,Chi,Chi phí nguyên vật liệu,Phí gửi tiền chị Kim Loan,22.000,Trang,Techcombank,Ngân hàng,Tiền mặt,,20251008-004,
08/10/2025,Chi,Chi phí nguyên vật liệu,TT công nợ chị Đỗ Thị Ánh,31.000.000,Trang,NCC NHUM - ĐỖ THỊ ÁNH - PHÚ QUÝ,NCC,Tiền mặt,,20251008-005,
08/10/2025,Chi,Chi phí nguyên vật liệu,Phí gửi tiền chị Ánh,22.000,Trang,Techcombank,Ngân hàng,Tiền mặt,,20251008-006,
08/10/2025,Chi,Chi phí nguyên vật liệu,TT công nợ chị Nguyễn Thị PHúc,7.225.000,Trang,NCC NHUM ĐEN - NGUYỄN THỊ PHÚC,NCC,Tiền mặt,,20251008-007,
08/10/2025,Chi,Chi phí nguyên vật liệu,"TT công nợ chị Trang hòn xện (40,6kg*140k)",5.684.000,Trang,NCC CHỊ TRANG - HÒN XỆN,NCC,Tiền mặt,,20251008-008,
08/10/2025,Thu,Doanh thu Bán hàng,Newfresh thanh toán công nợ T8,9.750.000,Trang,CT TNHH NEW FRESH FOODS,NPP,Tiền mặt,,20251008-009,
08/10/2025,Chi,Chi phí nguyên vật liệu,TT công nợ chị Hoa,9.750.000,Trang,NCC CHỊ HOA - HÒN RỚ,NCC,Tiền mặt,,20251008-010,
08/10/2025,Nợ NCC,Chi phí nguyên vật liệu,Nhập hàng Bạch tuộc tươi,5.684.000,Trang,NCC CHỊ TRANG - HÒN XỆN,NCC,TK Nợ NCC,,20251008-011,
08/10/2025,Thu,Doanh thu Bán hàng,Cty TP Phu Quoc TT Công Nợ T9.2025 Cty V GVINA,31.659.450,Trang,CT TNHH MTV TM DV HH TP PHÚ QUỐC (ANH THỰC-PQ),NPP,TCB CTY,,20251008-012,
08/10/2025,Chi,Chuyển nội bộ,Rút tiền tk công ty,100.000.000,Trang,Nội Bộ,Nội Bộ,TCB CTY,,20251008-013,
08/10/2025,KN,Doanh thu bán hàng,"Giao hàng Cá Bè (Cá Khế, Cá Giấy, cá viễn)",2.091.500,Trang,CT TNHH PGF ASIA- HN,NPP,TK KN,,20251008-014,
08/10/2025,KN,Doanh thu bán hàng,Giao hàng Tuna Saku A + Nang roll + Bạch tuộc tako,2.580.100,Trang,CT TNHH NH NAM SAN F&B (SUSHI NOWZOON),NH,TK KN,,20251008-015,
08/10/2025,KN,Doanh thu bán hàng,Giao hàng phí vận chuyển + Trứng Nhum AA 200g/khay,1.350.000,Trang,CT TNHH KAKINOKI (MS PHƯƠNG -SG),KL,TK KN,,20251008-016,
08/10/2025,KN,Doanh thu bán hàng,Giao hàng phí vận chuyển + Bạch Tuộc Tako nhỏ + Bạch tuộc tako + Râu Tako A,48.548.760,Trang,CT TNHH MEAT FARM,NPP,TK KN,,20251008-017,
08/10/2025,KN,Doanh thu bán hàng,Giao hàng Bạch tuộc tako,6.252.500,Trang,CN CT CP TM VÀ DV VIET DELI - NHA TRANG,NH,TK KN,,20251008-018,
08/10/2025,KN,Doanh thu bán hàng,Giao hàng Bạch tuộc tako,3.111.000,Trang,CT CP TẬP ĐOÀN DU THUYỀN- NHA TRANG,NH,TK KN,,20251008-019,
08/10/2025,KN,Doanh thu bán hàng,Giao hàng Bạch tuộc tako + Bạch tuộc tako,27.350.568,Trang,CT TNHH NGUYÊN PHƯƠNG,NPP,TK KN,,20251008-020,
08/10/2025,KN,Doanh thu bán hàng,Giao hàng Chả cá,4.471.200,Trang,CT TNHH MTV TM DV HH TP PHÚ QUỐC (ANH THỰC-PQ),NPP,TK KN,,20251008-021,
08/10/2025,KN,Doanh thu bán hàng,Giao hàng phí vận chuyển + Vẹm Xanh Tách Vỏ ( PE),3.862.000,Trang,CT TNHH VẠN QUANG FOOD,NPP,TK KN,,20251008-022,
08/10/2025,KN,Doanh thu bán hàng,Giao hàng Tuna Saku A + Râu bạch tuộc,1.262.000,Trang,MR THÊU - HN -CS2,KL,TK KN,,20251008-023,
08/10/2025,KN,Doanh thu bán hàng,Giao hàng Trứng nhum AA 100g/khay,1.700.000,Trang,ANH TIÊN - CẦN THƠ,KL,TK KN,,20251008-024,
08/10/2025,KN,Doanh thu bán hàng,Giao hàng Tuna Saku A,4.042.500,Trang,MR THỦY- NGHỆ AN (FUJIMO),NH,TK KN,,20251008-025,
08/10/2025,Thu,Doanh thu Bán hàng,"ShiZEN FOOD) CTY SHIZEN FOOD TT TIEN TRUNG NHUM, HD 955 công nợ",130.200.000,Trang,CT TNHH MTV SHIZEN FOOD,NPP,TCB CTY,,20251008-026,
08/10/2025,Thu,Doanh thu Bán hàng,Umeyaki thanh toan ca kiem công nợ,22.898.400,Trang,CT TNHH UMEYAKIA (MR NHÂN- THE VIEW ĐÀ NẴNG),NH,TCB CTY,,20251008-027,
08/10/2025,Thu,Doanh thu Bán hàng,VinRoll ck Ca Ngu công nợ,19.162.500,Trang,CT TNHH TM DV VINROLL VN ( MR PHÚC- THỦ ĐỨC),NH,TCB CTY,,20251008-028,
08/10/2025,Thu,Doanh thu Bán hàng,Anh Lộc đồng nai thanh toán công nợ,2.309.000,Trang,ANH LỘC - ĐÔNG NAI,NH,Tiền mặt,,20251008-029,
08/10/2025,Chi,Chi phí nguyên vật liệu,TT công nợ chả cá Trí,2.309.000,Trang,NCC CHẢ CÁ - TRÍ - Py,NCC,Tiền mặt,,20251008-030,
08/10/2025,Thu,Doanh thu Bán hàng,Định thanh toán công nợ,5.878.000,Trang,MR ĐỊNH- NHA TRANG,KL,Tiền mặt,,20251008-031,
08/10/2025,Chi,Chi phí nguyên vật liệu,TT công nợ chả cá Trí,5.878.000,Trang,NCC CHẢ CÁ - TRÍ - Py,NCC,Tiền mặt,,20251008-032,
08/10/2025,Thu,Doanh thu Bán hàng,Phú thịnh thanh toán công nợ,18.819.000,Trang,CT TNHH ĐT TS PHÚ THỊNH,NPP,Tiền mặt,,20251008-033,
08/10/2025,Chi,Chi phí nguyên vật liệu,TT công nợ chị Hoa,18.819.000,Trang,NCC CHỊ HOA - HÒN RỚ,NCC,Tiền mặt,,20251008-034,
08/10/2025,Chi,Vận chuyển,Gửi 3 thùng tài thắng cho Phương HN,700.000,Trang,Khác,Khác,Tiền mặt,,20251008-035,
08/10/2025,Chi,Chi phí nguyên vật liệu,Nhận 3 thùng nhum nguyên con Bình THuận,300.000,Trang,Khác,Khác,Tiền mặt,,20251008-036,
08/10/2025,Chi,Vận chuyển,Gửi 1 thùng cho Vạn Quang phú quốc,250.000,Trang,Khác,Khác,Tiền mặt,,20251008-037,
08/10/2025,Chi,Chi phí nguyên vật liệu,Xe ba gác chở bt Bé Tân đến xưởng (chiều 1 chuyến + tối 1 chuyến),200.000,Trang,Khác,Khác,Tiền mặt,,20251008-038,
08/10/2025,Chi,Chi phí Sản xuất chung,Mua 15 bao đá bi ngày 6/10 +15 bao ngày 7/10 + 15 bao ngày 8/10,1.035.000,Trang,Khác,Khác,Tiền mặt,,20251008-039,
08/10/2025,Chi,Vận chuyển,Gửi 3 thùng DPN + 1 thùng c Hằng + 1 thùng A Nhân ĐN,450.000,Trang,Khác,Khác,Tiền mặt,,20251008-040,
08/10/2025,Chi,Chi phí nguyên vật liệu,Nhận 1 thùng bt a Tới gửi + 1 thùng nhum Đỗ thị Ánh gửi,400.000,Trang,Khác,Khác,Tiền mặt,,20251008-041,
08/10/2025,Chi,Chi phí nguyên vật liệu,TT công nợ chị Nguyễn Thị Thu bt,1.710.000,Trang,NCC NGUYỄN THỊ THU - PHÚ QUÝ,NCC,Tiền mặt,,20251008-042,
08/10/2025,Thu,Doanh thu Bán hàng,Chị Hằng Totoro thanh toán công nợ,9.312.500,Trang,CT TNHH DV TOTORO VN (MS HẰNG - ĐÀ NẴNG),NH,TK Dung,,20251008-043,
08/10/2025,Thu,Doanh thu Bán hàng,Anh Nam la thành thanh toán công nợ phần cá nhân,10.261.500,Trang,"CT TNHH TISM & CO ( MR NAM- LA THÀNH,HN)",NH,TK Dung,,20251008-044,
08/10/2025,Thu,Doanh thu Bán hàng,Anh Đông phú quốc thanh toán công nợ,1.950.000,Trang,MR ĐÔNG - PHÚ QUỐC,NH,TK Linh,,20251008-045,
08/10/2025,Thu,Doanh thu Bán hàng,Anh Nhân The View thanh toán công nợ t8,960.000,Trang,CT TNHH UMEYAKIA (MR NHÂN- THE VIEW ĐÀ NẴNG),NH,TK Linh,,20251008-046,
08/10/2025,Thu,Doanh thu Bán hàng,SH Foods tt bill 27/9 công nợ,34.875.000,Trang,CT TNHH TM TP SH (SH FOODS),NPP,Tk Ni,,20251008-047,
08/10/2025,Nợ NCC,Chi phí nguyên vật liệu,Nhập hàng Bạch tuộc tươi size 1up + Bạch tuộc tươi + Nhum nguyên liệu (đvt: con),12.514.500,Trang,NCC KIM DUNG - NINH HÒA,NCC,TK Nợ NCC,,20251008-048,
08/10/2025,Nợ NCC,Chi phí nguyên vật liệu,Nhập hàng Chả cá,14.000.000,Trang,NCC CHẢ CÁ - TRÍ - PY,NCC,TK Nợ NCC,,20251008-049,
08/10/2025,KN,Doanh thu Bán hàng,Giao hàng Trứng Nhum AA 200g/khay+Râu bạch tuộc,14.750.000,Trang,CT TNHH NEW FRESH FOODS,NPP,TK KN,,20251008-050,https://drive.google.com/file/d/1IFPWkEQAUiFmjmrxBUHTjWTT2OvKL_2Y/view?usp=drivesdk
08/10/2025,Nợ NCC,Chi phí nguyên vật liệu,Nhập hàng Bạch tuộc tươi (hàng đỏ) + Bạch tuộc tươi,24.017.500,Trang,NCC BÉ TÂN - VĨNH LƯƠNG,NCC,TK Nợ NCC,,20251008-051,
08/10/2025,Nợ NCC,Chi phí nguyên vật liệu,Nhập hàng Nhum nguyên con (đvt: con),5.400.000,Trang,NCC NHUM ĐEN - NGUYỄN THỊ PHÚC,NCC,TK Nợ NCC,,20251008-052,
08/10/2025,Thu,Doanh thu Bán hàng,Chị Lì SG thanh toán công nợ ,2.600.000,Trang,MS LÌ - SÀI GÒN,KL,Tk Ni,,20251008-053,
08/10/2025,Thu,Doanh thu Bán hàng,Anh Thủy- Nghệ An tt hết công nợ T8/25,4.042.500,Trang,MR THỦY- NGHỆ AN (FUJIMO),NH,Tk Ngợi,,20251008-054,
08/10/2025,Thu,Doanh thu Bán hàng,81/2 hoàng diệu thanh toán công nợ,1.800.000,Trang,"MS MINH TRANG- 81/2 HOÀNG DIỆU, NHA TRANG",KL,Tk Ngợi,,20251008-055,
08/10/2025,Chi,Chi phí nguyên vật liệu,TT công nợ ncc cá tươi chị Xuân Phương (22-29/9),10.074.000,Trang,NCC CÁ TƯƠI - CHỊ XUÂN PHƯƠNG - QN,NCC,Tk Ngợi,,20251008-056,
08/10/2025,KN,Doanh thu bán hàng,"Giao hàng Cá Bè (Cá Khế, Cá Giấy, cá viễn)",2.522.000,Trang,CHEF HỒNG - HN,KL,TK KN,,20251008-057,
07/10/2025,KN,Doanh thu bán hàng,Giao hàng Bạch tuộc tako,15.531.000,Trang,CT TNHH TM THỰC PHẨM VÕ GIA (MR THỐNG),NH,TK KN,,20251007-001,
07/10/2025,KN,Doanh thu bán hàng,Giao hàng Bạch tuộc tako + RÂU + VAT,10.527.840,Trang,CT TNHH MTV TM NAM ANH FOODS (MR VINH- ĐÀ NẴNG),KL,TK KN,,20251007-002,
07/10/2025,KN,Doanh thu bán hàng,Giao hàng Loin lườn kiếm + Mực Nang sushi Sashimi đông khay (200g/ khay),10.351.500,Trang,HKD SUSHITO (NHÀ KHO)- SG,NH,TK KN,,20251007-003,
07/10/2025,KN,Doanh thu bán hàng,Giao hàng Tuna Saku,16.227.000,Trang,CT TNHH VIETART F&B,NH,TK KN,,20251007-004,
07/10/2025,KN,Doanh thu bán hàng,Giao hàng Râu bạch tuộc + Bánh Takoyaki,500.000,Trang,NH UNI SUSHI,NH,TK KN,,20251007-005,
07/10/2025,KN,Doanh thu bán hàng,Giao hàng Bạch tuộc tako,15.097.000,Trang,CT TNHH TP NHẬT KOTO (MR KIÊN- HL),NPP,TK KN,,20251007-006,
07/10/2025,KN,Doanh thu bán hàng,Giao hàng phí vận chuyển + Lườn kiếm nướng,2.754.000,Trang,CT 138 ENT (LẨU CÁ THANH ĐA) - SG,NH,TK KN,,20251007-007,
07/10/2025,KN,Doanh thu bán hàng,Giao hàng phí vận chuyển + Trứng nhum AA 100g/khay,1.550.000,Trang,SS IKUSACHI- SG,NH,TK KN,,20251007-008,
07/10/2025,KN,Doanh thu bán hàng,Giao hàng Chả cá + phí vận chuyển + Bạch tuộc tako + Tuna loin 3-5,17.217.500,Trang,CT TNHH VẠN QUANG FOOD,NPP,TK KN,,20251007-009,
07/10/2025,KN,Doanh thu bán hàng,Giao hàng Trứng Nhum AA 200g/khay + Mực Nang sushi Sashimi (160g/ khay) + Tuna Saku A,2.309.000,Trang,ANH LỘC - ĐÔNG NAI,NH,TK KN,,20251007-010,
07/10/2025,KN,Doanh thu bán hàng,Giao hàng phí vận chuyển + Trứng Nhum AA 200g/khay,564.000,Trang,NH NAGI 2 - GÒ VẤP,NH,TK KN,,20251007-011,
07/10/2025,KN,Doanh thu bán hàng,Giao hàng phí vận chuyển + Tuna Saku XK + Cá Cờ Kiếm Saku + Tuna Saku A,1.777.000,Trang,CT TNHH MTV ISHIGA (PHIPHI SS)- ĐÀ NẴNG,NH,TK KN,,20251007-012,
07/10/2025,KN,Doanh thu bán hàng,Giao hàng phí vận chuyển + Chả cá + Kiếm steak,4.719.600,Trang,CT TNHH VẠN QUANG FOOD,NPP,TK KN,,20251007-013,
07/10/2025,KN,Doanh thu bán hàng,Giao hàng Chả cá + Kiếm steak + Mực Nang 500-800,39.114.800,Trang,CT TNHH MTV ĐẠT PHÚ NGUYÊN,NPP,TK KN,,20251007-014,
07/10/2025,Nợ NCC,Chi phí nguyên vật liệu,Nhập hàng Nhum nguyên con (đvt: con) + Sò Lông NL,4.950.000,Trang,NCC NHUM ĐEN - NGUYỄN THỊ PHÚC,NCC,TK Nợ NCC,,20251007-015,
07/10/2025,Nợ NCC,Chi phí nguyên vật liệu,Nhập hàng Trứng Nhum AA 200g/khay,33.840.000,Trang,HOÀNG THỊ THÚY - HÒN RỚ (CÔ THỦY),NCC,TK Nợ NCC,,20251007-016,
07/10/2025,Nợ NCC,Chi phí nguyên vật liệu,Nhập hàng Bạch tuộc tươi + Bạch tuộc tươi size 1up,43.188.000,Trang,NCC PHẠM THỊ LỢI - PHÚ QUÝ,NCC,TK Nợ NCC,,20251007-017,
07/10/2025,Chi,Chuyển nội bộ,Rút tiền tk công ty,60.000.000,Trang,Nội Bộ,Nội Bộ,TCB CTY,,20251007-018,
07/10/2025,Chi,Chi phí nguyên vật liệu,TT công nợ Kim Dung ninh hòa (hết T9/2025),49.669.500,Trang,NCC KIM DUNG - NINH HÒA,NCC,TCB CTY,,20251007-019,
07/10/2025,Chi,Chi phí nguyên vật liệu,TT công nợ Hoàn Truyền hd 263,56.082.600,Trang,CT HOÀN TRUYỀN,NCC,TCB CTY,,20251007-020,
07/10/2025,Chi,Chi phí nguyên vật liệu,"TT công nợ Tuyết Sương (hết hđ số 2, 1 phần công nợ t8)",83.700.000,Trang,NCC CHẢ CÁ - CHỊ TUYẾT SƯƠNG - PY,NCC,TCB CTY,,20251007-021,
07/10/2025,Chi,Chi phí nguyên vật liệu,TT công nợ Vẹm Dũng cr hđ 30,24.462.000,Trang,NCC VẸM - DŨNG  - CR,NCC,TCB CTY,,20251007-022,
07/10/2025,Chi,Chi phí nguyên vật liệu,"TT công nợ Trường Thảo T9,2025 hđ 654",39.296.250,Trang,CT TRƯỜNG THẢO - PY (TRƯỜNG),NCC,TCB CTY,,20251007-023,
07/10/2025,Chi,Chi phí nguyên vật liệu,TT công nợ Thiệu (unc nốt hđ 199 cho Viet Tuna Vy),115.000.000,Trang,NCC THIỆU - CHỊ TÂM ,NCC,TCB CTY,,20251007-024,
07/10/2025,Chi,Chi phí nguyên vật liệu,TT công nợ Son ninh hòa,10.330.000,Trang,NCC NHUM - SON - NINH HÒA,NCC,TCB CTY,,20251007-025,
07/10/2025,Chi,Chi phí nguyên vật liệu,TT công nợ Viet Organic (lần 2 hđ 272),52.111.525,Trang,CT VIỆT ORGANIC - TAM QUAN,NCC,TCB CTY,,20251007-026,
07/10/2025,Chi,Chi phí Sản xuất chung,Tiền mua băng keo bách lưới từ 22/8-7/10 hđ 90,6.588.000,Trang,Khác,Khác,TCB CTY,,20251007-027,
07/10/2025,Chi,Vận chuyển,thanh toan hoa don 2639 cho cty Phuong Nam,1.210.000,Trang,Khác,Khác,TCB CTY,,20251007-028,
07/10/2025,Thu,Doanh thu Bán hàng,CTY NGUYEN PHUONG TT công nợ TIEN HANG T9 2025,205.388.787,Trang,CT TNHH NGUYÊN PHƯƠNG,NPP,TCB CTY,,20251007-029,
07/10/2025,Thu,Chuyển nội bộ,Rút tiền tk công ty,60.000.000,Trang,Nội Bộ,Nội Bộ,Tiền mặt,,20251007-030,
07/10/2025,Chi,Chi phí nguyên vật liệu,TT công nợ anh Tới 5+6/10,20.639.000,Trang,NCC BT - ANH TỚI - PHÚ QUÝ,NCC,Tiền mặt,,20251007-031,
07/10/2025,Chi,Chi phí khác,Mua đồ cúng,248.000,Trang,Khác,Khác,Tiền mặt,,20251007-032,
07/10/2025,Thu,Doanh thu Bán hàng,Hải sản xanh thanh toán công nợ,3.654.000,Trang,CT TNHH XK & NK AN PHÚ (HSX 55 MỄ TRÌ),KL,Tiền mặt,,20251007-033,
07/10/2025,Chi,Chi phí nguyên vật liệu,TT công nợ chị Hoa,3.654.000,Trang,NCC CHỊ HOA - HÒN RỚ,NCC,Tiền mặt,,20251007-034,
07/10/2025,Thu,Doanh thu Bán hàng,Chị Thanh Thảo thanh toán công nợ,2.600.000,Trang,MS THANH THẢO- SG,KL,Tiền mặt,,20251007-035,
07/10/2025,Chi,Chi phí nguyên vật liệu,TT công nợ chị Hoa,2.600.000,Trang,NCC CHỊ HOA - HÒN RỚ,NCC,Tiền mặt,,20251007-036,
07/10/2025,Chi,Chi phí nguyên vật liệu,TT công nợ cô Thủy lấy 3 thùng nhum,33.840.000,Trang,HOÀNG THỊ THÚY - HÒN RỚ (CÔ THỦY),NCC,Tiền mặt,,20251007-037,
07/10/2025,Chi,Vận chuyển,Đổ xăng xe tải,800.000,Trang,Khác,Khác,Tiền mặt,,20251007-038,
07/10/2025,Chi,Chi phí khác,Thanh toán tiền thu gom rác 60 bao,600.000,Trang,Khác,Khác,Tiền mặt,,20251007-039,
07/10/2025,Chi,Vận chuyển,Gửi 5 thùng tài thắng cho Phương Hn (có 4 thùng ghép nối cao thêm),1.400.000,Trang,Khác,Khác,Tiền mặt,,20251007-040,
07/10/2025,Chi,Vận chuyển,Gửi 2 thùng cho Vạn Quang phú quốc,500.000,Trang,Khác,Khác,Tiền mặt,,20251007-041,
07/10/2025,Chi,Chi phí nguyên vật liệu,Nhận 3 thùng nhum nguyên con Bình Thuận,300.000,Trang,Khác,Khác,Tiền mặt,,20251007-042,
07/10/2025,Chi,Chi phí Sản xuất chung,Sửa 2 cân,250.000,Trang,Khác,Khác,Tiền mặt,,20251007-043,
07/10/2025,Chi,Vận chuyển,Gửi 6 thùng DPN + 1 thùng cho Phiphi sushi DN,650.000,Trang,Khác,Khác,Tiền mặt,,20251007-044,
07/10/2025,Chi,Vận chuyển,Gửi 1 thùng vạn quang vĩnh long,150.000,Trang,Khác,Khác,Tiền mặt,,20251007-045,
07/10/2025,Chi,Hoa hồng,"Hoa hồng anh Khanh Hadu T8,2025",1.200.000,Trang,Khác,Khác,Tiền mặt,,20251007-046,
07/10/2025,Chi,Hoa hồng,"Hoa hồng Bùi Văn Tuấn NT T9,2025",144.000,Trang,Khác,Khác,Tiền mặt,,20251007-047,
07/10/2025,Chi,Chi phí khác,"Tiền nước xưởng T9,2025",2.251.725,Trang,Khác,Khác,Tiền mặt,,20251007-048,
07/10/2025,Chi,Hoa hồng,"Hoa hồng nhà hàng NBQN T8,2025",1.150.000,Trang,Khác,Khác,Tiền mặt,,20251007-049,
07/10/2025,Chi,Hoa hồng,"Hoa hồng anh Hùng (khách cty Lyntime T8,2025",980.000,Trang,Khác,Khác,Tiền mặt,,20251007-050,
07/10/2025,Chi,Hoa hồng,"Chiết khấu doanh thu Đảo HS tháng 8,2025",500.000,Trang,Khác,Khác,Tiền mặt,,20251007-051,
07/10/2025,Thu,Doanh thu Bán hàng,Bách lưới nha trang thanh toán công nợ,300.000,Trang,Khác,Khác,Tiền mặt,,20251007-052,
07/10/2025,Chi,Chi phí Sản xuất chung,Mua 1 thùng nhựa xanh ở bách lưới,180.000,Trang,Khác,Khác,Tiền mặt,,20251007-053,
06/10/2025,Chi,Chuyển nội bộ,Rút tiền tk công ty,80.000.000,Trang,Nội Bộ,Nội Bộ,TCB CTY,,20251006-001,
06/10/2025,Thu,Doanh thu Bán hàng,sushi tiger thanh toan cong no SAKA NA thang 9 (anh Nam la thành thanh toán công nợ),7.492.272,Trang,"CT TNHH TISM & CO ( MR NAM- LA THÀNH,HN)",NH,TCB CTY,,20251006-002,
06/10/2025,Thu,Doanh thu Bán hàng,Madison alnd TT mua thuc pham cho outlet T08.25 (thanh toán công nợ),4.003.125,Trang,CT MADISON LAND HỒ TRÀM,NH,TCB CTY,,20251006-003,
06/10/2025,Chi,Chi phí nguyên vật liệu,Nhận 4 thùng nang Truyền vũng tàu gửi xe ngọc phát,560.000,Trang,Khác,Khác,Tiền mặt,,20251006-004,
06/10/2025,Chi,Chi phí nguyên vật liệu,Nhận 8 thùng nang HS Linh Linh gửi bx phía nam,1.680.000,Trang,Khác,Khác,Tiền mặt,,20251006-005,
06/10/2025,Chi,Chi phí khác,Mua đồ đơm,130.000,Trang,Khác,Khác,Tiền mặt,,20251006-006,
06/10/2025,Chi,Chi phí khác,Gửi hợp đồng cho Đông phương,15.000,Trang,Khác,Khác,Tiền mặt,,20251006-007,
06/10/2025,Thu,Chuyển nội bộ,Rút tiền tk công ty,80.000.000,Trang,Nội Bộ,Nội Bộ,Tiền mặt,,20251006-008,
06/10/2025,Chi,Chi phí nguyên vật liệu,Gửi tiền vào tk Phạm Thị Lợi để mua bạch tuộc + phí 22k (TT công nợ),40.022.000,Trang,NCC PHẠM THỊ LỢI - PHÚ QUÝ,NCC,Tiền mặt,,20251006-009,
06/10/2025,Chi,Vận chuyển,Xăng xe tải,300.000,Trang,Khác,Khác,Tiền mặt,,20251006-010,
06/10/2025,Chi,Chi phí nguyên vật liệu,Xe vào bến phía nam nhận nang,15.000,Trang,MS MAI TRINH- ĐÀ NẴNG,KL,Tiền mặt,,20251006-011,
06/10/2025,Chi,Lương thưởng,Lương T9 của Trần Mỹ Lệ,7.459.000,Trang,Khác,Khác,Tiền mặt,,20251006-012,
06/10/2025,Chi,Lương thưởng,Lương T9 của Phương (phần cá nhân),3.901.000,Trang,Khác,Khác,Tiền mặt,,20251006-013,
06/10/2025,Chi,Vận chuyển,Thanh toán phí vc kvhn cho Phương: 22-30/09/2025,2.395.000,Trang,Khác,Khác,Tiền mặt,,20251006-014,
06/10/2025,Chi,Lương thưởng,Lương + tiền chạy quảng cáo T9 của Trâm Anh sale,9.608.921,Trang,Khác,Khác,Tiền mặt,,20251006-015,
06/10/2025,Chi,Lương thưởng,Tiền cơ động tháng 9/2025,5.000.000,Trang,Khác,Khác,Tiền mặt,,20251006-016,
06/10/2025,Thu,Doanh thu khác,Thu tiền bán phế liệu,200.000,Trang,Khác,Khác,Tiền mặt,,20251006-017,
06/10/2025,KN,Doanh thu bán hàng,Giao hàng Râu bạch tuộc + Tuna Saku A,5.874.000,Trang,MR ĐỊNH- NHA TRANG,KL,TK KN,,20251006-018,
06/10/2025,KN,Doanh thu bán hàng,Giao hàng Bạch tuộc tako,9.544.500,Trang,CT TNHH GINKAKU ( MS THIÊN TRANG),NH,TK KN,,20251006-019,
06/10/2025,KN,Doanh thu bán hàng,Giao hàng Trứng Nhum AA 200g/khay + Tuna Saku A,9.090.000,Trang,CT TNHH TP NHẬT KOTO (MR KIÊN- HL),NPP,TK KN,,20251006-020,
06/10/2025,KN,Doanh thu bán hàng,Giao hàng Mực Nang sushi Sashimi (160g/ khay),1.102.500,Trang,"CT TNHH TISM & CO ( MR NAM- LA THÀNH,HN)",NH,TK KN,,20251006-021,
06/10/2025,KN,Doanh thu bán hàng,Giao hàng Trứng nhum tươi,1.732.500,Trang,CT MARUSEI - SG,NPP,TK KN,,20251006-022,
06/10/2025,KN,Doanh thu bán hàng,Giao hàng phí vận chuyển + Cá Cờ Kiếm Saku + Tuna Saku A,13.374.000,Trang,MS GIANG- CẦN THƠ,KL,TK KN,,20251006-023,
06/10/2025,KN,Doanh thu bán hàng,Giao hàng sụn xương cá kiếm,248.000,Trang,MR HOÀNG - NHA TRANG,KL,TK KN,,20251006-024,
06/10/2025,KN,Doanh thu bán hàng,Giao hàng Mực Nang sushi Sashimi (160g/ khay),1.050.000,Trang,"MR DUY - VĂN CAO, HN",KL,TK KN,,20251006-025,
06/10/2025,KN,Doanh thu bán hàng,Giao hàng phí vận chuyển + Chả cá,1.050.000,Trang,MR TRÌNH - SG,KL,TK KN,,20251006-026,
06/10/2025,KN,Doanh thu bán hàng,Giao hàng Tuna Saku A,1.950.000,Trang,MR ĐÔNG - PHÚ QUỐC,NH,TK KN,,20251006-027,
06/10/2025,KN,Doanh thu bán hàng,Giao hàng phí vận chuyển + Bạch tuộc tako + tuna saku,14.013.670,Trang,CT TNHH VẠN QUANG FOOD,NPP,TK KN,,20251006-028,
06/10/2025,KN,Doanh thu bán hàng,Giao hàng Hàu Nhật Hyogo đông lạnh nguyên vỏ size M (9-11 con/kg) + Cá Cờ Kiếm Saku + Tuna Saku A + Bạch tuộc LSNC 30-50 + Tôm Thẻ Lột + Ngao Bộp Tím nguyên con,2.032.000,Trang,NH UNI SUSHI,NH,TK KN,,20251006-029,
06/10/2025,KN,Doanh thu bán hàng,Giao hàng Tuna Saku A + Cá Cờ Kiếm Saku,5.422.725,Trang,CT TNHH SAKURA SUSHI,NH,TK KN,,20251006-030,
06/10/2025,KN,Doanh thu bán hàng,Giao hàng Râu bạch tuộc,1.800.000,Trang,"MS MINH TRANG- 81/2 HOÀNG DIỆU, NHA TRANG",KL,TK KN,,20251006-031,
06/10/2025,KN,Doanh thu bán hàng,Giao hàng Bạch tuộc tako,24.891.408,Trang,CT TNHH NGUYÊN PHƯƠNG,NPP,TK KN,,20251006-032,
06/10/2025,KN,Doanh thu bán hàng,Giao hàng Tako mix,2.600.000,Trang,MS THANH THẢO- SG,KL,TK KN,,20251006-033,
06/10/2025,KN,Doanh thu bán hàng,Giao hàng Chả cá,3.654.000,Trang,CT TNHH XK & NK AN PHÚ (HSX 55 MỄ TRÌ),KL,TK KN,,20251006-034,
06/10/2025,KN,Doanh thu bán hàng,Giao hàng Nhum nguyên con (đvt: con),3.382.500,Trang,CT TNHH MTV ĐẠT PHÚ NGUYÊN,NPP,TK KN,,20251006-035,
06/10/2025,Nợ NCC,Chi phí nguyên vật liệu,Nhập hàng Nhum nguyên liệu (đvt: con),3.003.000,Trang,NCC KIM DUNG - NINH HÒA,NCC,TK Nợ NCC,,20251006-036,
06/10/2025,Nợ NCC,Chi phí nguyên vật liệu,Nhập hàng Bạch tuộc tươi size 1up + Bạch tuộc tươi + Nhum hũ,10.330.500,Trang,NCC NHUM - SON - NINH HÒA,NCC,TK Nợ NCC,,20251006-037,
06/10/2025,Nợ NCC,Chi phí nguyên vật liệu,Nhập hàng Bạch tuộc tươi size 0.5-1kg + Bạch tuộc tươi size 1up + Bạch tuộc tươi,15.330.000,Trang,NCC NHUM - KIM LOAN - NINH THUẬN,NCC,TK Nợ NCC,,20251006-038,
06/10/2025,Nợ NCC,Chi phí nguyên vật liệu,Nhập hàng Bạch tuộc tươi size 1up + Bạch tuộc tươi (hàng đỏ) + Bạch tuộc tươi,7.206.800,Trang,NCC BT - ANH TỚI - PHÚ QUÝ,NCC,TK Nợ NCC,,20251006-039,
06/10/2025,Nợ NCC,Chi phí nguyên vật liệu,Nhập hàng Mực Nang 500-800,31.160.000,Trang,CT HOÀN TRUYỀN,NCC,TK Nợ NCC,,20251006-040,
06/10/2025,Nợ NCC,Chi phí nguyên vật liệu,Nhập hàng VAT + Mực Nang 500-800,73.637.475,Trang,CT HẢI SẢN LINH LINH,NCC,TK Nợ NCC,,20251006-041,
06/10/2025,Thu,Doanh thu Bán hàng,Mr Trình thanh toán công nợ bill 6/10,1.050.000,Trang,MR TRÌNH - SG,KL,Tiền mặt,,20251006-042,
06/10/2025,Chi,Chi phí nguyên vật liệu,TT công nợ bt chị Phạm Thị Lợi,1.050.000,Trang,NCC PHẠM THỊ LỢI - PHÚ QUÝ,NCC,Tiền mặt,,20251006-043,
06/10/2025,Thu,Doanh thu Bán hàng,Thiên Trang thanh toán công nợ,65.828.000,Trang,CT TNHH GINKAKU ( MS THIÊN TRANG),NH,Tiền mặt,,20251006-044,
06/10/2025,Chi,Chi phí nguyên vật liệu,TT công nợ chị Hoa hòn rớ,65.828.000,Trang,NCC CHỊ HOA - HÒN RỚ,NCC,Tiền mặt,,20251006-045,
06/10/2025,Chi,Chi phí nguyên vật liệu,TT công nợ chị Trang hòn xện,4.000.000,Trang,NCC CHỊ TRANG - HÒN XỆN,NCC,Tiền mặt,,20251006-046,
06/10/2025,Chi,Chi phí nguyên vật liệu,TT công nợ chị Phạm Thị Lợi,2.138.000,Trang,NCC PHẠM THỊ LỢI - PHÚ QUÝ,NCC,Tiền mặt,,20251006-047,
06/10/2025,Chi,Chi phí khác,Đưa cô Dư tiền đi chợ tuần tiếp theo,2.260.000,Trang,khác,Khác,Tiền mặt,,20251006-048,
06/10/2025,Chi,Chi phí khác,Đóng tiền internet kv HN tháng 9/2025,260.000,Trang,khác,Khác,Tiền mặt,,20251006-049,
06/10/2025,Chi,Chi phí nguyên vật liệu,Nhận 1 thùng nhum nguyên con chị Phúc gửi,120.000,Trang,khác,Khác,Tiền mặt,,20251006-050,
06/10/2025,Chi,Chi phí nguyên vật liệu,Nhận 4 thùng bt Phạm Thị Lợi gửi,600.000,Trang,khác,Khác,Tiền mặt,,20251006-051,
06/10/2025,Chi,Vận chuyển,Gửi 1 thùng sài gòn cho Lệ,100.000,Trang,khác,Khác,Tiền mặt,,20251006-052,
06/10/2025,Chi,Vận chuyển,Gửi 2 thùng DPN + VietArt,200.000,Trang,khác,Khác,Tiền mặt,,20251006-053,
06/10/2025,Chi,Vận chuyển,Gửi 1 thùng cho Vạn Quang Phú Quốc,250.000,Trang,khác,Khác,Tiền mặt,,20251006-054,
06/10/2025,Thu,Doanh thu Bán hàng,NH KYOBASHI IZAKAYA- SG thanh toán công nợ,1.552.000,Trang,NH KYOBASHI IZAKAYA- SG,NH,TK Dung,,20251006-055,
06/10/2025,Thu,Lương thưởng,Mr Hoàn ck trả lại tiền lương dư so với thực tế (unc),1.955.000,Trang,Mr. Hoàn,Ban Lãnh Đạo,TK Dung,,20251006-056,
06/10/2025,Thu,Doanh thu Bán hàng,sushi graden  TT công nợ,2.028.000,Trang,SS GARDEN NGUYỄN TRÃI,NH,Tk Ngợi,,20251006-057,
06/10/2025,Thu,Doanh thu Bán hàng,sushi graden nguyễn văn lộc TT công nợ,1.440.000,Trang,SS GARDEN- NGUYỄN VĂN LỘC,NH,Tk Ngợi,,20251006-058,
06/10/2025,Thu,Doanh thu Bán hàng,Mai trinh ck TT công nợ,2.210.000,Trang,MS MAI TRINH- ĐÀ NẴNG,KL,Tk Ngợi,,20251006-059,
06/10/2025,Thu,Doanh thu Bán hàng,Em tuân HN TT công nợ,456.750,Trang,MR TUÂN - HN,KL,Tk Ngợi,,20251006-060,
06/10/2025,Thu,Doanh thu Bán hàng,Anh Hùng Mai Hắc đế thanh toán bill  TT công nợ,2.457.000,Trang,MR HÙNG- MAI HẮC ĐẾ - HN,KL,Tk Ngợi,,20251006-061,
06/10/2025,Nợ NCC,Chi phí nguyên vật liệu,Nhập hàng Nhum nguyên con (đvt: con) + Sò Lông Nửa Mảnh,2.275.000,Trang,NCC NHUM ĐEN - NGUYỄN THỊ PHÚC,NCC,TK Nợ NCC,,20251006-062,
05/10/2025,Chi,Chi phí nguyên vật liệu,Nhận 13 thùng cá tươi bãi Vũ Mập,2.800.000,Trang,Khác,Khác,Tiền mặt,,20251005-001,
05/10/2025,Chi,Vận chuyển,Thanh toán tiền grab anh Trãi: giao 15 thùng Ocean Link việt nhật + 1 thùng A Toàn DN,820.000,Trang,Khác,Khác,Tiền mặt,,20251005-002,
05/10/2025,Chi,Chi phí Sản xuất chung,Mua 8 hộp găng tay y tế xưởng dùng,320.000,Trang,Khác,Khác,Tiền mặt,,20251005-003,
05/10/2025,Chi,Vận chuyển,Gửi 2 thùng xe tài thắng cho Phương HN,500.000,Trang,Khác,Khác,Tiền mặt,,20251005-004,
05/10/2025,Chi,Vận chuyển,Gửi 9 thùng cho DPN,900.000,Trang,Khác,Khác,Tiền mặt,,20251005-005,
05/10/2025,Chi,Chi phí nguyên vật liệu,Nhận 1 thùng bt a Tới phú quý gửi bãi Ông Tư (sáng),220.000,Trang,Khác,Khác,Tiền mặt,,20251005-006,
05/10/2025,Chi,Chi phí nguyên vật liệu,Xe ba gác chở bt Bé Tân đến xưởng,100.000,Trang,Khác,Khác,Tiền mặt,,20251005-007,
05/10/2025,Chi,Vận chuyển,Gửi 2 thùng cho Vạn Quang phú quốc,500.000,Trang,Khác,Khác,Tiền mặt,,20251005-008,
05/10/2025,Chi,Chi phí khác,Tiền ăn trưa 5 người làm chủ nhật,150.000,Trang,Khác,Khác,Tiền mặt,,20251005-009,
05/10/2025,Chi,Vận chuyển,Gửi 1 thùng cho chị Giang cần thơ,150.000,Trang,Khác,Khác,Tiền mặt,,20251005-010,
05/10/2025,Chi,Chi phí nguyên vật liệu,Nhận 1 thùng bt a Tới phú quý gửi (nhận tối),150.000,Trang,Khác,Khác,Tiền mặt,,20251005-011,
05/10/2025,Chi,Vận chuyển,Thanh toán phí ship kvsg 22-30/09/2025,1.601.000,Trang,Khác,Khác,TK Lệ,,20251005-012,
05/10/2025,Chi,Chi phí khác,Thu phí home banking,110.000,Trang,Techcombank,Ngân hàng,TCB CTY,,20251005-013,
05/10/2025,Thu,Doanh thu Bán hàng,DPN thanh toán công nợ tháng 9,492.471.900,Trang,CT TNHH MTV ĐẠT PHÚ NGUYÊN,NPP,TCB CTY,,20251005-014,
05/10/2025,Chi,Chi phí khác,UNC tiền thuê trại nuôi (tính vào tiền cổ phần của Eco vào dự án nuôi nhum) - 1 năm,12.000.000,Trang,Khác,Khác,TCB CTY,,20251005-015,
05/10/2025,Chi,Chi phí khác,UNC tiền mua lại cơ sở vật chất ở trại (tính vào tiền cổ phần của Eco vào dự án nuôi nhum) - 1 năm,75.000.000,Trang,Khác,Khác,TCB CTY,,20251005-016,
05/10/2025,Chi,Chi phí nguyên vật liệu,thanh toan HD 478 cho CTY HS Linh Linh TT công nợ,78.108.975,Trang,CT HẢI SẢN LINH LINH,NCC,TCB CTY,,20251005-017,
05/10/2025,KN,Doanh thu bán hàng,Giao hàng Bạch tuộc tako,13.891.500,Trang,CT TNHH GINKAKU ( MS THIÊN TRANG),NH,TK KN,,20251005-018,
05/10/2025,KN,Doanh thu bán hàng,Giao hàng tuna saku + Nhum nguyên con (đvt: con) + Kiếm steak + Mực Nang 500-800 + Mực nang lớn + Trứng nhum AB 200g/khay + chả cá hấp + Chả cá,47.553.700,Trang,CT TNHH MTV ĐẠT PHÚ NGUYÊN,NPP,TK KN,,20251005-019,
05/10/2025,Nợ NCC,Chi phí nguyên vật liệu,Nhập hàng chả cá hấp,11.160.000,Trang,NCC CHẢ CÁ - TRÍ - PY,NCC,TK Nợ NCC,,20251005-020,
05/10/2025,Nợ NCC,Chi phí nguyên vật liệu,Nhập hàng Bạch tuộc tươi + Nhum nguyên liệu (đvt: con),11.352.000,Trang,NCC KIM DUNG - NINH HÒA,NCC,TK Nợ NCC,,20251005-021,
05/10/2025,Nợ NCC,Chi phí nguyên vật liệu,Nhập hàng Bạch tuộc tươi (hàng đỏ) + Bạch tuộc tươi,13.243.000,Trang,NCC BÉ TÂN - VĨNH LƯƠNG,NCC,TK Nợ NCC,,20251005-022,
05/10/2025,Nợ NCC,Chi phí nguyên vật liệu,Nhập hàng Bạch tuộc tươi size 1.5-2kg + Bạch tuộc tươi (hàng đỏ) + Bạch tuộc tươi size 1up + Bạch tuộc tươi,13.432.400,Trang,NCC BT - ANH TỚI - PHÚ QUÝ,NCC,TK Nợ NCC,,20251005-023,
05/10/2025,Nợ NCC,Chi phí nguyên vật liệu,Nhập hàng Tuna loin tươi,36.102.000,Trang,NCC VÕ THỊ Ý - TAM QUAN,NCC,TK Nợ NCC,,20251005-024,
05/10/2025,Nợ NCC,Chi phí nguyên vật liệu,Nhập hàng Kiếm Nguyên Con + Tuna loin tươi,71.715.100,Trang,CT DƯƠNG TUẤN PHÁT - TAM QUAN (THÚY),NCC,TK Nợ NCC,,20251005-025,
04/10/2025,Chi,Chi phí Sản xuất chung,Mua 15 bao đá bi,345.000,Trang,Khác,Khác,Tiền mặt,,20251004-001,
04/10/2025,Nợ NCC,Chi phí nguyên vật liệu,Nhập hàng Cá Hồng Biển + Cá Tai + Phí Vận Chuyển,2.783.000,Trang,NCC CÁ TƯƠI - CHỊ XUÂN PHƯƠNG - QN,NCC,TK Nợ NCC,,20251004-002,
04/10/2025,Nợ NCC,Chi phí nguyên vật liệu,Nhập hàng Bạch tuộc tươi,52.080.000,Trang,NCC CHỊ TRANG - HÒN XỆN,NCC,TK Nợ NCC,,20251004-003,
04/10/2025,Nợ NCC,Chi phí nguyên vật liệu,Nhập hàng Tuna loin tươi,37.422.000,Trang,NCC VÕ THỊ Ý - TAM QUAN,NCC,TK Nợ NCC,,20251004-004,
04/10/2025,Nợ NCC,Chi phí nguyên vật liệu,Nhập hàng Tuna loin tươi,43.758.000,Trang,CT DƯƠNG TUẤN PHÁT - TAM QUAN (THÚY),NCC,TK Nợ NCC,,20251004-005,
04/10/2025,Nợ NCC,Chi phí nguyên vật liệu,Nhập hàng Tuna loin tươi,35.772.000,Trang,CT VIỆT ORGANIC - TAM QUAN,NCC,TK Nợ NCC,,20251004-006,
04/10/2025,Chi,Lương thưởng,Lương T09 của Hoàn,10.925.000,Trang,Khác,Khác,TCB CTY,,20251004-007,
04/10/2025,Chi,Lương thưởng,Lương T09 của Sơn,10.201.250,Trang,Khác,Khác,TCB CTY,,20251004-008,
04/10/2025,Chi,Lương thưởng,Lương T09 của Sa,10.201.250,Trang,Khác,Khác,TCB CTY,,20251004-009,
04/10/2025,Chi,Lương thưởng,Lương T09 của Trang,10.201.250,Trang,Khác,Khác,TCB CTY,,20251004-010,
04/10/2025,Chi,Lương thưởng,Lương T09 của Mỹ Hiền,10.201.250,Trang,Khác,Khác,TCB CTY,,20251004-011,
04/10/2025,Chi,Lương thưởng,Lương T09 của Ngợi,10.201.250,Trang,Khác,Khác,TCB CTY,,20251004-012,
04/10/2025,Chi,Lương thưởng,Lương T09 của Phương,9.701.250,Trang,Khác,Khác,TCB CTY,,20251004-013,
04/10/2025,Chi,Lương thưởng,Lương T09 của Trung,9.701.250,Trang,Khác,Khác,TCB CTY,,20251004-014,
04/10/2025,Chi,Lương thưởng,Lương T09 của Vương,9.701.250,Trang,Khác,Khác,TCB CTY,,20251004-015,
04/10/2025,Chi,Lương thưởng,Lương T9 Trung (phần cá nhân),740.000,Trang,Khác,Khác,Tiền mặt,,20251004-016,
04/10/2025,Chi,Lương thưởng,Lương T9 Duyên,8.150.000,Trang,Khác,Khác,Tiền mặt,,20251004-017,
04/10/2025,Chi,Lương thưởng,Lương T9 Ly,7.669.000,Trang,Khác,Khác,Tiền mặt,,20251004-018,
04/10/2025,Chi,Lương thưởng,Lương T9 Lý,6.508.000,Trang,Khác,Khác,Tiền mặt,,20251004-019,
04/10/2025,Chi,Lương thưởng,Lương T9 Vương (phần cá nhân),679.000,Trang,Khác,Khác,Tiền mặt,,20251004-020,
04/10/2025,Chi,Lương thưởng,Lương T9 Khang,7.000.000,Trang,Khác,Khác,Tiền mặt,,20251004-021,
04/10/2025,Chi,Lương thưởng,Lương T9 Thiện Chí,7.920.000,Trang,Khác,Khác,Tiền mặt,,20251004-022,
04/10/2025,Chi,Lương thưởng,Lương T9 Dư,6.625.000,Trang,Khác,Khác,Tiền mặt,,20251004-023,
04/10/2025,Chi,Lương thưởng,Lương T9 Thảo,6.044.000,Trang,Khác,Khác,Tiền mặt,,20251004-024,
04/10/2025,Chi,Lương thưởng,Lương T9 Phượng,5.881.000,Trang,Khác,Khác,Tiền mặt,,20251004-025,
04/10/2025,Chi,Lương thưởng,Lương T9 Hiền,5.153.000,Trang,Khác,Khác,Tiền mặt,,20251004-026,
04/10/2025,Chi,Lương thưởng,Lương T9 Nở,5.642.000,Trang,Khác,Khác,Tiền mặt,,20251004-027,
04/10/2025,Chi,Lương thưởng,Lương T9 Luyến,5.736.000,Trang,Khác,Khác,Tiền mặt,,20251004-028,
04/10/2025,Chi,Lương thưởng,Lương T9 Thủy,3.460.000,Trang,Khác,Khác,Tiền mặt,,20251004-029,
04/10/2025,Chi,Lương thưởng,Lương T9 Thy,5.529.000,Trang,Khác,Khác,Tiền mặt,,20251004-030,
04/10/2025,Chi,Lương thưởng,Lương T9 Bình,4.888.000,Trang,Khác,Khác,Tiền mặt,,20251004-031,
04/10/2025,Chi,Lương thưởng,Lương T9 Hồng,3.259.000,Trang,Khác,Khác,Tiền mặt,,20251004-032,
04/10/2025,Chi,Lương thưởng,Lương T9 Tuấn,7.098.000,Trang,Khác,Khác,Tiền mặt,,20251004-033,
04/10/2025,Chi,Lương thưởng,Lương T9 Sơn (phần cá nhân),4.073.000,Trang,Khác,Khác,Tiền mặt,,20251004-034,
04/10/2025,Chi,Lương thưởng,Lương T9 Sa (phần cá nhân),2.472.000,Trang,Khác,Khác,Tiền mặt,,20251004-035,
04/10/2025,Thu,Lương thưởng,Mỹ Hiền ck lại phần dư lương ck so với thực tế,1.201.000,Trang,Khác,Khác,Tiền mặt,,20251004-036,
04/10/2025,Thu,Lương thưởng,Trang thanh toán lại phần dư lương ck so với thực tế,2.285.000,Trang,Khác,Khác,Tiền mặt,,20251004-037,
04/10/2025,Thu,Doanh thu Bán hàng,Ri sushi thanh toán nốt công nợ,5.000.000,Trang,MR RI SISHI (MR PHÚC SUSHI),NH,TK Dung,,20251004-038,
04/10/2025,Chi,Chi phí nguyên vật liệu,TT công nợ bt chị Trang hòn xện,15.000.000,Trang,NCC CHỊ TRANG - HÒN XỆN,NCC,TK Dung,,20251004-039,
04/10/2025,Chi,Chi phí nguyên vật liệu,TT công nợ bt chị Trang hòn xện,8.000.000,Trang,NCC CHỊ TRANG - HÒN XỆN,NCC,TK Linh,,20251004-040,
04/10/2025,Chi,Chi phí nguyên vật liệu,TT công nợ bt chị Trang hòn xện,25.080.000,Trang,NCC CHỊ TRANG - HÒN XỆN,NCC,Tk Ni,,20251004-041,
04/10/2025,Thu,Doanh thu Bán hàng,Trần thanh hoàn thanh toán công nợ,5.663.000,Trang,MR TRẦN THANH HOÀN- ĐÀ NẴNG,KL,Tk Ni,,20251004-042,
04/10/2025,Thu,Lương thưởng,Ngợi thanh toán lại khoản lương ck dư so với lương thực tế,404.000,Trang,Khác,Khác,Tk Ngợi,,20251004-043,
04/10/2025,KN,Doanh thu bán hàng,Giao hàng Tuna Saku A,2.047.500,Trang,CT TNHH ĐT NGỌC THỊNH PHÁT (MR TÌNH),NH,TK KN,,20251004-044,
04/10/2025,KN,Doanh thu bán hàng,Giao hàng Ngao Bộp Tím nguyên con + Râu bạch tuộc + Tuna Saku A + Bạch tuộc LSNC 30-50 + Bánh Takoyaki,1.810.000,Trang,NH UNI SUSHI,NH,TK KN,,20251004-045,
04/10/2025,KN,Doanh thu bán hàng,Giao hàng Cá Cờ Kiếm Saku + tuna saku,5.679.975,Trang,CT CP QL KS VÀ KND LYNN TIMES (MR ĐINH ĐỒNG),NH,TK KN,,20251004-046,
04/10/2025,KN,Doanh thu bán hàng,Giao hàng Trứng Nhum AA 200g/khay,1.080.000,Trang,MR LEE MINH HEO - HN,KL,TK KN,,20251004-047,
04/10/2025,Thu,Doanh thu Bán hàng,Anh Lee Heo thanh toán công nợ bill 04/10,1.080.000,Trang,MR LEE MINH HEO - HN,KL,Tk Ngợi,,20251004-048,
04/10/2025,KN,Doanh thu bán hàng,Giao hàng Cá Tai,2.838.000,Trang,MR VÕ CẢNH-HCM,NH,TK KN,,20251004-049,
04/10/2025,KN,Doanh thu bán hàng,Giao hàng Cá Hồng Biển,1.552.000,Trang,NH KYOBASHI IZAKAYA- SG,NH,TK KN,,20251004-050,
04/10/2025,KN,Doanh thu bán hàng,Giao hàng Cá Cờ Kiếm Saku + Phí Vận Chuyển,475.600,Trang,NH SUSHI MINH - SG,NH,TK KN,,20251004-051,
04/10/2025,KN,Doanh thu bán hàng,Giao hàng Cá Cờ Kiếm Saku + Bạch tuộc tako + Tuna Saku A + Nang roll,2.627.100,Trang,CT TNHH NH NAM SAN F&B (SUSHI NOWZOON),NH,TK KN,,20251004-052,
04/10/2025,KN,Doanh thu bán hàng,Giao hàng Bạch tuộc tako + Bạch tuộc tako + Phí Vận Chuyển + tuna saku,14.857.500,Trang,NH BABABA-PHÚ QUỐC,NH,TK KN,,20251004-053,
04/10/2025,Chi,Chi phí nguyên vật liệu,Nhận 9 thùng cá tươi bãi Vũ Mập,1.950.000,Trang,Khác,Khác,Tiền mặt,,20251004-054,
04/10/2025,Chi,Vận chuyển,Gửi 1 thùng cho Baba PQ,250.000,Trang,Khác,Khác,Tiền mặt,,20251004-055,
04/10/2025,Nợ NCC,Chi phí nguyên vật liệu,Nhập hàng Bạch tuộc tươi,2.092.500,Trang,NCC CHỊ NGÂN - HÒN XỆN,NCC,TK Nợ NCC,,20251004-056,
03/10/2025,KN,Doanh thu bán hàng,Giao hàng Râu bạch tuộc + Bạch tuộc tako,5.816.124,Trang,CT TNHH NGUYÊN PHƯƠNG,NPP,TK KN,,20251003-001,
03/10/2025,KN,Doanh thu bán hàng,Giao hàng Nhum vụn + Cá Hồng Biển,1.602.000,Trang,CT CP DV TM HADU,NH,TK KN,,20251003-002,
03/10/2025,KN,Doanh thu bán hàng,Giao hàng sụn xương cá kiếm,700.000,Trang,CT TNHH SX-TM THIÊN ÂN PHÁT (MR ĐỖ XUÂN-NT),KL,TK KN,,20251003-003,
03/10/2025,Nợ NCC,Chi phí nguyên vật liệu,Nhập hàng Bạch tuộc tươi + Bạch tuộc tươi (hàng đỏ) + Bạch tuộc tươi size 1up,4.457.200,Trang,NCC BT - ANH TỚI - PHÚ QUÝ,NCC,TK Nợ NCC,,20251003-004,
03/10/2025,KN,Doanh thu bán hàng,Giao hàng Rẻo cá cờ kiếm + Bạch tuộc tako,8.577.000,Trang,MR TRƯỜNG SSM - PY,KL,TK KN,,20251003-005,
03/10/2025,KN,Doanh thu bán hàng,Giao hàng Bạch Tuộc Tako nhỏ + Phí Vận Chuyển,2.186.000,Trang,MS MAI TRINH- ĐÀ NẴNG,KL,TK KN,,20251003-006,
03/10/2025,KN,Doanh thu bán hàng,Giao hàng Bạch tuộc tako,15.407.000,Trang,CT GREENGOOD,NPP,TK KN,,20251003-007,
03/10/2025,KN,Doanh thu bán hàng,Giao hàng Mực Nang 500-800 + Tuna loin 3-5 + Bạch tuộc tako,28.274.100,Trang,CT TNHH MTV ĐẠT PHÚ NGUYÊN,NPP,TK KN,,20251003-008,
03/10/2025,KN,Doanh thu bán hàng,Giao hàng Trứng nhum AB 200g/khay + Trứng nhum AB 200g/khay,244.500.000,Trang,CT TNHH OCEAN LINK VIỆT NHẬT,NPP,TK KN,,20251003-009,
03/10/2025,Nợ NCC,Chi phí nguyên vật liệu,Nhập hàng Bạch tuộc tươi,10.766.000,Trang,NCC CHỊ HỒNG CHÂU - HÒN RỚ,NCC,TK Nợ NCC,,20251003-010,
03/10/2025,Nợ NCC,Chi phí nguyên vật liệu,Nhập hàng Nhum nguyên con (đvt: con),1.800.000,Trang,NCC NHUM ĐEN - NGUYỄN THỊ PHÚC,NCC,TK Nợ NCC,,20251003-011,
03/10/2025,Nợ NCC,Chi phí nguyên vật liệu,Nhập hàng Trứng nhum AB 200g/khay + Trứng nhum AB 200g/khay,34.120.000,Trang,NCC NHUM - KIM LOAN - NINH THUẬN,NCC,TK Nợ NCC,,20251003-012,
03/10/2025,Nợ NCC,Chi phí nguyên vật liệu,Nhập hàng Trứng nhum AB 200g/khay + Trứng nhum AB 200g/khay,22.999.200,Trang,NCC NHUM - ĐỖ THỊ ÁNH - PHÚ QUÝ,NCC,TK Nợ NCC,,20251003-013,
03/10/2025,Nợ NCC,Chi phí nguyên vật liệu,Nhập hàng Bạch tuộc tươi + Bạch tuộc tươi (hàng đỏ),43.459.500,Trang,NCC CHỊ HOA - HÒN RỚ,NCC,TK Nợ NCC,,20251003-014,
03/10/2025,Chi,Chuyển nội bộ,Rút tiền tk công ty,140.000.000,Trang,Nội Bộ,Nội Bộ,TCB CTY,,20251003-015,
03/10/2025,Thu,Chuyển nội bộ,Rút tiền tk công ty,140.000.000,Trang,Nội Bộ,Nội Bộ,Tiền mặt,,20251003-016,
03/10/2025,Chi,Chi phí nguyên vật liệu,TT công nợ Gửi tiền vào tk Ngọc Anh mua nhum + phí 22k,23.020.000,Trang,NCC NHUM - ĐỖ THỊ ÁNH - PHÚ QUÝ,NCC,Tiền mặt,,20251003-017,
03/10/2025,Chi,Chi phí nguyên vật liệu,TT công nợ Gửi tiền vào tk Kim Loan mua nhum + phí 22k,34.142.000,Trang,NCC NHUM - KIM LOAN - NINH THUẬN,NCC,Tiền mặt,,20251003-018,
03/10/2025,Chi,Vận chuyển,Gửi 1 thùng xe tài thắng cho Phương HN,250.000,Trang,Khác,Khác,Tiền mặt,,20251003-019,
03/10/2025,Thu,Doanh thu Bán hàng,Thiệu thanh toán công nợ,390.000,Trang,MR THIỆU - NHA TRANG (CÁ NHÂN),KL,TK Dung,,20251003-020,
03/10/2025,Thu,Doanh thu Bán hàng,Mr Đại thanh toán công nợ,375.000,Trang,MR ĐẠI- NHA TRANG,KL,Tk Ni,,20251003-021,
03/10/2025,Chi,Chi phí nguyên vật liệu,TT công nợ Thanh toán bt a Tới,14.246.800,Trang,NCC BT - ANH TỚI - PHÚ QUÝ,NCC,Tk Ni,,20251003-022,
03/10/2025,Chi,Chi phí Sản xuất chung,Mua 15 bao đá bi,345.000,Trang,Khác,Khác,Tiền mặt,,20251003-023,
03/10/2025,Chi,Chi phí nguyên vật liệu,Nhận 5 thùng nhum Lý Sơn,350.000,Trang,Khác,Khác,Tiền mặt,,20251003-024,
03/10/2025,Chi,Vận chuyển,Xăng xe máy,50.000,Trang,Khác,Khác,Tiền mặt,,20251003-025,
03/10/2025,Chi,Vận chuyển,"Gửi 19 thùng cho DPN, Ocean Link, Mai Trinh ĐN",1.850.000,Trang,Khác,Khác,Tiền mặt,,20251003-026,
03/10/2025,thu,Doanh thu Bán hàng,Liên Việt Japan ( URCHIN) thanh toán công nợ,15.025.500,Trang,CT LIÊN VIỆT,KL,TCB CTY,,20251003-027,
03/10/2025,Chi,Chi phí nguyên vật liệu,TT công nợ tien mua hang cho Nguyen Thi Hong Son,12.651.000,Trang,NCC NHUM - SON - NINH HÒA,NCC,TCB CTY,,20251003-028,
03/10/2025,Chi,Chi phí nguyên vật liệu,thanh toan hoa don 54 cho Vo Thi Y TT công nợ,62.384.000,Trang,NCC VÕ THỊ Ý - TAM QUAN,NCC,TCB CTY,,20251003-029,
03/10/2025,thu,Doanh thu Bán hàng,VO GIA thanh toán công nợ HD 971 CHO CTY ECO,8.370.000,Trang,CT TNHH TM THỰC PHẨM VÕ GIA (MR THỐNG),NH,TCB CTY,,20251003-030,
03/10/2025,thu,Doanh thu Bán hàng,NTP TT CA NGU 2 909 (anh Tình thanh toán công nợ),2.047.500,Trang,CT TNHH ĐT NGỌC THỊNH PHÁT (MR TÌNH),NH,TCB CTY,,20251003-031,
03/10/2025,thu,Doanh thu Bán hàng,NTP TT CA NGU 2 909 (anh Tình thanh toán công nợ),2.047.500,Trang,CT TNHH ĐT NGỌC THỊNH PHÁT (MR TÌNH),NH,TCB CTY,,20251003-032,
03/10/2025,thu,Doanh thu Bán hàng,Chị Giang cần thơ thanh toán công nợ,19.823.000,Trang,MS GIANG- CẦN THƠ,KL,Tiền mặt,,20251003-033,
03/10/2025,Chi,Chi phí nguyên vật liệu,TT công nợ chị Hoa hòn rớ,19.823.000,Trang,NCC CHỊ HOA - HÒN RỚ,NCC,Tiền mặt,,20251003-034,
03/10/2025,thu,Doanh thu Bán hàng,Tako ika thanh toán công nợ,4.375.000,Trang,NH TAKO IKA- SG,NH,TK Bé Tân,,20251003-035,
03/10/2025,Chi,Chi phí nguyên vật liệu,TT công nợ bé tân,4.375.000,Trang,NCC BÉ TÂN - VĨNH LƯƠNG,NCC,TK Bé Tân,,20251003-036,
03/10/2025,thu,Doanh thu Bán hàng,Võ Gia anh Thống tt công nợ phần ck cá nhân,7.781.000,Trang,CT TNHH TM THỰC PHẨM VÕ GIA (MR THỐNG),NH,TK Bé Tân,,20251003-037,
03/10/2025,Chi,Chi phí nguyên vật liệu,TT công nợ bé tân,7.781.000,Trang,NCC BÉ TÂN - VĨNH LƯƠNG,NCC,TK Bé Tân,,20251003-038,
03/10/2025,Chi,Chi phí nguyên vật liệu,TT công nợ Nguyễn thị phúc,1.800.000,Trang,NCC NHUM ĐEN - NGUYỄN THỊ PHÚC,NCC,Tiền mặt,,20251003-039,
03/10/2025,Chi,Chi phí nguyên vật liệu,TT công nợ chị Gái vĩnh trường là hết nợ,27.475.000,Trang,NCC CHỊ GÁI - VĨNH TRƯỜNG,NCC,Tk Ni,,20251003-040,
02/10/2025,KN,Doanh thu bán hàng,Giao hàng Trứng Nhum AA 200g/khay,3.600.000,Trang,CT CP DV TM HADU,NH,TK KN,,20251002-001,
02/10/2025,KN,Doanh thu bán hàng,Giao hàng Bạch tuộc tako,8.544.000,Trang,MR LƯỢNG - BẮC NINH,NH,TK KN,,20251002-002,
02/10/2025,KN,Doanh thu bán hàng,Giao hàng Hàu Nhật Hyogo đông lạnh nguyên vỏ size M (9-11 con/kg) + Bạch tuộc LSNC 30-50 + Cá Cờ Kiếm Saku,766.000,Trang,NH Uni Sushi,NH,TK KN,,20251002-003,
02/10/2025,KN,Doanh thu bán hàng,Giao hàng Bạch tuộc tako + Bạch tuộc tako,16.342.560,Trang,CT TNHH NGUYÊN PHƯƠNG,NPP,TK KN,,20251002-004,
02/10/2025,KN,Doanh thu bán hàng,Giao hàng Bạch tuộc tươi,4.963.875,Trang,CT TNHH MTV TM DV HH TP PHÚ QUỐC (ANH THỰC-PQ),NPP,TK KN,,20251002-005,
02/10/2025,KN,Doanh thu bán hàng,Giao hàng Bạch tuộc tươi,18.819.000,Trang,CT TNHH ĐT TS PHÚ THỊNH,NPP,TK KN,,20251002-006,
02/10/2025,KN,Doanh thu bán hàng,Giao hàng Tako mix,2.600.000,Trang,MS LÌ - SÀI GÒN,KL,TK KN,,20251002-007,
02/10/2025,KN,Doanh thu bán hàng,Giao hàng Tuna Saku A + Phí Vận Chuyển,7.300.000,Trang,MS GIANG- CẦN THƠ,KL,TK KN,,20251002-008,
02/10/2025,KN,Doanh thu bán hàng,Giao hàng Mực Nang Lớn + Chả cá,33.601.000,Trang,CT TNHH MTV ĐẠT PHÚ NGUYÊN,NPP,TK KN,,20251002-009,
02/10/2025,Chi,Chuyển nội bộ,Rút tiền tk công ty,60.000.000,Trang,Nội Bộ,Nội Bộ,TCB CTY,,20251002-010,
02/10/2025,Chi,Chi phí Sản xuất chung,Cong ty co phan thuc pham eco organic nha trang PQ09000856784 thanh toan tien dien ky thang 09.2025,23.520.890,Trang,Khác,Khác,TCB CTY,,20251002-011,
02/10/2025,Chi,Chi phí Sản xuất chung,Cong ty co phan thuc pham eco organic nha trang PQ09000853144 thanh toan tien dien ky thang  09.2025,21.776.196,Trang,Khác,Khác,TCB CTY,,20251002-012,
02/10/2025,Chi,Chi phí Sản xuất chung,Cty CP TP ECO ORGANIC NT KHA-01-0037650 THANH TOAN CUOC PHI internet va dt ban THANG 09.2025,202.000,Trang,Khác,Khác,TCB CTY,,20251002-013,
02/10/2025,Chi,Lương thưởng,cong ty co phan thuc pham eco organic nha trang TZ1158Z nop tien bhxh thang 09.2025,13.760.000,Trang,Khác,Khác,TCB CTY,,20251002-014,
02/10/2025,Chi,Chi phí nguyên vật liệu,TT công nợ hoa don 29 cho Tran Thi Dung,22.515.000,Trang,NCC VẸM - DŨNG  - CR,NCC,TCB CTY,,20251002-015,
02/10/2025,Chi,Chi phí nguyên vật liệu,TT công nợ thanh toan tien mua hang cho Nguyen Thi Kim Dung,50.871.000,Trang,NCC KIM DUNG - NINH HÒA,NCC,TCB CTY,,20251002-016,
02/10/2025,Thu,Chuyển nội bộ,Rút tiền tk công ty,60.000.000,Trang,Nội Bộ,Nội Bộ,Tiền mặt,,20251002-017,
02/10/2025,Chi,Chi phí nguyên vật liệu,TT công nợ Mua 3 thùng nhum cô Thủy: 940k*3*12,33.840.000,Trang,HOÀNG THỊ THÚY - HÒN RỚ (CÔ THỦY),NCC,Tiền mặt,,20251002-018,
02/10/2025,Chi,Chi phí nguyên vật liệu,Nhận 1 thùng nhum + 1 thùng bt của Nguyễn Thị Thu phan thiết ngày 1/10,200.000,Trang,NCC NGUYỄN THỊ THU - PHÚ QUÝ,NCC,Tiền mặt,,20251002-019,
02/10/2025,Chi,Vận chuyển,Gửi 1 thùng xe tài thắng cho Phương HN,250.000,Trang,Khác,Khác,Tiền mặt,,20251002-020,
02/10/2025,Chi,Chi phí nguyên vật liệu,Gửi 1 thùng khay nhum cho Sen Ninh Hòa,20.000,Trang,Khác,Khác,Tiền mặt,,20251002-021,
02/10/2025,Chi,Chi phí nguyên vật liệu,Nhận 1 thùng bt a Tới phú quý gửi nhận chiều 3/10,100.000,Trang,Khác,Khác,Tiền mặt,,20251002-022,
02/10/2025,Chi,Chi phí nguyên vật liệu,Nhận 1 thùng nhum đen nguyên con xe Kim Đô,120.000,Trang,Khác,Khác,Tiền mặt,,20251002-023,
02/10/2025,Chi,Vận chuyển,Gửi 5 thùng DPN,500.000,Trang,Khác,Khác,Tiền mặt,,20251002-024,
02/10/2025,Chi,Vận chuyển,Gửi 1 thùng c Giang cần thơ,100.000,Trang,Khác,Khác,Tiền mặt,,20251002-025,
02/10/2025,Chi,Chi phí nguyên vật liệu,Thanh toán tiền cước xe lạnh nhận vẹm đen tại Lê Công sài gòn chuyển về xưởng,1.400.000,Trang,Khác,Khác,Tiền mặt,,20251002-026,
02/10/2025,Chi,Chi phí Sản xuất chung,Mua 28 hộp bánh trung thu cho xưởng,4.200.028,Trang,Khác,Khác,TK Dung,,20251002-027,
02/10/2025,Chi,Chi phí nguyên vật liệu,TT công nợ Thanh toán tiền nhum đen cho Bùi Thị Quanh: 400 con *4k,1.600.000,Trang,NCC NHUM ĐEN - QUANH BÙI,NCC,Tk Ngợi,,20251002-028,
02/10/2025,Chi,Tạm ứng,Tạm ứng cho MR Hoàn,5.000.000,Trang,Mr. Hoàn,Ban Lãnh Đạo,Tiền mặt,,20251002-029,
02/10/2025,Nợ NCC,Chi phí nguyên vật liệu,Nhập hàng Kiếm steak,10.200.000,Trang,CT TRƯỜNG THẢO - PY (TRƯỜNG),NCC,TK Nợ NCC,,20251002-030,
02/10/2025,Thu,Doanh thu Bán hàng,Uni thanh toán công nợ,967.000,Trang,NH UNI SUSHI,NH,TK Dung,,20251002-031,
02/10/2025,Nợ NCC,Chi phí nguyên vật liệu,Nhập hàng Bạch tuộc tươi + Bạch tuộc tươi (hàng đỏ) + Bạch tuộc tươi size 1up + Bạch tuộc tươi size 0.5-1kg,9.789.600,Trang,NCC BT - ANH TỚI - PHÚ QUÝ,NCC,TK Nợ NCC,,20251002-032,
02/10/2025,Nợ NCC,Chi phí nguyên vật liệu,Nhập hàng Nhum hũ + Bạch tuộc tươi + Bạch tuộc tươi (hàng đỏ) + Bạch tuộc tươi size 1up,12.651.000,Trang,NCC NHUM - SON - NINH HÒA,NCC,TK Nợ NCC,,20251002-033,
02/10/2025,Nợ NCC,Chi phí nguyên vật liệu,Nhập hàng Nhum nguyên liệu (đvt: con) + Bạch tuộc tươi,20.850.000,Trang,NCC KIM DUNG - NINH HÒA,NCC,TK Nợ NCC,,20251002-034,
02/10/2025,Nợ NCC,Chi phí nguyên vật liệu,Nhập hàng Trứng Nhum AA 200g/khay,33.840.000,Trang,HOÀNG THỊ THÚY - HÒN RỚ (CÔ THỦY),NCC,TK Nợ NCC,,20251002-035,
01/10/2025,Thu,Doanh thu khác,Tra lai so du tren tai khoan - thang 09/2025,104.602,Trang,Techcombank,Ngân hàng,TCB CTY,,20251001-001,
01/10/2025,Thu,Doanh thu Bán hàng,CTY GREENGOO THANH TOAN công nợ HD982,16.606.080,Trang,CT GREENGOOD,NPP,TCB CTY,,20251001-002,
01/10/2025,Chi,Chi phí nguyên vật liệu,TT công nợ tien mua hang cho CTY Le Cong,39.905.460,Trang,NCC VẸM ĐEN - LÊ CÔNG,NCC,TCB CTY,,20251001-003,
01/10/2025,Chi,Chi phí khác,Mua đồ đơm,35.000,Trang,Khác,Khác,Tiền mặt,,20251001-004,
01/10/2025,Chi,Hoa hồng,Tiền hoa hồng bếp trưởng buzza tháng 7/2025,680.000,Trang,khác,Khác,Tiền mặt,,20251001-005,
01/10/2025,Chi,Vận chuyển,Thanh toán tiền grab anh Trãi: giao 4 đơn: 2 lần VietArt + 1 thùng a Nhân + 1 thùng a Nghĩa + 200k tiền phí vận chuyển a Trãi trả cho thùng hàng saku kiếm gửi từ sài gòn về đà nẵng cho VietArt,480.000,Trang,khác,Khác,Tiền mặt,,20251001-006,
01/10/2025,KN,Doanh thu bán hàng,Giao hàng Cá Cờ Kiếm Saku + tuna saku,10.093.000,Trang,CT TNHH VIETART F&B,NH,TK KN,,20251001-007,
01/10/2025,KN,Doanh thu bán hàng,Giao hàng Râu bạch tuộc + Tôm Thẻ Lột + Bánh Takoyaki + Tuna Saku A,1.552.000,Trang,NH Uni Sushi,NH,TK KN,,20251001-008,
01/10/2025,KN,Doanh thu bán hàng,Giao hàng Vẹm Xanh Tách Vỏ ( PE),4.300.000,Trang,CT TNHH SƠN MAI VỊ BIỂN (MR NGỌC-NHA TRANG),NPP,TK KN,,20251001-009,
01/10/2025,KN,Doanh thu bán hàng,Giao hàng Tuna Saku A + Cá Cờ Kiếm Saku,3.411.000,Trang,MR THIÊN SS- NHA TRANG,NH,TK KN,,20251001-010,
01/10/2025,KN,Doanh thu bán hàng,Giao hàng Trứng Nhum AA 200g/khay,540.000,Trang,MR LEE MINH HEO - HN,KL,TK KN,,20251001-011,
01/10/2025,KN,Doanh thu bán hàng,Giao hàng Bạch tuộc tako + Phí Vận Chuyển,2.280.800,Trang,MS TUYỀN- THỦ ĐỨC,KL,TK KN,,20251001-012,
01/10/2025,KN,Doanh thu bán hàng,Giao hàng Bạch tuộc tako,1.314.000,Trang,NH YAKI YUM - NGUYỄN VĂN LỘC,NH,TK KN,,20251001-013,
01/10/2025,KN,Doanh thu bán hàng,Giao hàng Mực Nang sushi Sashimi (160g/ khay),1.102.500,Trang,"CT TNHH TISM & CO ( MR NAM- LA THÀNH,HN)",NH,TK KN,,20251001-014,
01/10/2025,KN,Doanh thu bán hàng,Giao hàng Loin lườn kiếm,1.881.600,Trang,CT LÊ GIA (MINORI CS2),NH,TK KN,,20251001-015,
01/10/2025,Thu,Doanh thu Bán hàng,A Thiên sushi thanh toán công nợ tháng 7,3.394.500,Trang,MR THIÊN SS- NHA TRANG,NH,TK Bé Tân,,20251001-016,
01/10/2025,Chi,Chi phí nguyên vật liệu,TT công nợ bé tân,3.394.500,Trang,NCC BÉ TÂN - VĨNH LƯƠNG,NCC,TK Bé Tân,,20251001-017,
01/10/2025,Thu,Doanh thu Bán hàng,Chị Tuyền thủ đức thanh toán công nợ,4.640.000,Trang,MS TUYỀN- THỦ ĐỨC,KL,TK Bé Tân,,20251001-018,
01/10/2025,Chi,Chi phí nguyên vật liệu,TT công nợ bé tân,4.640.000,Trang,NCC BÉ TÂN - VĨNH LƯƠNG,NCC,TK Bé Tân,,20251001-019,
01/10/2025,Thu,Doanh thu Bán hàng,Sushi O Ba thanh toán công nợ,12.552.000,Trang,SUSHI O BA,NH,TK Bé Tân,,20251001-020,
01/10/2025,Chi,Chi phí nguyên vật liệu,TT công nợ bé tân,12.552.000,Trang,NCC BÉ TÂN - VĨNH LƯƠNG,NCC,TK Bé Tân,,20251001-021,
01/10/2025,Thu,Doanh thu Bán hàng,Bà Minh Hà Tĩnh thanh toán công nợ,4.350.000,Trang,BÀ MINH- HÀ TĨNH,KL,TK Dung,,20251001-022,
01/10/2025,Thu,Doanh thu Bán hàng,A Giang vạn giã thanh toán công nợ,1.600.000,Trang,Mr GIANG- VẠN GIÃ,KL,Tk Ni,,20251001-023,
01/10/2025,Chi,Hoa hồng,Hoa hồng Ngọc Trâm đông phương: 880kg tako *3k,2.640.000,Trang,Khác,Khác,Tk Ngợi,,20251001-024,
01/10/2025,Nợ NCC,Chi phí nguyên vật liệu,Nhập hàng Bạch tuộc tươi,3.240.000,Trang,NCC BÉ TÂN - VĨNH LƯƠNG,NCC,TK Nợ NCC,,20251001-025,
01/10/2025,Nợ NCC,Chi phí nguyên vật liệu,Nhập hàng Nhum nguyên con (đvt: con),1.600.000,Trang,NCC NHUM ĐEN - QUANH BÙI,NCC,TK Nợ NCC,,20251001-026,
01/10/2025,Thu,Doanh thu Bán hàng,Anh Toàn DN thanh toán công nợ,6.350.000,Trang,MR TOÀN - ĐÀ NẴNG,KL,TK Dung,,20251001-027,
01/10/2025,KN,Doanh thu bán hàng,Giao hàng Kiếm steak + Phí Vận Chuyển,5.242.500,Trang,CT TNHH VẠN QUANG FOOD,NPP,TK KN,,20251001-028,
01/10/2025,KN,Doanh thu bán hàng,Giao hàng Trứng Nhum AA 200g/khay + Phí Vận Chuyển,6.350.000,Trang,MR TOÀN - ĐÀ NẴNG,KL,TK KN,,20251001-029,
01/10/2025,KN,Doanh thu bán hàng,Giao hàng Chả cá + Nhum nguyên con (đvt: con),10.360.000,Trang,CT TNHH MTV ĐẠT PHÚ NGUYÊN,NPP,TK KN,,20251001-030,
01/10/2025,KN,Doanh thu bán hàng,Giao hàng Bạch tuộc tako + Tuna Saku A + Nang roll,1.951.500,Trang,CT TNHH NH NAM SAN F&B (SUSHI NOWZOON),NH,TK KN,,20251001-031,
01/10/2025,KN,Doanh thu bán hàng,Giao hàng Bạch tuộc tako + Tuna Saku A,589.800,Trang,MR THUẬN- SG (NOWZOON),KL,TK KN,,20251001-032,
01/10/2025,Nợ NCC,Chi phí nguyên vật liệu,Nhập hàng Nhum nguyên liệu (đvt: con) + Bạch tuộc tươi,18.651.000,Trang,NCC KIM DUNG - NINH HÒA,NCC,TK Nợ NCC,,20251001-033,
01/10/2025,Nợ NCC,Chi phí nguyên vật liệu,Nhập hàng Chả cá,20.160.000,Trang,NCC CHẢ CÁ - CHỊ TUYẾT SƯƠNG - PY,NCC,TK Nợ NCC,,20251001-034,
01/10/2025,Nợ NCC,Chi phí nguyên vật liệu,Nhập hàng Nhum hũ + Bạch tuộc tươi,15.802.000,Trang,NCC NGUYỄN THỊ THU - PHÚ QUÝ,NCC,TK Nợ NCC,,20251001-035,
01/10/2025,Nợ NCC,Chi phí nguyên vật liệu,Nhập hàng Kiếm steak,8.500.000,Trang,CT TRƯỜNG THẢO - PY (TRƯỜNG),NCC,TK Nợ NCC,,20251001-036,
01/10/2025,Thu,Doanh thu Bán hàng,Vietart FB thanh toan công nợ chi phi mua 20.1kg ca co kiem saku,5.909.400,Trang,CT TNHH VIETART F&B,NH,TCB CTY,,20251001-037,
01/10/2025,Thu,Doanh thu Bán hàng,Ngọc Anh đà nẵng thanh toán công nợ,6.350.000,Trang,MS NGỌC ANH- ĐÀ NẴNG,KL,Tiền mặt,,20251001-038,
01/10/2025,Chi,Chi phí nguyên vật liệu,TT công nợ Nguyễn Thị Thu,6.350.000,Trang,NCC NGUYỄN THỊ THU - PHÚ QUÝ,NCC,Tiền mặt,,20251001-039,
01/10/2025,Chi,Chi phí nguyên vật liệu,Nhận 1 thùng nhum khay Đặng lý sơn gửi bãi ông tư,170.000,Trang,Khác,Khác,Tiền mặt,,20251001-040,
01/10/2025,Chi,Chi phí Sản xuất chung,Mua 15 bao đá bi,345.000,Trang,Khác,Khác,Tiền mặt,,20251001-041,
01/10/2025,Chi,Vận chuyển,Gửi 2 thùng cho Phương HN xe tài thắng,500.000,Trang,Khác,Khác,Tiền mặt,,20251001-042,
01/10/2025,Chi,Chi phí nguyên vật liệu,Nhận 2 thùng kiếm steak Trường py gửi,160.000,Trang,Khác,Khác,Tiền mặt,,20251001-043,
01/10/2025,Chi,Vận chuyển,Gửi 3 thùng DPN + 1 thùng cho A Toàn đn,350.000,Trang,Khác,Khác,Tiền mặt,,20251001-044,
01/10/2025,Chi,Vận chuyển,Gửi 1 thùng cho Vạn Quang Vĩnh Long,150.000,Trang,Khác,Khác,Tiền mặt,,20251001-045,
01/10/2025,Chi,Chi phí nguyên vật liệu,Nhận 1 thùng bạch tuộc a Tới phú Quý gửi xe Hà Linh,150.000,Trang,Khác,Khác,Tiền mặt,,20251001-046,
01/10/2025,Thu,Doanh thu Bán hàng,Anh Lee Minh Heo thanh toán công nợ,1.890.000,Trang,MR LEE MINH HEO - HN,KL,TK Bé Tân,,20251001-047,
01/10/2025,Chi,Chi phí nguyên vật liệu,TT công nợ Bé Tân,1.890.000,Trang,NCC BÉ TÂN - VĨNH LƯƠNG,NCC,TK Bé Tân,,20251001-048,
01/10/2025,Thu,Doanh thu Bán hàng,Sushi O Ba thanh toán công nợ hết tháng 9,23.382.000,Trang,SUSHI O BA,NH,TK Bé Tân,,20251001-049,
01/10/2025,Chi,Chi phí nguyên vật liệu,TT công nợ Bé Tân,23.382.000,Trang,NCC BÉ TÂN - VĨNH LƯƠNG,NCC,TK Bé Tân,,20251001-050,